codigo;descricao;preco_compra;preco_varejo;preco_atacado;diferenca;qtd_repos
02430;ABACATE CAT NIP;5,49;12,00;0,00;0,00;0
00185;AEROSSOL MATACURA 100ML;10,49;20,00;0,00;0,00;0
01981;AFASTA POMBO E MORCEGO;41,70;62,50;0,00;0,00;0
01704;AGAPORNIA;50,00;90,00;0,00;0,00;0
01235;AGEMOXI CL 250 MG;69,99;119,00;0,00;0,00;0
00859;AGUA COM GALAO 20 LITROS;18,50;36,00;0,00;0,00;0
00776;AGUA ENTREGA;7,00;13,00;0,00;0,00;0
00775;AGUA LOJA;7,00;11,00;0,00;0,00;0
01358;AIG NUTRPHARME;137,00;220,00;0,00;0,00;0
00435;ALANTOL BISNAGA 25G;43,11;71,50;0,00;0,00;0
00849;ALÃ+APAO PEQUENO;10,00;15,00;0,00;0,00;0
01724;ALCON COLOURS 10GR;7,70;14,50;0,00;0,00;0
00707;ALCON DU FISH GRANULADO 50 GR;7,10;12,50;0,00;0,00;0
00711;ALCON HOLIDAY 15 DIAS;7,12;12,00;0,00;0,00;0
02142;ALCON REPTOLIFE 30 G;8,50;14,90;0,00;0,00;0
00664;ALCON SPIRULINA 10 GR;4,75;7,60;0,00;0,00;0
01466;ALERGOCORT;9,27;17,50;0,00;0,00;0
01691;ALGICIDA DE CHOQUE 1LTR;18,81;48,50;0,00;0,00;0
02228;ALGICIDA MATUTENCAO DA GENCO;13,87;22,00;0,00;0,00;0
02114;ALGICIDA MULTIACAO 1LT HIDRO AZUL;19,50;45,50;0,00;0,00;0
00248;ALICATE DE CORTE DE UNHA MEDIO;14,99;23,00;0,00;0,00;0
01270;ALICATE DE CORTE PEQUENO DE UNHA;8,99;16,00;0,00;0,00;0
01743;ALICATE GUILHOTINA PQNO;13,98;23,00;0,00;0,00;0
02775;ALICATE PESCA;6,99;13,90;0,00;0,00;0
02144;ALICATE SOFT PEQUENO;19,69;33,00;0,00;0,00;0
01194;ALICATE UNHA GRANDE;16,90;27,00;0,00;0,00;0
01609;ALLAX 5ML;17,94;30,90;0,00;0,00;0
02061;ALMOFADA G;40,00;88,00;0,00;0,00;0
02209;ALMOFADA M;40,00;76,00;0,00;0,00;0
00773;ALMOFADA P;40,00;64,00;0,00;0,00;0
01152;AMITRAZ CARRAPATICIDA;4,99;9,50;0,00;0,00;0
01356;ANIMALISSIMO ACESSORIO PET -CANGURU;69,90;119,00;0,00;0,00;0
01237;ANTICLORO GRANDE 100ML;4,99;12,00;0,00;0,00;0
01803;ANZOL 2/0 MARE ALTA;1,68;2,90;0,00;0,00;0
02052;ANZOL 01 E 02 C/10 UNI;2,02;3,80;0,00;0,00;0
01344;ANZOL 4330 4/6/8/10/12 E 14;1,44;3,00;0,00;0,00;0
01802;ANZOL MAREALTA N 10 A 16;2,16;3,50;0,00;0,00;0
02086;ANZOL MARUSEIGO 16 C/ 10 UNID;2,70;5,50;0,00;0,00;0
02225;ANZOL MARUSEIGO N20;3,15;5,50;0,00;0,00;0
01850;ANZOL N2 C/10;1,80;3,00;0,00;0,00;0
01859;APOQUEL 5,4 MG - 20 COMPR.;126,96;126,96;0,00;0,00;0
02333;AQUARIO BETEIRA CUBO;20,00;46,00;0,00;0,00;0
01103;AQUARIO BETEIRA DIAMANTE E DELTA;22,50;52,00;0,00;0,00;0
00654;AQUARIO BETEIRA DUPLA;15,50;44,00;0,00;0,00;0
01224;AQUARIO BETEIRA PEQ;12,00;22,00;0,00;0,00;0
00701;AQUARIO BETEIRA PRISMA HEXAGONAL OU CASINHA;15,00;32,00;0,00;0,00;0
00895;AQUARIO BETEIRA TRIPLA;25,00;55,00;0,00;0,00;0
00600;AQUARIO BETTEIRA C/PEIXE;12,00;35,00;0,00;0,00;0
01312;AQUARIO RETANGULAR N1;25,00;44,00;0,00;0,00;0
01146;AQUARIO RETANGULAR N2;30,00;74,00;0,00;0,00;0
02270;AQUARIO RETANGULAR N3;35,00;82,00;0,00;0,00;0
02268;AQUARIO RETANGULAR N4;40,00;90,00;0,00;0,00;0
01145;AQUARIO RETANGULAR N5;55,00;110,00;0,00;0,00;0
01364;AQUARIO RETANGULAR N6;65,00;152,00;0,00;0,00;0
01302;AREIA BIOCAT 4 KG;9,26;15,00;0,00;0,00;0
02566;AREIA BIOCAT CAMPESTRE 10KG;31,93;47,90;0,00;0,00;0
01826;AREIA BIOCAT FINA CAMPESTRE 4KG;13,26;19,90;0,00;0,00;0
02336;AREIA BIOCAT FINA NATURAL 4 KG;11,93;18,00;0,00;0,00;0
02565;AREIA BIOCAT FLORAL 10KG;28,60;48,00;0,00;0,00;0
02526;AREIA BIOCAT FLORAL 4KG;13,26;19,90;0,00;0,00;0
00737;AREIA BIOCAT ORIGINAL 10KG;23,26;34,90;0,00;0,00;0
01911;AREIA BRANCA PARA PASSARO;4,50;6,50;0,00;0,00;0
01862;AREIA CARE CAT PERFUMADA;7,83;11,80;0,00;0,00;0
01544;AREIA CARECAT 4 KG;6,66;10,50;0,00;0,00;0
02478;AREIA CARECAT PERFUMADA 10 KG;23,32;43,00;0,00;0,00;0
01007;AREIA CARECAT TRAD 4KG;7,44;12,00;0,00;0,00;0
02337;AREIA CARECAT TRAD FINA 4 KG;7,18;11,00;0,00;0,00;0
01010;AREIA CARECAT TRAD FINA 4KG;6,50;11,00;0,00;0,00;0
01608;AREIA CARECAT TRADICIONAL 10 KG;17,70;34,50;0,00;0,00;0
02586;AREIA CARECAT TRADICIONAL FINA 10KG;17,89;31,50;0,00;0,00;0
02005;AREIA CAT LIFE DE MANDIOCA 4 KG;49,98;79,50;0,00;0,00;0
00525;AREIA CINZA P/PASSARO;3,35;4,50;0,00;0,00;0
02120;AREIA PIPICAT CLASSIC;11,00;18,50;0,00;0,00;0
01986;AREIA PURY CAT 4 KG;3,18;6,00;0,00;0,00;0
01824;ARGOLA PARA MORDER;10,76;17,50;0,00;0,00;0
01969;ARMADILHA DE DE BARATA;0,99;4,50;0,00;0,00;0
00253;ARRANHADOR GATO REDONDO GRANDE MASTER;39,90;72,00;0,00;0,00;0
00096;ARROZ COM CASCA CATETO;7,50;12,00;0,00;0,00;0
02152;ASA NUTRE ( TODOS) 250 GR;4,95;9,50;0,00;0,00;0
00714;ASA NUTRI COLEIRO C/400 G;5,95;10,50;0,00;0,00;0
00691;ASA NUTRI PASSARO PRETO;3,85;6,50;0,00;0,00;0
00121;ASA NUTRI SUPER FARINHADA VAREJO;11,20;20,00;0,00;0,00;0
02453;ASANUTRI FARINHADA ALTA PERFORMANCE VAREJO;23,28;38,00;0,00;0,00;0
02289;ASAPRIPICA MAMAO VAREJO;12,28;21,00;0,00;0,00;0
02230;ASATROPICA NATURAL GARRAFA 350 GR;13,15;21,00;0,00;0,00;0
02510;ASPIRADOR NETUNO;48,84;75,00;0,00;0,00;0
02235;ASPIRADOR NYLON HIDRASUL;56,10;93,90;0,00;0,00;0
00360;ATRATEX -G 25G GRANULADO;2,66;4,50;0,00;0,00;0
02084;AURIVET 13G;76,41;114,70;0,00;0,00;0
00101;AVEIA KG;5,04;11,50;0,00;0,00;0
01301;AVITRIN CANTO;13,96;23,00;0,00;0,00;0
01154;AVITRIN MUDA;13,93;24,00;0,00;0,00;0
00201;AZICOX-2 50MG;73,93;111,00;0,00;0,00;0
01017;B LINE NATURAL LIFE CORDEIRO 15 KG;127,77;188,00;0,00;0,00;0
00493;BANHEIRA PAS ACRILICA MEDIA;1,92;4,00;0,00;0,00;0
01582;BANHEIRA PAS C/ GANCHO PEQ CRISTAL;1,72;3,50;0,00;0,00;0
01648;BANHEIRA C/PULEIRO MEDIA;2,79;5,50;0,00;0,00;0
02148;BANHEIRA GATO GIGANTE;8,99;15,50;0,00;0,00;0
01537;BANHEIRA PAS C/GANCHO CRISTAL;2,61;5,00;0,00;0,00;0
00494;BANHEIRA PAS CRISTAL GRANDE;2,52;5,90;0,00;0,00;0
02020;BANHEIRA PAS GIGANTE;5,68;10,50;0,00;0,00;0
02218;BANHO A SECO NEUTRALIZADOR 500 ML;13,99;22,50;0,00;0,00;0
01019;BANHO A SECO XO GATINHO PET CLEAN 500ML;13,13;23,00;0,00;0,00;0
00461;BANNI 3 0,90ML;33,90;56,00;0,00;0,00;0
02929;BANQUETA DOBRAVEL 22CM;25,74;43,80;0,00;0,00;0
02930;BANQUETA DOBRAVEL 39CM;42,25;71,80;0,00;0,00;0
01960;BASTAO DE CALOPSITA;7,90;13,50;0,00;0,00;0
00570;BEBEDOURO AUTOMATICO PLATICO 3000;28,88;44,00;0,00;0,00;0
01919;BEBEDOURO CAO GARRAFA PET 500ML;4,32;8,90;0,00;0,00;0
00568;BEBEDOURO COM FILTRO AUTOMATICO 2,3 LTS;55,90;95,00;0,00;0,00;0
01363;BEBEDOURO DE BEIJA FLOR C/ BANDEJA E ANTI FOR;5,49;13,50;0,00;0,00;0
00486;BEBEDOURO DE BEIJA FLOR GRANDE;7,70;13,00;0,00;0,00;0
02041;BEBEDOURO DE BEIJA FLOR LUXO C/ CHAPEU E POLE;5,00;12,50;0,00;0,00;0
00835;BEBEDOURO DE BEIJA FLOR S/ BANDEJA;3,49;12,00;0,00;0,00;0
02082;BEBEDOURO DE FRANGO 2,5 LITROS;12,09;21,80;0,00;0,00;0
01958;BEBEDOURO DE HAMISTER GRANDE;7,20;16,00;0,00;0,00;0
00812;BEBEDOURO DE PINTO E CODORNA 800 ML;6,47;12,00;0,00;0,00;0
00475;BEBEDOURO DUPLO AUTOMATICO;4,92;9,99;0,00;0,00;0
00427;BEBEDOURO DUPLO LAMINADO 300ML;5,62;9,50;0,00;0,00;0
02116;BEBEDOURO E COMEDOURO AUT ZOOFRIENDS 4 LTS;25,99;42,00;0,00;0,00;0
00819;BEBEDOURO E COMEDOURO DE BILHA DUPLO;69,99;112,00;0,00;0,00;0
00918;BEBEDOURO FRANGO 2 LITROS;6,90;12,00;0,00;0,00;0
00837;BEBEDOURO FRANGO DE 1 LITRO;4,99;9,00;0,00;0,00;0
00502;BEBEDOURO GRANDE MALHA LARGA E FINA;1,76;4,00;0,00;0,00;0
02036;BEBEDOURO HAMISTER;5,71;11,00;0,00;0,00;0
00813;BEBEDOURO P/FRANGO 7,5 L;17,04;34,00;0,00;0,00;0
02341;BEBEDOURO PAS MEDIO;1,41;3,50;0,00;0,00;0
01111;BEBEDOURO PAS SABIA;3,59;8,50;0,00;0,00;0
00639;BEBEDOURO PELOS LONGO 800 ML;5,24;10,00;0,00;0,00;0
02136;BEBEDOURO PORTATIL ACQUA CAO AZUL;22,98;39,00;0,00;0,00;0
01449;BEBEDOURO PORTATIL GD;14,49;23,90;0,00;0,00;0
02106;BEBEDOURO PORTATIL PEQUENO;10,35;16,80;0,00;0,00;0
01031;BEBEDOURO TRANSPORTE TRINCAO;1,67;3,20;0,00;0,00;0
02402;BEEFLEX BIFINHO DE 500 GR;15,90;25,00;0,00;0,00;0
02604;BENEFLORA DERME PASTA;113,83;183,00;0,00;0,00;0
02335;BETEIRA DELTA;20,00;46,00;0,00;0,00;0
00748;BETTA;1,50;10,00;0,00;0,00;0
01690;BILIDOG FILHOTE 1 KG;6,58;12,00;0,00;0,00;0
02630;BILLY CAT CASTRADO 1KG;7,68;13,00;0,00;0,00;0
00901;BILLY CAT MIX 1KG;7,08;12,00;0,00;0,00;0
02632;BILLY CAT PEIXE 10,1 KG;56,35;88,00;0,00;0,00;0
00141;BILLY CAT SALMAO 1 KG;7,08;12,00;0,00;0,00;0
01102;BILLY CAT SALMAO 10,1 KG;56,35;88,00;0,00;0,00;0
01367;BILLY DOG RACAS PEQ 10 KG;59,68;89,50;0,00;0,00;0
01090;BILLYDOG RACAS PEQ 1 KG;7,08;12,00;0,00;0,00;0
02119;BILY CAT PEIXE 10,1;65,00;105,95;0,00;0,00;0
02580;BIOMAX CERAMICA 500;18,00;29,90;0,00;0,00;0
01369;BIOTRIN VET REPRODUTOR 20ML;4,02;9,99;0,00;0,00;0
02221;BISCOITO PET CROCK 250 GR DIVERSOS;6,27;12,00;0,00;0,00;0
01997;BISCOITO ROEDORES;7,90;13,50;0,00;0,00;0
01023;BISCROK ADULTO 1 KG;0,00;39,00;0,00;0,00;0
02077;BISCROK ADULTO 150G;5,07;10,50;0,00;0,00;0
01909;BLOCO MINEIRAL (CASCA DE OVO );1,67;4,00;0,00;0,00;0
02292;BOIA DE LAMBARI N 2 C/10;1,24;3,50;0,00;0,00;0
01008;BOIA DE LAMBARI N0 C/10;0,85;2,50;0,00;0,00;0
02066;BOIA LUMINOSA C/LED PILHA;9,72;17,00;0,00;0,00;0
00710;BOLA ALTERNATIVO PETISCO;12,90;20,90;0,00;0,00;0
02252;BOLA C/ GUIZO PEQ.;1,20;2,50;0,00;0,00;0
02062;BOLA C/4 UNIDADE;2,79;12,99;0,00;0,00;0
02217;BOLA COM GUIZO GRANDE;0,70;5,00;0,00;0,00;0
00969;BOLA CRAVO VINIL;1,75;7,00;0,00;0,00;0
00560;BOLA DE BORRACHA;4,54;7,00;0,00;0,00;0
01388;BOLA DE GUIZO 7 CM;9,68;15,50;0,00;0,00;0
01604;BOLA DE PELO - GATOS;4,26;7,50;0,00;0,00;0
02160;BOLA DE PELO QUATREE;6,35;9,00;0,00;0,00;0
02250;BOLA FISIOTERAPIA COLORIDA;1,80;4,00;0,00;0,00;0
02068;BOLA MACIÃ+A 60MM FURACAO;9,90;15,90;0,00;0,00;0
01164;BOLA MACICA MIXTA;2,96;6,50;0,00;0,00;0
02432;BOLA MODERNA C/ ESPINHO;14,80;23,80;0,00;0,00;0
02431;BOLA MULTICOR;9,38;15,00;0,00;0,00;0
01716;BOLA P/ RACAO;13,02;29,50;0,00;0,00;0
01905;BOLA ROPE BALL;5,33;8,50;0,00;0,00;0
01908;BOLA RUGBY UNIDADE;6,75;14,50;0,00;0,00;0
02633;BOLINHA CAT NIP;16,86;28,90;0,00;0,00;0
01205;BOLINHA GUISO GATO;1,19;2,00;0,00;0,00;0
01952;BOLSA PASSEIO NÂº03;0,00;64,00;0,00;0,00;0
01207;BOLSA PASSEIO P/CAO P;27,50;44,00;0,00;0,00;0
02489;BOMBA C/ FILTRO EXTERNO 160 LTS;48,99;90,00;0,00;0,00;0
02490;BOMBA C/FILTRO EXTERNO 250 LTS;52,99;99,00;0,00;0,00;0
02492;BOMBA C/FILTRO INTERNO 800 LTS IPF 080;69,99;140,00;0,00;0,00;0
00563;BOMBA FILTRO EXTERNO XP08 680L/H;89,99;170,00;0,00;0,00;0
02491;BOMBA FILTRO INTERNO 500 LTS PF 060;48,99;110,00;0,00;0,00;0
00316;BOMBA SUBMERSA /FONTE PF 338 300L/H;40,99;70,00;0,00;0,00;0
01983;BOMBA SUBMERSA 1020 LTS;69,99;128,00;0,00;0,00;0
02487;BOMBA SUBMERSA 200 LTS;34,99;70,00;0,00;0,00;0
01522;BOMBA SUBMERSA 200 LTS MASTER;72,00;123,00;0,00;0,00;0
00770;BOMBA SUBMERSA 450 LTS COD 448;52,99;98,00;0,00;0,00;0
02488;BOMBA SUBMERSA 720 LTS COD 728;67,99;122,50;0,00;0,00;0
02006;BOMBA SUBMERSA/FONTE 220LTS PF 228;36,99;65,00;0,00;0,00;0
01783;BONIFICADO;2,76;11,28;0,00;0,00;0
00562;BORRIFADOR PET MILLA;6,80;17,90;0,00;0,00;0
03122;BOTA VULCABRAS C/ SOLA AMARELA N 42;39,99;39,99;0,00;0,00;0
03070;BRINQ RAPOSA C/ CORDA;15,75;28,50;0,00;0,00;0
03068;BRINQ TUIM PATO;13,50;27,50;0,00;0,00;0
02539;BRINQQUEDO ARGOLA C/POMPOM;3,98;11,00;0,00;0,00;0
02054;BRINQUEDO CALOPSITA REDONDO;3,60;22,00;0,00;0,00;0
01593;BRINQUEDO COM FITA COLORIDA COD 7865;7,65;15,50;0,00;0,00;0
02220;BRINQUEDO DE ARGOLA PERIQ.;2,92;9,00;0,00;0,00;0
00772;BRINQUEDO DE CALOPSITA SIMPLES;3,60;13,00;0,00;0,00;0
01292;BRINQUEDO DE CORDA (VARIOS);13,97;23,80;0,00;0,00;0
02072;BRINQUEDO DE GATO VARA;7,36;12,00;0,00;0,00;0
02376;BRINQUEDO DE PELUCIA TODOS;16,66;26,00;0,00;0,00;0
00543;BRINQUEDO DIVERSOS;4,99;9,00;0,00;0,00;0
01760;BRINQUEDO IGUANA SAVANA;6,99;0,00;0,00;0,00;0
01191;BRINQUEDO IMPERATIVO QI;37,80;60,00;0,00;0,00;0
01115;BRINQUEDO JOANA, ABELHA E SIRI;10,23;18,90;0,00;0,00;0
02183;BRINQUEDO MACACO E SAPO DE PELUCIA;22,49;33,50;0,00;0,00;0
00982;BRINQUEDO PEIXE E TUBARAO;9,49;14,20;0,00;0,00;0
01870;BRINQUEDO PETISCO NATURAL WEGGS SABORES;5,99;9,60;0,00;0,00;0
01791;BRINQUEDO ROPE BAT;9,69;17,50;0,00;0,00;0
02557;BRINQUEDO ROPE CATCHBALL;8,52;13,70;0,00;0,00;0
02435;BRINQUEDO ROPE NO;2,76;5,00;0,00;0,00;0
02314;BRINQUEDO ROPO COIN;4,92;8,00;0,00;0,00;0
00126;BULVITAN PLUS 120ML;29,40;45,00;0,00;0,00;0
01948;CAIXA DE LARVA MEDIA;21,67;36,80;0,00;0,00;0
00796;CALCINHA DESCARTAVEL C/ 3 QUALQUER TAMANHO;7,48;12,99;0,00;0,00;0
02593;CALD-MIX;37,71;75,00;0,00;0,00;0
00965;CALOPSITA;45,00;100,00;0,00;0,00;0
02387;CALOPSITA SUPRA MIX 500G;3,89;8,00;0,00;0,00;0
02419;CAMA BLUCAO LUXO;85,57;145,50;0,00;0,00;0
03163;CAMA EUROPA N1;19,98;29,00;0,00;0,00;0
03164;CAMA EUROPA N2;19,98;32,00;0,00;0,00;0
03165;CAMA EUROPA N3;19,98;40,00;0,00;0,00;0
03166;CAMA EUROPA N4;19,98;49,90;0,00;0,00;0
03167;CAMA EUROPA N5;19,98;59,90;0,00;0,00;0
01950;CAMA LUXO ROSA N1;58,66;93,90;0,00;0,00;0
01927;CAMA LUXO ROSA N2;58,66;99,90;0,00;0,00;0
00688;CAMA LUXO ROSA N3;58,66;106,00;0,00;0,00;0
00689;CAMA NUVEM REDONDA M;62,21;105,90;0,00;0,00;0
02635;CAMA NUVEM REDONDA P;32,66;58,90;0,00;0,00;0
01901;CAMARAO PREMIUM 6,5 CM;2,29;3,90;0,00;0,00;0
01902;CAMARAO PREMIUM 7,5CM;2,42;4,50;0,00;0,00;0
01618;CAMARAO VAREJO;2,00;4,50;0,00;0,00;0
00924;CANARIO BELGA;50,00;120,00;0,00;0,00;0
01458;CANARIO BELGA CANTANDO;0,20;150,00;0,00;0,00;0
01445;CANARIO BELGA FILHOTE;25,00;60,00;0,00;0,00;0
02324;CANECA COM GANCHO PEQUENA;3,25;6,00;0,00;0,00;0
00789;CANECA DE PAPAGAIO GRANDE;4,98;14,50;0,00;0,00;0
00788;CANECA DE PAPAGAIO MEDIA;4,32;11,00;0,00;0,00;0
00787;CANECA DE PAPAGAIO PEQ;4,06;6,00;0,00;0,00;0
02325;CANECA MEDIA COM GANCHO;4,32;7,50;0,00;0,00;0
01752;CANEX COMPOSTO;3,99;10,00;0,00;0,00;0
02281;CANEX ORIGINAL;3,00;9,00;0,00;0,00;0
00892;CANJIQUINHA 15 KG;35,00;57,00;0,00;0,00;0
00112;CANJIQUINHA VAREJO;2,81;4,50;0,00;0,00;0
00891;CANTORIL;9,79;20,00;0,00;0,00;0
02647;CAPA DE CHUVA PET GG;29,71;50,00;0,00;0,00;0
02648;CAPA DE CUVA TAMANHO G;27,12;45,00;0,00;0,00;0
01568;CAPA DE GAIOLA;19,00;32,00;0,00;0,00;0
01566;CAPA DECORADA OU DOIS FECHOS;19,00;32,00;0,00;0,00;0
03074;CAPACHO FIBRA DE COCO 30CM X 60CM SORTIDO;15,20;15,20;0,00;0,00;0
02149;CARPROFENO IBASA 75MG;49,27;89,00;0,00;0,00;0
00899;CARPROFLAN 100MG AGENER;92,83;129,00;0,00;0,00;0
01514;CARPROFLAN 25M AGENER;56,00;84,00;0,00;0,00;0
01285;CARPROFLAN 75MG AGENER;77,93;116,00;0,00;0,00;0
01286;CARPROVET 100MG;62,50;100,00;0,00;0,00;0
02206;CARPROVET 25MG;25,28;56,00;0,00;0,00;0
00905;CARPROVET 75MG;35,90;70,00;0,00;0,00;0
00682;CARVAO 2,5 KG;9,00;13,00;0,00;0,00;0
01967;CARVAO ATIVADO TROPICLEN 220G;16,99;28,90;0,00;0,00;0
01987;CASA DE HAMISTER;8,00;12,80;0,00;0,00;0
02004;CASA PLASTICA N2;39,90;64,00;0,00;0,00;0
01930;CASA STONE N1;21,06;42,00;0,00;0,00;0
00289;CASA STONE N2;21,00;53,00;0,00;0,00;0
00631;CASA STONE N3;58,51;97,00;0,00;0,00;0
01929;CASA STONE N4;105,59;170,00;0,00;0,00;0
01345;CASA STONE N5;176,21;260,00;0,00;0,00;0
02350;CASINHA DE HAMSTER;8,99;16,50;0,00;0,00;0
01759;CAT NIP C/ 2 TUBOS DE 5G;12,27;20,90;0,00;0,00;0
02251;CAT TOY INTELIGENTE;19,80;32,90;0,00;0,00;0
01058;CC 2030 SACO 1KG;22,20;34,00;0,00;0,00;0
01622;CEFAWOORD 600MG;37,59;68,00;0,00;0,00;0
02392;CEFAWORLD 150MG;22,40;35,90;0,00;0,00;0
02226;CEFAWORLD 300MG;24,58;44,50;0,00;0,00;0
01268;CELESPORIM 150 MG;53,54;85,70;0,00;0,00;0
01659;CHEMITAL PUPPY 20 ML;18,49;40,00;0,00;0,00;0
00719;CHICOTE 0,60 C/ 5;2,96;5,50;0,00;0,00;0
00715;CHICOTE C/ANZOL 12/14/16;2,99;4,50;0,00;0,00;0
00724;CHICOTE COMUM C/5 0,30 / 0,40 E 0,50;2,54;4,50;0,00;0,00;0
00368;CHICOTE DE BAIACU C/3 HASTES;4,78;7,20;0,00;0,00;0
01179;CHURU C/4;19,90;35,00;0,00;0,00;0
00619;CHURU UNIDADE;5,10;8,00;0,00;0,00;0
02132;CINTO DE SEGURANÃ+A DA CHALESCO;22,69;36,50;0,00;0,00;0
02038;CITRONELA PROCANINE 500 ML;12,99;24,00;0,00;0,00;0
01515;CLORADOR FLUTUADOR GRD;23,90;50,80;0,00;0,00;0
02356;CLORADOR MARGARIDA M;23,95;36,00;0,00;0,00;0
00847;CLORO BOMBA 6 LTS;4,95;12,00;0,00;0,00;0
01275;CLORO 2 LTS GARRAFA;1,70;3,50;0,00;0,00;0
00745;CLORO ATCLORO VAREJO 1KG;17,70;30,00;0,00;0,00;0
02332;CLORO FAZ HIDROAZUL 4X1 BALDE 10KG;199,97;290,00;0,00;0,00;0
00975;CLORO PASTILHA UNIDADE;0,70;3,00;0,00;0,00;0
00751;CLORO SMART MULTI AÃ+AO 7,5KG;132,00;198,00;0,00;0,00;0
00628;CLORO ULTRACLOR FACIL 3 EM 1;159,49;240,00;0,00;0,00;0
01846;COBERTOR SOFT ESTAMPADO PEQ;19,90;34,00;0,00;0,00;0
01350;COCCIDEX AARAO AVES C/ UNIDADE;2,22;4,00;0,00;0,00;0
00942;COCCINOM 1 COMPRIMIDOS;1,66;4,00;0,00;0,00;0
01687;CODORNA;56,94;79,90;0,00;0,00;0
01076;COELHO 20KG;54,05;77,00;0,00;0,00;0
00078;COELHO VAREJO;2,70;4,60;0,00;0,00;0
02016;COLAR CHATO 3,5X50CM;10,90;18,50;0,00;0,00;0
02173;COLAR CHATO 3,5X70 CM;13,90;24,00;0,00;0,00;0
00994;COLAR ELIZABETANO C/VELCRO N7;30,28;49,50;0,00;0,00;0
01066;COLAR ELIZABETANO P/ GATO;10,55;16,50;0,00;0,00;0
01922;COLAR ELO CHATO DUPLO 3,5X70 CM;28,63;48,90;0,00;0,00;0
02017;COLAR REDONDO 3,5 X 60 CM;8,32;14,00;0,00;0,00;0
02018;COLAR REDONDO 4,0 X 60 CM;10,35;17,80;0,00;0,00;0
01963;COLCHONETE COM ZIPER TECIDO;17,90;35,00;0,00;0,00;0
01964;COLCHONETE G;37,47;73,50;0,00;0,00;0
01965;COLCHONETE GG;37,50;79,90;0,00;0,00;0
00228;COLCHONETE LAVAVEL GUSTAVO GG;28,40;95,00;0,00;0,00;0
01370;COLCHONETE LAVAVEL OXFORD G;16,50;37,90;0,00;0,00;0
00385;COLCHONETE LAVAVEL OXFORD M;16,50;34,90;0,00;0,00;0
01684;COLCHONETE LAVAVEL OXFORD P;16,50;31,90;0,00;0,00;0
01658;COLCHONETE LAVAVEL OXFORD PP;16,50;29,90;0,00;0,00;0
01962;COLCHONETE P SOLT E CORINO;23,99;43,50;0,00;0,00;0
02598;COLCHONETE SOFT/CORINO ESTAMPADO P CLUB;23,99;48,00;0,00;0,00;0
01713;COLCHONETE TOP KING G;25,00;65,00;0,00;0,00;0
01787;COLCHONETE TOP KING RAFAEL M;25,00;49,90;0,00;0,00;0
01407;COLCHONETE TOP KING RAFAEL P;25,00;34,00;0,00;0,00;0
01542;COLEIRA C/ GUIA;3,80;11,50;0,00;0,00;0
01933;COLEIRA COURO N10;12,26;25,00;0,00;0,00;0
01637;COLEIRA COURO N2;2,88;6,00;0,00;0,00;0
00284;COLEIRA COURO N4;4,67;9,00;0,00;0,00;0
02169;COLEIRA COURO N8;9,92;19,00;0,00;0,00;0
01845;COLEIRA COURO NUMERO 7;13,90;27,50;0,00;0,00;0
00404;COLEIRA COURO NUMERO 8;13,90;27,50;0,00;0,00;0
01372;COLEIRA COURO NUMERO 9;16,90;33,00;0,00;0,00;0
00296;COLEIRA FREE DOG CARRAPATO GATO E CAO;6,60;11,90;0,00;0,00;0
01354;COLEIRA LEO N 5 REFORCADA;6,60;13,00;0,00;0,00;0
01049;COLEIRA LEO N3;2,60;6,00;0,00;0,00;0
01971;COLEIRA LEO N6 REFORCADA;7,00;14,00;0,00;0,00;0
00171;COLEIRA LEO N9 REFORCADA;9,50;19,50;0,00;0,00;0
02162;COLEIRA NILON DUPLO PAO PASTOR;15,95;27,00;0,00;0,00;0
01149;COLEIRA NYLON POLIESTER REFORCADA;3,46;10,50;0,00;0,00;0
01923;COLEIRA NYLON REFORÃ+ADA GROSSA;4,09;14,50;0,00;0,00;0
00123;COLEIRA POLIESTE PREMIUM N2;3,28;7,00;0,00;0,00;0
01801;COLEIRA POLIESTER FECHO PLASTICO;3,51;7,20;0,00;0,00;0
00168;COLEIRA POLIESTER PREMIUM N5;4,95;10,00;0,00;0,00;0
01546;COLEIRA REFORCADA 40 N8,N9 E N10;13,00;29,00;0,00;0,00;0
02208;COLONIA DEO COLONIA;9,86;16,50;0,00;0,00;0
01840;COLONIA REX ( VARIOS );11,32;20,00;0,00;0,00;0
00215;COMEDOURO ALUMINIO PESADO GRANDE;23,75;40,50;0,00;0,00;0
02104;COMEDOURO ALUMINIO PESADO MINI PEQ;7,50;12,90;0,00;0,00;0
00213;COMEDOURO ALUMINIO PESADO PQ;14,17;24,00;0,00;0,00;0
00225;COMEDOURO CALOPSITA AÃ+O BRANCO;17,00;28,00;0,00;0,00;0
00780;COMEDOURO PLAST PLUS PEQUENO;9,36;15,90;0,00;0,00;0
01710;COMEDOURO 2 FURO COLEIRO C/ GANCHO;2,61;5,50;0,00;0,00;0
01396;COMEDOURO 2 FUROS COLORIDO;1,58;4,00;0,00;0,00;0
01781;COMEDOURO AJUSTAVEL INOX CHALESCO;123,04;203,00;0,00;0,00;0
02511;COMEDOURO ALUMINIO GIGANTE;28,00;47,60;0,00;0,00;0
01866;COMEDOURO ALUMINIO PESADO FILHOTE 350 ML;7,49;12,80;0,00;0,00;0
00214;COMEDOURO ALUMINIO PESADO MEDIO;21,25;36,50;0,00;0,00;0
00569;COMEDOURO ANTI DERRAPANTE 500ML;4,19;7,20;0,00;0,00;0
00920;COMEDOURO ANTI FORMIGA GRANDE;6,07;13,50;0,00;0,00;0
01392;COMEDOURO ANTIFORMIGA 900 ML;8,77;16,00;0,00;0,00;0
01523;COMEDOURO AUTO SERTAO ITALIANO;3,98;7,00;0,00;0,00;0
02551;COMEDOURO AVES N 3 CHALESCO;13,81;23,00;0,00;0,00;0
01170;COMEDOURO CALOPSITA JET PLAST;11,23;19,50;0,00;0,00;0
00622;COMEDOURO CANARIO BELGA;1,76;4,00;0,00;0,00;0
02638;COMEDOURO CARA DE CACHORRO 1;8,88;17,00;0,00;0,00;0
02631;COMEDOURO CARA DE CACHORRO 2;11,85;24,00;0,00;0,00;0
02352;COMEDOURO CARA DE CACHORRO DUPLO N2;13,49;27,00;0,00;0,00;0
01473;COMEDOURO DE ALUMINIO GIGANTE;28,33;48,00;0,00;0,00;0
02113;COMEDOURO DE ALUMINIO GIGANTE 2800ML;25,99;45,00;0,00;0,00;0
01156;COMEDOURO DE AVE 1 INOX CHALESCO;11,62;19,90;0,00;0,00;0
02476;COMEDOURO DE AVES INOX 4 CHALESCO;13,81;23,50;0,00;0,00;0
01841;COMEDOURO DE PLASTICO HAMISTER;0,89;3,00;0,00;0,00;0
00212;COMEDOURO DUPLO CARA DE GATO N3;17,49;34,00;0,00;0,00;0
01391;COMEDOURO DUPLO COM GARRAFA PET 700 ML;6,24;12,50;0,00;0,00;0
01165;COMEDOURO DUPLO DE PATINHA 1000 ML;5,54;10,00;0,00;0,00;0
01487;COMEDOURO DUPLO GARRAFA PET ANTI FORMIGA;6,24;12,50;0,00;0,00;0
01314;COMEDOURO DUPLO INOX 1;21,25;34,00;0,00;0,00;0
01313;COMEDOURO DUPLO INOX 2;25,76;44,00;0,00;0,00;0
01315;COMEDOURO DUPLO INOX 3;35,16;60,00;0,00;0,00;0
00673;COMEDOURO DUPLO INOX 4;52,45;89,50;0,00;0,00;0
01382;COMEDOURO DUPLO PEQ;4,99;9,00;0,00;0,00;0
00432;COMEDOURO DUPLO TA NA MESA;36,75;66,00;0,00;0,00;0
00738;COMEDOURO DUPLO VARIAS CORES;4,99;10,00;0,00;0,00;0
00330;COMEDOURO E BEBDOURO PELOS LONGOS MMP PET;39,80;80,00;0,00;0,00;0
02348;COMEDOURO E BEBEDOURO AUT PRATICO 3 LTS;22,99;44,00;0,00;0,00;0
02639;COMEDOURO E BEBEDOURO DE INOX COM GANCHO N1;8,81;16,00;0,00;0,00;0
02640;COMEDOURO E BEBEDOURO DE INOX COM GANCHO N2;12,45;24,00;0,00;0,00;0
02641;COMEDOURO E BEBEDOURO DE INOX COM GANCHO N3;16,51;34,00;0,00;0,00;0
01380;COMEDOURO EDUCATIVO ANT STRESS;6,99;16,00;0,00;0,00;0
01169;COMEDOURO FILHOTE 300ML ANTIFORMIGA;3,90;6,90;0,00;0,00;0
01043;COMEDOURO FRANGO 2 KG;7,99;16,50;0,00;0,00;0
00337;COMEDOURO FUN COLOR 120 ML BOLINHA;6,59;11,20;0,00;0,00;0
01891;COMEDOURO GARFIEL 100 ML;2,45;5,00;0,00;0,00;0
02349;COMEDOURO GATO 160ML GATO;2,11;4,50;0,00;0,00;0
00334;COMEDOURO GATO ACRILICO 160ML;2,59;6,00;0,00;0,00;0
00232;COMEDOURO GATO ALTO ANTIFORMIGA 130ML;4,99;9,99;0,00;0,00;0
01381;COMEDOURO GLITTER FILHOTE 300ML;3,99;8,00;0,00;0,00;0
00832;COMEDOURO GLITTER GRANDE 1900ML;8,99;18,00;0,00;0,00;0
00680;COMEDOURO GLITTER MEDIO 1000ML;6,42;13,00;0,00;0,00;0
02002;COMEDOURO KIT C/ SUPORTE BLACK/CRISTAL;13,90;22,50;0,00;0,00;0
01365;COMEDOURO MADEIRA C/ PULEIRO M;2,12;9,50;0,00;0,00;0
02575;COMEDOURO MELANINA 1 180ML CHALESCO;10,79;18,00;0,00;0,00;0
02576;COMEDOURO MELANINA 2 360ML CHALESCO;19,12;31,00;0,00;0,00;0
00224;COMEDOURO NEON FILHOTE 300 ML;3,82;8,50;0,00;0,00;0
00231;COMEDOURO NEON GATO 160 ML;2,48;5,50;0,00;0,00;0
01394;COMEDOURO NEON GRANDE 1900ML;9,43;23,50;0,00;0,00;0
01384;COMEDOURO NEON MEDIO 1000ML;6,49;13,50;0,00;0,00;0
01890;COMEDOURO PATINHA 1000 ML;3,58;10,90;0,00;0,00;0
00922;COMEDOURO PATINHA 1900 ML;2,99;14,80;0,00;0,00;0
00919;COMEDOURO PATINHA GDE 2750 ML (COLORIDOS);6,40;14,99;0,00;0,00;0
00226;COMEDOURO PATINHAS FILH 300 AZUL PET AZUL;1,50;3,00;0,00;0,00;0
02355;COMEDOURO PATINHAS GRANDE;7,99;16,00;0,00;0,00;0
00396;COMEDOURO PATINHAS PEQUENO 300 ML;2,68;6,50;0,00;0,00;0
00505;COMEDOURO PET PLASTICO 300 ML;9,56;16,50;0,00;0,00;0
02354;COMEDOURO PLAST PLUS GRANDE;12,96;22,00;0,00;0,00;0
01807;COMEDOURO PLASTICO COLORIDO HAMSTER;0,80;3,00;0,00;0,00;0
01389;COMEDOURO SIMPLES 1000 ML;4,55;12,50;0,00;0,00;0
00203;COMEDOURO SIMPLES 300 ML;2,00;6,50;0,00;0,00;0
02342;COMEDOURO SIMPLES 500ML;3,55;9,00;0,00;0,00;0
01166;COMEDOURO SINGLE B1 300 ML;2,90;6,00;0,00;0,00;0
01377;COMEDOURO SINGLE B2 500 ML;4,70;9,99;0,00;0,00;0
01839;COMEDOURO SLIM COMA MELHOR;9,99;16,00;0,00;0,00;0
01383;COMEDOURO TUBULAR 2 KGP/ FRANGO;8,79;14,50;0,00;0,00;0
01892;COMEDOURO VERDE C/PULEIRO PEQNO;1,92;4,80;0,00;0,00;0
02378;COMFORTIS 140 MG 2,3 A 4,5;26,44;34,00;0,00;0,00;0
00713;COMFORTIS 560MG DE 9 A 18 KG;32,57;42,00;0,00;0,00;0
00818;COMIDA DE PEIXE;0,29;5,00;0,00;0,00;0
00279;COMIDA DE PEIXE BETTA SACO;1,00;6,00;0,00;0,00;0
01998;COMIDA DE PEIXE LAGO VAREJO;3,00;6,00;0,00;0,00;0
01973;COMIDA DE PEIXE PRO MARINE CARTELA PCT;2,97;6,00;0,00;0,00;0
00759;CONDICIONADOR PET CLEAN 500ML;10,39;18,00;0,00;0,00;0
02482;CONDROTON 500MG;123,40;185,50;0,00;0,00;0
02197;CONJ PANELAS ANTIADER 5PC PANELUX - REF 05152;190,83;190,83;0,00;0,00;0
02296;COPROX ANTICOPROFAGICO 60G;37,20;57,00;0,00;0,00;0
01490;COQUEIRO ENFEITE 12X10;3,99;8,00;0,00;0,00;0
00636;CORDONA VAREJO;1,50;2,50;0,00;0,00;0
00309;CORRENTE N 1;11,37;23,00;0,00;0,00;0
00572;CORRENTE N 3;7,05;14,00;0,00;0,00;0
00311;CORRENTE N 4;5,87;13,50;0,00;0,00;0
00312;CORRENTE N 6;3,75;8,50;0,00;0,00;0
00574;CORRENTE N 8;3,09;6,50;0,00;0,00;0
01580;CORRENTE N2/0;14,62;29,00;0,00;0,00;0
01297;CORT VET PET CAIXA 0,5 MG;9,99;24,99;0,00;0,00;0
02574;CORTADOR DE UNHA CHALESCO 70130;18,72;31,00;0,00;0,00;0
02498;CORTADOR DE UNHA CHALESCO GUILHOTINA;13,86;24,00;0,00;0,00;0
02497;CORTADOR DE UNHA CORT SOFT;22,50;37,00;0,00;0,00;0
02075;CORTADOR DE UNHA DE GATO PEQUENO;11,21;18,00;0,00;0,00;0
00350;CORTADOR DE UNHA GATO GRANDE;13,50;22,00;0,00;0,00;0
01414;CREDELI GATO 2,1 A 8,0 KG;41,92;63,00;0,00;0,00;0
00277;CRESCIMENTO;49,56;70,00;0,00;0,00;0
00079;CRESCIMENTO KG;2,38;4,00;0,00;0,00;0
02486;CRIADEIRA DE BETTA;21,99;36,00;0,00;0,00;0
02240;CUPINICIDA 1000 ML KELLDRIN;34,90;70,00;0,00;0,00;0
01780;CURRUPIAO MIX 400 GR;9,55;16,50;0,00;0,00;0
01448;DANES SUPER PREMIUM 15KG;135,00;180,00;0,00;0,00;0
01254;DANETTRIL 50MG;10,00;23,50;0,00;0,00;0
01821;DEDEIRA 2 UNIDADE;4,99;9,00;0,00;0,00;0
02381;DEFENSYN SUPLEMENTO;7,28;14,00;0,00;0,00;0
02584;DEMEVERT 30 CAPSULAS;32,51;53,00;0,00;0,00;0
02434;DENTAL BONE GR;5,87;9,50;0,00;0,00;0
02436;DENTAL BONE MD;5,84;9,50;0,00;0,00;0
02181;DENTALIFE RAÃ+ PEQ 18G;4,63;7,80;0,00;0,00;0
01875;DERMOTRAT AEROSOL 110 ML;97,14;161,00;0,00;0,00;0
02035;DERMOTRAT CREME 20 GR;83,15;125,00;0,00;0,00;0
00848;DESEMBARACANTE E HIDRATANTE VETS 250 ML;23,75;38,00;0,00;0,00;0
00804;DESEMBARACANTE PROPREMIUM 500ML;19,90;38,99;0,00;0,00;0
01172;DESEMBOLADOR CABO MAD/PLAS;14,50;22,50;0,00;0,00;0
00395;DESINFETANTE 2 LITROS;1,90;4,50;0,00;0,00;0
01404;DESINFETANTE UFE CREOLINA;12,97;23,50;0,00;0,00;0
02141;DEXAVET 20 COMPLIDOS;6,59;14,00;0,00;0,00;0
03136;DIMY 04-14-08 120ML;7,45;14,90;0,00;0,00;0
03139;DIMY 04-14-08 500G;7,99;15,00;0,00;0,00;0
01814;DIMY 10-10-10 120ML;7,74;14,90;0,00;0,00;0
03138;DIMY 10-10-10 500MG;7,49;15,00;0,00;0,00;0
03137;DIMY TEMPEROS E HORTAS 120ML;7,45;14,90;0,00;0,00;0
02339;DISPENSER DE SEMENTE 4 DIVISORIAS;5,50;11,00;0,00;0,00;0
00652;DOG CHOW ADULTO FR&ARROZ TDS PORTES 15KG;116,45;176,50;0,00;0,00;0
00729;DOG CHOW ADULTO RACAS PQ CARNE&ARROZ 15KG;120,99;179,50;0,00;0,00;0
00012;DOG CHOW ADULTO RP VAREJO;8,78;14,50;0,00;0,00;0
00036;DOG CHOW FILHOTE VAREJO;9,29;15,30;0,00;0,00;0
02404;DOG CHOW RACAS PEQ 1 KG;18,30;24,70;0,00;0,00;0
00308;DOLEMIL POMADA 10GR;17,99;34,00;0,00;0,00;0
01494;DORMINHOCO E LUXO UNI.;2,47;4,99;0,00;0,00;0
00906;DORMINHOCO FRONTAL DUPLO 19 CM;3,65;8,00;0,00;0,00;0
00389;DOXICICLINA 80 MG;22,01;38,00;0,00;0,00;0
01317;DOXIFIN DE 200 MG 1 CARTELA;14,81;49,00;0,00;0,00;0
00131;DOXINEW 100MG;21,96;44,80;0,00;0,00;0
01849;DOXINEW 200MG;34,01;57,00;0,00;0,00;0
01316;DOXINEW 50MG;17,77;33,70;0,00;0,00;0
00132;DOXITABS 100MG CARTELA;22,91;39,00;0,00;0,00;0
00677;DOXITABS 200MG CARTELA;33,54;52,50;0,00;0,00;0
00173;DOXITRAT 200 MG COM 24 COMPRIMIDOS;92,33;152,50;0,00;0,00;0
00989;DOXITRAT 80 MG;16,90;30,00;0,00;0,00;0
02124;DREAMIES PETISCO PEDIGREE 80 G;4,03;6,50;0,00;0,00;0
01643;DRONTAL PLUS 10 KG;24,96;43,00;0,00;0,00;0
02454;DRONTAL PLUS 35 KG;61,04;91,50;0,00;0,00;0
02123;DRONTAL PUPPY 20ML;55,22;90,00;0,00;0,00;0
01652;DUOTRIL 10 COMPLIMIDO 50 MG CARTELA;12,22;21,00;0,00;0,00;0
01653;DUOTRILL 150 MG C/ 10 COMPRIMIDO (CARTELA);27,80;45,00;0,00;0,00;0
02731;EDUCADOR DE MORDIDAS 150ML/120G;12,48;22,00;0,00;0,00;0
02596;EDUCADOR MORDIDA NO BITE AMORGO;9,89;18,90;0,00;0,00;0
01736;ELASTRICOT;2,86;5,00;0,00;0,00;0
02479;EMDEDRON 10MG;64,90;97,50;0,00;0,00;0
00880;EMEZIM 30ML HOMEOPATIA;58,33;83,00;0,00;0,00;0
01078;ENCASTROADOR 10 CM C/ 10;4,41;7,00;0,00;0,00;0
01656;ENFEITE;8,99;15,00;0,00;0,00;0
00259;ENFEITE CARAVELA MEDIA;8,49;15,50;0,00;0,00;0
01070;ENFEITE ANEMOLA;7,99;14,50;0,00;0,00;0
00436;ENFEITE AQUARIO ( FAROL, CANHAO, FONTE E NAO;15,80;25,50;0,00;0,00;0
02012;ENFEITE AQUARIO BARCO A VELA;19,90;31,90;0,00;0,00;0
00687;ENFEITE BOIA DIVERSOS;9,60;23,50;23,50;0,00;0
00746;ENFEITE CARAVELA B092;7,89;12,00;0,00;0,00;0
02147;ENFEITE COQUEIRO N1;4,89;9,00;0,00;0,00;0
01289;ENFEITE COQUEIRO N2;6,89;12,50;0,00;0,00;0
01552;ENFEITE COQUEIRO N3;8,89;16,00;0,00;0,00;0
01790;ENFEITE DE BARCO ENCALHADO B006;18,00;29,00;0,00;0,00;0
00317;ENFEITE DE BAU MEDIO Y122;19,89;29,50;0,00;0,00;0
00661;ENFEITE DE CAVEIRA;18,95;29,00;0,00;0,00;0
02145;ENFEITE MOITA CAPIM;6,92;13,99;0,00;0,00;0
02146;ENFEITE PLANTA 18 CM;4,21;8,50;0,00;0,00;0
01749;ENFEITE SAPO COQUEIRO ENVELHECIDO;9,99;16,00;0,00;0,00;0
01405;ENFEITE SINO DO VENTO;2,65;8,00;0,00;0,00;0
00374;ENFEITE TRONCO HORIZONTAL GRANDE;28,00;45,00;0,00;0,00;0
01038;ENFEITE TRONCO CERAMICA COD 1103;13,69;24,50;0,00;0,00;0
01880;ENFEITE TRONCO COD 1102;12,49;22,50;0,00;0,00;0
02361;ENFORCADOR DUPLO 50 CM;17,27;29,50;0,00;0,00;0
01451;ENFORCADOR DUPLO CHATO 50 CM;23,24;39,50;0,00;0,00;0
00781;ENFORCADOR DUPLO GRANDE 60 CM;27,34;43,90;0,00;0,00;0
00817;ENFORCADOR ELO CHATO 3,5 X 60;14,10;24,00;0,00;0,00;0
01349;ENFORCADOR ELO REDONDO 3,5X6,5CM;11,20;19,00;0,00;0,00;0
01410;ENFORCADOR ELO REDONDO 4,0 MM 75 CM;16,78;28,50;0,00;0,00;0
01978;ENFORCADOR ELO REDONDO 4,0MMX65CM;12,97;22,00;0,00;0,00;0
01851;ENRONEW 150 MG;17,76;30,00;0,00;0,00;0
01429;ENRONEW 50 ML (CARTELA);6,90;15,00;0,00;0,00;0
01027;ENXOFRE PO;1,75;4,50;0,00;0,00;0
01794;ENZYMASE 30COMP;59,59;91,50;0,00;0,00;0
00795;ESCADA DE CALOPSITA;7,00;16,00;0,00;0,00;0
01959;ESCADA DE HAMISTER;1,66;4,50;0,00;0,00;0
02437;ESCADA DOG JUMP;184,69;277,00;0,00;0,00;0
02578;ESCOVA A VAPOR 3EM 1;12,64;25,50;0,00;0,00;0
00798;ESCOVA C/ALÇA;3,85;7,00;0,00;0,00;0
00831;ESCOVA CABO LONGO SORTIDOS;4,39;6,60;0,00;0,00;0
00830;ESCOVA DUPLA OVAL GRANDE;11,51;19,00;0,00;0,00;0
00829;ESCOVA DUPLA OVAL PEQ;10,66;17,00;0,00;0,00;0
01309;ESCOVA PISCINA;30,00;51,00;0,00;0,00;0
00807;ESCOVA PISCINA RETA;23,85;40,50;0,00;0,00;0
02577;ESCOVA PORTA SHAMPOO PET;8,21;15,00;0,00;0,00;0
00155;ESCOVA REMOVEDORA DE PELOS PETOS PET VAPOR;14,49;24,00;0,00;0,00;0
00833;ESCOVA SEM BOLINHA GRANDE;51,45;77,20;0,00;0,00;0
01810;ESCOVA SEM BOLINHA MEDIA;40,95;62,00;0,00;0,00;0
00459;ESPEDO DUPLO GALVANIZADO;11,50;19,00;0,00;0,00;0
02543;ESPETO CORACAO GALVANIZADO;11,50;19,00;0,00;0,00;0
02614;EVITAK 5,0 MG;15,08;24,90;0,00;0,00;0
02211;FARINHA DE OSSO DIMY 500GR;7,99;15,00;0,00;0,00;0
02027;FELINPET HOMEOPATIA 30ML;58,36;83,00;0,00;0,00;0
02440;FEMUR SUINO;6,48;10,50;0,00;0,00;0
01873;FERROFOOD 15 ML;13,62;17,00;0,00;0,00;0
01729;FIO DE NYLON ( METRO ) GRAMA ROCADEIRA;0,38;3,00;0,00;0,00;0
02133;FLAMAVET 0,2 MG;8,99;22,00;0,00;0,00;0
01882;FLUTUADOR DE CLORO PISCINA - GRANDE;27,00;50,80;0,00;0,00;0
02207;FLUTUADOR GRANDE BETEL;22,99;38,00;0,00;0,00;0
00156;FLUTUADOR MINI BETEL;14,59;24,00;0,00;0,00;0
02322;FOCIEIRA REGULAVEL G;12,47;22,50;0,00;0,00;0
02323;FOCIEIRA REGULAVEL GG;12,47;24,50;0,00;0,00;0
02321;FOCIEIRA REGULAVEL M;12,47;20,50;0,00;0,00;0
02320;FOCIEIRA REGULAVEL P;12,47;18,70;0,00;0,00;0
00329;FOCINHEIRA DE GATO N1;5,99;9,99;0,00;0,00;0
02108;FOCINHEIRA DE POLIPROPILENO 1;4,50;7,50;0,00;0,00;0
01776;FOCINHEIRA DE POLIPROPILENO 2;3,98;8,90;0,00;0,00;0
01772;FOCINHEIRA DE POLIPROPILENO 3;3,98;9,90;0,00;0,00;0
01773;FOCINHEIRA DE POLIPROPILENO 4;3,98;10,90;0,00;0,00;0
01777;FOCINHEIRA DE POLIPROPILENO 5;3,98;11,90;0,00;0,00;0
01353;FOCINHEIRA METAL N2;14,90;25,50;0,00;0,00;0
02634;FONTE CAT E DOG 110V;70,00;119,00;0,00;0,00;0
01883;FONTE GATO 110 V;34,90;60,00;0,00;0,00;0
02536;FONTE PETIT PLAST PET;58,79;99,90;0,00;0,00;0
02418;FOOD SENSITIVE HILLS;315,05;457,00;0,00;0,00;0
00347;FORMICIDA MIREX GRAN 50G;0,60;3,00;0,00;0,00;0
01991;FORTH FLORES 400 GR;10,99;17,60;0,00;0,00;0
00658;FORTH FRUTAS 400GR;10,99;17,60;0,00;0,00;0
00963;FORTH JARDIM 400 GR;10,99;17,60;0,00;0,00;0
00448;FORTH ORQUIDEAAS FLORACAO E MANUTENCAO;16,95;27,00;0,00;0,00;0
01617;FORTH PLANTIO 400GR;10,99;17,60;0,00;0,00;0
00030;FOSTER VAREJO;4,19;8,50;0,00;0,00;0
02938;FRALDA MACHO G 65X20,5 CMS;21,00;37,00;0,00;0,00;0
02937;FRALDA MACHO M 55X20,5 CMS;17,80;31,50;0,00;0,00;0
00233;FRANGO GRITANDO GRANDE BBB AMARELO;8,40;20,00;0,00;0,00;0
02047;FRANGO GRITANDO MEDIO BBB AMARELO;5,46;14,50;0,00;0,00;0
03073;FRONHA ESSENCE LISO AVULSA - AREIA;7,84;7,84;0,00;0,00;0
02602;FRONTLINE PLUS ATE 10 KG;38,08;61,00;0,00;0,00;0
02600;FRONTLINE PLUS CAO 10 A 20 KG;44,10;70,50;0,00;0,00;0
02519;FRONTLINE PLUS GATO;32,15;51,00;0,00;0,00;0
02520;FRONTLINE TS CAO 1 ATE 10 KG;23,78;40,50;0,00;0,00;0
02518;FRONTLINE TS GATO;21,33;34,50;0,00;0,00;0
00348;FUCINHEIRA DE FERRO N 5;21,00;34,00;0,00;0,00;0
01531;FURBA BANHEIRO DE GATO;25,99;44,50;0,00;0,00;0
02484;FUROLISIN 10MG;8,83;14,60;0,00;0,00;0
00765;FUROLISIN 20MG;12,33;20,50;0,00;0,00;0
00735;FUSFELIS 30ML;60,21;90,50;0,00;0,00;0
00753;GAIOLA;50,00;90,00;0,00;0,00;0
02772;GAIOLA ARCO 03 QUATIGA;49,00;82,50;0,00;0,00;0
02771;GAIOLA ARCO 05 QUATIGA;75,00;120,00;0,00;0,00;0
02773;GAIOLA CACULINHA LUXO VIVO PET;56,90;91,00;0,00;0,00;0
02558;GAIOLA CALOPSITA;97,50;170,00;0,00;0,00;0
02202;GAIOLA DE CALOPSITA VIVOPET;99,90;170,00;0,00;0,00;0
02118;GAIOLA DE FERRO COLORIDA;51,92;93,00;0,00;0,00;0
01595;GAIOLA DE HAMISTER BASICA;29,99;58,00;0,00;0,00;0
01847;GAIOLA DE HAMISTER HOME 2 ANDARES;95,00;152,00;0,00;0,00;0
01528;GAIOLA DE HAMISTER LABIRINTO AZUL;100,31;170,00;0,00;0,00;0
02649;GAIOLA DE HAMISTER POP STAR;34,28;60,00;0,00;0,00;0
00158;GAIOLA DE PIRIQUITO C/NINHO;67,90;115,00;0,00;0,00;0
01857;GAIOLA ESMERALDA PIU PIU;118,90;189,00;0,00;0,00;0
01989;GAIOLA HAMISTER COM TUBO 3 ANDARES;133,34;226,90;0,00;0,00;0
02128;GAIOLA HAMISTER TETO DE PLASTICO;39,90;135,00;0,00;0,00;0
00609;GAIOLA ONDULADA CALOPSITA POP;82,31;170,00;0,00;0,00;0
00291;GAIOLA P/ COELHO;124,11;220,00;0,00;0,00;0
00869;GAIOLA PAPAGAIO DOBRAEL;33,00;69,00;0,00;0,00;0
01999;GAIOLA PIRIQUITO C/ NINHEIRA;52,00;104,00;0,00;0,00;0
02219;GAIOLA PORQUINHO DA INDIA;60,75;106,00;0,00;0,00;0
00294;GAIOLA REDONDA GRANDE ADESIVADA;60,00;110,00;0,00;0,00;0
01035;GAIOLA REDONDA PEQUENA;40,00;70,00;0,00;0,00;0
00693;GAIOLA TIZIL;50,00;90,00;0,00;0,00;0
01869;GALO DA CAMPINA E CARDEAL 400GR;8,50;17,50;0,00;0,00;0
00956;GARATEIA C/2;4,74;7,90;0,00;0,00;0
00380;GAVIZ V 20MG;21,90;35,50;0,00;0,00;0
00967;GEL ATTACK PARA BARATAS E FORMIGAS ( TODOS );5,99;9,50;0,00;0,00;0
02103;GEL TRAUMA PET 50G;58,33;83,00;0,00;0,00;0
01422;GEL VERRUGAS PET 50G;58,33;83,00;0,00;0,00;0
00485;GENFLOC CLARIFICANTE;17,16;24,50;0,00;0,00;0
00723;GIRADOR N 3 C/10;4,87;8,50;0,00;0,00;0
00565;GIRADOR N5 C10;6,00;10,20;0,00;0,00;0
00151;GLICOCIL PET 30ML;9,80;21,00;0,00;0,00;0
00195;GLICOPAN GOLD 125ML;53,25;90,00;0,00;0,00;0
01712;GLICOPAN GOLD 30 ML;35,76;60,00;0,00;0,00;0
01056;GLICOVET 60 ML;11,92;28,00;0,00;0,00;0
01351;GLIFOTOP MATA MATO 1LT;29,00;48,00;0,00;0,00;0
00717;GLOBION PET 30 COMP;48,25;73,00;0,00;0,00;0
00973;GLOBO COM SUPORTE DE HAMISTER;35,99;58,00;0,00;0,00;0
02608;GLOBO DE HAMSTER;18,99;36,90;0,00;0,00;0
00878;GOLD PAPA P/FILHOTE 400GR;12,90;22,00;0,00;0,00;0
02521;GOLDEN ADULTO SALMAO MINI BITS 1 KG;18,61;25,00;0,00;0,00;0
01413;GOLDEN COOKIE CAES 750 GR;25,25;36,00;0,00;0,00;0
02691;GOLDEN COOKIE CAES ADULTOS RACAS PEQUENAS MAC;13,10;19,50;0,00;0,00;0
02700;GOLDEN COOKIES CAES ADULTOS PORTE PEQUENO CAR;12,95;19,50;0,00;0,00;0
00067;GOLDEN GATO SALMAO CASTRADO VAREJO;10,47;19,80;0,00;0,00;0
02690;GOLDEN GATOS FILHOTES 10,1 KG;119,29;180,00;0,00;0,00;0
02680;GOLDEN SENIOR 15,0 KG;131,21;198,00;0,00;0,00;0
02683;GOLDEN SENIOR MINI BITS 3,0 KG;43,00;89,00;0,00;0,00;0
02070;GOLDEN SPECIAL FILHOTE PORTE PEQ 15 KG;129,36;185,00;0,00;0,00;0
01651;GOSMIL LIQUIDO 30ML;21,09;35,00;0,00;0,00;0
00885;GRADE BRANCA;78,00;128,00;0,00;0,00;0
03119;GRAMPO 26/6 SL C/5000 NIQUELADO;8,70;8,70;0,00;0,00;0
00720;GRAMPO SM N-4;4,67;8,00;0,00;0,00;0
02394;GRANPO N 3 C/10;3,68;5,50;0,00;0,00;0
00405;GRANULADO DE MADEIRA 10 KG;31,13;60,00;0,00;0,00;0
01961;GRANULADO DE MADEIRA CAT WHELL 2 KG;7,50;15,00;0,00;0,00;0
02750;GRANULADO DE MADEIRA CLEAN PELLETS 15KG;30,80;58,00;0,00;0,00;0
02751;GRANULADO P/ GATOS VAREJO;3,33;0,00;0,00;0,00;0
01872;GRAVATAS PARA CACHORRO;2,00;5,00;0,00;0,00;0
02045;GRELHA DE PEIXE 56 CM N1;28,01;50,50;0,00;0,00;0
02046;GRELHA DE PEIXE 57X18,50 CM;23,00;37,00;0,00;0,00;0
01887;GRELHA DUPLA PARA PEIXE 68X19;28,00;45,00;0,00;0,00;0
00176;GRELHA DUPLA PARA PEIXE 75X24;31,00;49,90;0,00;0,00;0
01970;GRELHA INOX 40X40;56,00;92,40;0,00;0,00;0
01843;GRELHA INOX 50X40;58,00;95,70;0,00;0,00;0
02042;GRELHA INOX 50X50;62,00;99,00;0,00;0,00;0
01921;GRELHA INOX N1;51,00;84,50;0,00;0,00;0
00665;GUIA 16 MM;10,32;24,00;0,00;0,00;0
01276;GUIA GROSSA C/ MOSQUETAO;13,54;24,00;0,00;0,00;0
01864;GUIA C/MOSQUETAO 40, 60 E 80;13,69;23,00;0,00;0,00;0
00243;GUIA CORDA 1 MT;13,59;23,00;0,00;0,00;0
01920;GUIA DO FLUMINENSE;0,00;16,90;0,00;0,00;0
01818;GUIA MOSQUETAO 60CM - VARIAS CORES;9,40;15,99;0,00;0,00;0
02926;GUIA POLIESTER 1M;12,99;22,00;0,00;0,00;0
00242;GUIA RETRACTIL 25 KG;28,11;46,50;0,00;0,00;0
01750;GUIA RETRATIL 15 KG;19,37;32,00;0,00;0,00;0
02552;GUIA RETRATIL 1,50 20 KG FITA SLIM;22,14;37,60;0,00;0,00;0
00256;GUIA RETRATIL FITA 3 MTS 3 KG;11,15;19,00;0,00;0,00;0
02452;HARMONY TRINCA NATURAL 300 GR;11,00;17,50;0,00;0,00;0
01150;HBFEL 70 GR;29,84;48,00;0,00;0,00;0
01280;HEMOCIL 30ML;10,50;22,00;0,00;0,00;0
02485;HEMOLITAN GOLD 60 ML;56,90;91,00;0,00;0,00;0
00150;HEMOLITAN PET GOTAS 60 ML;44,52;67,00;0,00;0,00;0
02327;HEPACTIL 30 COMPRIMIDOS;30,90;67,00;0,00;0,00;0
02059;HIDRATA FOCINHO PET CLEAN;11,24;21,00;0,00;0,00;0
02363;HIDRATANTE DE PATINHAS;15,90;30,00;0,00;0,00;0
02329;HIGICARE GEL DENTAL BISNAGA 50G;36,09;69,50;0,00;0,00;0
00068;HOT CAT VAREJO;6,53;11,90;0,00;0,00;0
00024;HOT DOG VAREJO VAREJO;5,60;9,90;0,00;0,00;0
02451;HPHAR 120 30 COMPRIMIDOS;76,76;123,00;0,00;0,00;0
01124;HPHAR SUSP 60 ML;63,94;102,50;0,00;0,00;0
00946;IVERTRIL 1 MG LITTLEIVER;4,99;14,00;0,00;0,00;0
00332;IVERTRIL DE 6 MG 4 COMPRIMIDOS;6,33;16,50;0,00;0,00;0
00361;IVERTRILL 3MG;5,42;15,00;0,00;0,00;0
00143;IVOMEC INJETAVEL 1 ML NA SIRINGA;1,60;7,00;0,00;0,00;0
00792;JABUTI 315GR;53,98;93,00;0,00;0,00;0
01009;JIG HEAD FISHING;1,80;3,50;0,00;0,00;0
01912;KAOPEK 100 GR;18,66;29,00;0,00;0,00;0
01500;KELLDRIN/BELHRINE 30ML;8,39;13,00;0,00;0,00;0
02397;KIT SAQUINHO CATA CATA C/3;3,00;6,00;0,00;0,00;0
00806;KIT 2 DEDEIRA CAT DOG;6,52;10,50;0,00;0,00;0
01175;KIT BANHEIRO CAT CLEAN C/3 PCS;25,99;41,00;0,00;0,00;0
01406;KIT BEBEDOURO HAMISTER;8,20;20,00;0,00;0,00;0
01444;KIT COMEDOURO LILOPET 750 ML;15,90;24,00;0,00;0,00;0
02512;KIT COMEDOURO LILOPETY 1000ML;12,99;25,00;0,00;0,00;0
01123;KIT COMEDOURO LILOPETY 300ML;12,99;21,00;0,00;0,00;0
02752;KIT DE FACAS PARA CHURRASCO 6 PECAS;24,89;49,90;0,00;0,00;0
01735;KIT MAMADEIRA CHALESCO;11,76;22,00;0,00;0,00;0
02449;KIT SHOMPOO E CONDICIONADOR VEGANO;24,99;42,50;0,00;0,00;0
00876;LA SINTETICA PACOTE;3,49;6,50;0,00;0,00;0
00734;LABCON ALCALI;8,81;15,00;0,00;0,00;0
02260;LABCON ANTICLOR;8,81;15,00;0,00;0,00;0
01835;LABCON CLORO TEST;12,34;21,00;0,00;0,00;0
00703;LABCON SANI 15 ML;9,41;16,50;0,00;0,00;0
01979;LABCON TEST PH TROPICAL;14,37;23,50;0,00;0,00;0
00134;LACO DIVERSOS;2,00;5,00;0,00;0,00;0
00709;LATA 280 GR PEDIGREE E WHISKAS;10,07;13,50;0,00;0,00;0
00518;LENÃ+O UMIDECIDOS GENIAL;6,90;11,90;0,00;0,00;0
03072;LENCOL ESSENCE LISO AVULSO SOLTEIRO - FENDI;24,96;24,96;0,00;0,00;0
02939;LENCOS UMED CHALESCO C/ 80 TOALHAS;10,37;18,50;0,00;0,00;0
02364;LIMPA CARINHA PET CLEAN;16,99;31,00;0,00;0,00;0
00803;LIMPA ORELHA PET CLEAN;10,88;17,50;0,00;0,00;0
02095;LIMPA PATAS PET CLEAN 120 ML;8,89;13,60;0,00;0,00;0
01778;LIMPADOR CONCENTRADO CASA KLINER 140ML CHA TO;6,99;0,00;0,00;0,00;0
02039;LIMPADOR DE LAGRIMAS PET CLEAN 60G;10,90;19,00;0,00;0,00;0
01613;LINHA NYLON 0,70 MM;8,33;18,50;0,00;0,00;0
01813;LINOPLUS 180 ML;15,99;26,50;0,00;0,00;0
02560;LINOPLUS 400ML;24,51;42,00;0,00;0,00;0
00128;LINOVIT 200ML;10,97;21,00;0,00;0,00;0
00805;LIXA DE UNHA;6,22;11,00;0,00;0,00;0
00923;LUVA ESCOVA TIRA PELOS CAES E GATOS 23,CM;9,70;18,40;0,00;0,00;0
01352;MACACAO CIRUGICA CAO E GATO N 10;47,25;88,00;0,00;0,00;0
00820;MACACAO CIRURGICO CAO E GATO N 0;25,52;38,50;0,00;0,00;0
00821;MACACAO CIRURGICO CAO E GATO N 1;27,18;44,00;0,00;0,00;0
00822;MACACAO CIRURGICO CAO E GATO N 2;29,96;50,00;0,00;0,00;0
00823;MACACAO CIRURGICO CAO E GATO N 3;32,75;57,00;0,00;0,00;0
00824;MACACAO CIRURGICO CAO E GATO N 4;32,60;60,00;0,00;0,00;0
00827;MACACAO CIRURGICO CAO E GATO N 5;37,27;62,00;0,00;0,00;0
00825;MACACAO CIRURGICO CAO E GATO N 6;38,40;65,00;0,00;0,00;0
00216;MACACAO CIRURGICO CAO E GATO N 7;39,65;69,00;0,00;0,00;0
00826;MACACAO CIRURGICO CAO E GATO N 8;39,99;72,00;0,00;0,00;0
01871;MACACAO CIRURGICO CAO E GATO N9;40,65;77,00;0,00;0,00;0
03124;MACACAO CIRURGICO CAO N 10;42,05;82,00;0,00;0,00;0
02190;MAGRITOX;27,90;46,00;0,00;0,00;0
02423;MALA COMPANY DOURADA;97,20;145,80;0,00;0,00;0
02424;MALA FLEX PLUS AZUL;75,60;113,40;0,00;0,00;0
02422;MALA VISION MODERNA;100,70;151,00;0,00;0,00;0
00302;MALATHION 100ML;4,99;12,00;0,00;0,00;0
02637;MAMADEIRA PARA FILHOTES 50ML;8,99;20,00;0,00;0,00;0
02044;MANDARIM;12,00;25,00;0,00;0,00;0
01513;MANGUEIRA DE AQUARIO 1 METRO;1,55;3,00;0,00;0,00;0
02609;MANGUEIRA POP 10 MTS;19,90;32,00;0,00;0,00;0
02610;MANGUEIRA POP 15 MTS;27,96;44,90;0,00;0,00;0
02611;MANGUEIRA POP 20 MTS;35,62;57,00;0,00;0,00;0
01091;MANOLETE MEDIO;8,80;14,00;0,00;0,00;0
01251;MANTA M;19,79;32,00;0,00;0,00;0
02312;MANTA P;16,05;25,70;0,00;0,00;0
01953;MASSAGEADOR DE GATO C/CATNIP;9,68;16,00;0,00;0,00;0
00359;MATA BICHEIRA;9,99;15,00;0,00;0,00;0
01039;MATA MATO GLIFOTOP;18,85;34,99;0,00;0,00;0
01932;MATA RATO BLOCO RATCEL;23,00;40,00;0,00;0,00;0
02547;MATT PULGAS CARRAPATO E PIOLHO 200 GR;6,99;12,00;0,00;0,00;0
01225;MAXICAN 0,05 MG C/ 10 COMPRIMIDOS;20,20;34,00;0,00;0,00;0
01226;MAXICAN 2,0 MG C/ 10 COMPRIMIDOS;42,99;66,90;0,00;0,00;0
02563;MEGAZOO CALOPSITA E RING NECKS 700G;39,90;65,00;0,00;0,00;0
01696;MEIAS PARA CAES;7,20;15,50;0,00;0,00;0
01195;MELOXIFARM 2MG;12,34;21,00;0,00;0,00;0
02258;MELOXIFLEX 0,5MG;14,00;25,00;0,00;0,00;0
02259;MELOXIFLEX 2,0 MG;12,31;26,00;0,00;0,00;0
00706;MELOXINEW 2,0;33,89;56,00;0,00;0,00;0
01697;MELOXITABS 2MG 10 COMPORIMIDOS;27,00;49,90;0,00;0,00;0
01105;MELOXITTABS 0,05 CARTELA 10 COMPRIMIDOS;14,40;26,70;0,00;0,00;0
01106;MELOXIVET 2MG;32,85;48,99;0,00;0,00;0
01438;MELOXIWOLD 0,5 CARTELA;9,52;21,00;0,00;0,00;0
01650;METICORTEN 20 MG;39,99;60,00;0,00;0,00;0
00791;METICORTEN 5MG;19,71;31,50;0,00;0,00;0
00099;MILHO ALVO PRETO KG;8,36;19,00;0,00;0,00;0
00100;MILHO ALVO VERDE KG;10,05;19,00;0,00;0,00;0
00097;MILHO ALVO VERMELHO KG;8,06;17,00;0,00;0,00;0
00076;MILHO KG;1,82;3,50;0,00;0,00;0
00991;MILHO PICADO 15 KG;38,70;66,50;0,00;0,00;0
02597;MINI GULLIVER P;39,23;66,90;0,00;0,00;0
02229;MISTURA DE BICUDO, CURIO E AZULAO;6,50;16,50;0,00;0,00;0
01899;MISTURA DE CURIO MEL 500G - AGUIA;6,08;10,00;0,00;0,00;0
00118;MISTURA DE CURIO VAREJO;7,62;16,50;0,00;0,00;0
02287;MISTURA P/MELRO 400 G ASA NUTRI;3,85;7,50;0,00;0,00;0
02231;MISTURA TICO TICO 500G AGUIA;3,52;8,00;0,00;0,00;0
01853;MIX TRINCA FERRO;3,92;6,80;0,00;0,00;0
01151;MOLINETE PRO 200 TECFISH;31,48;50,50;0,00;0,00;0
00860;MOLINETE PROREEL TEC FISH 3 ROLAMENTOS;67,06;99,00;0,00;0,00;0
02255;MORDEDOR ARGOLA COM CRAVO;4,04;8,50;0,00;0,00;0
00340;MORDEDOR ARGOLA DE BORRACHA;1,78;7,50;0,00;0,00;0
00343;MORDEDOR CHUPETA;2,25;8,00;0,00;0,00;0
00339;MORDEDOR DE PLASTICO C/ CORDA REF. 907890;7,65;15,99;0,00;0,00;0
00338;MORDEDOR PARA CAES OSSO VAZADO;4,04;9,00;0,00;0,00;0
01680;NALYT BABY 10 GR;15,89;27,00;0,00;0,00;0
02140;NATUFLIM 50 MG;7,93;15,00;0,00;0,00;0
02121;NATUVERM PLUS 25KG C/2 COMPRIMIDOS;8,10;16,00;0,00;0,00;0
01984;NAUSETRAT ORAL 20 ML;7,92;16,99;0,00;0,00;0
01427;NEODEXA F CREME;44,89;74,00;0,00;0,00;0
01895;NEODEXA SPRAY;44,84;67,50;0,00;0,00;0
02232;NEOPET 2,68ML CAES 20,1 ATE 40 KG;28,49;45,00;0,00;0,00;0
00263;NEXGARD 10 A 25 KG;56,80;103,00;0,00;0,00;0
00269;NEXGARD 2 A 4 KG;53,17;88,00;0,00;0,00;0
00264;NEXGARD 25 A 50 KG;71,57;111,00;0,00;0,00;0
00267;NEXGARD 4 A 10 KG;51,21;93,00;0,00;0,00;0
02517;NEXGARD CAT COMBO 0,8 A 2,5 KG;63,89;102,00;0,00;0,00;0
02168;NEXGARD CAT COMBO 2,5 A 7,5 KG UNIDADE;46,20;78,50;0,00;0,00;0
00760;NINHO CALOPSITA GRANDE;13,32;24,50;0,00;0,00;0
00507;NINHO CARPETE VERTICAL;4,23;10,00;0,00;0,00;0
00465;NINHO DE CALOPSITA E AGAPORNIA;10,01;25,00;25,00;0,00;0
00522;NINHO DE CORDA COLEIRO E CURIO;4,20;10,00;0,00;0,00;0
01242;NINHO SISAL TRINCA FERRO;6,99;12,00;0,00;0,00;0
02890;NIVEA SABONETE HID PROT LEITE 85G (96);2,07;2,07;0,00;0,00;0
02049;NUTRI NAT CAES 300G;29,00;43,50;0,00;0,00;0
01432;NUTRICON TURTLE 270 G;55,35;103,50;0,00;0,00;0
01957;NUTRICON TURTLE 25 GR;8,55;15,50;0,00;0,00;0
01894;NUTRICON TURTLE 75G;20,85;34,40;0,00;0,00;0
01766;NUTRIFLAKES NUTRICON CARTELA;4,90;8,00;0,00;0,00;0
02079;NUTRINAT GATO;29,00;43,50;0,00;0,00;0
00200;NUTRISAME NUTRPHAMER;112,00;190,50;0,00;0,00;0
01812;OCEANMAX ENFEITE PLASTICO CAVALO MARINHO;3,99;7,50;0,00;0,00;0
02650;OGRAX ARTRO 20KG 30 CPS;168,80;280,50;0,00;0,00;0
00861;OLEO DE NEEM KELDRIM 10ML;2,79;5,00;0,00;0,00;0
00992;ONKOSPET HOMEOPATIA 30ML;65,36;92,80;0,00;0,00;0
02441;ORELHA BOVINA;3,32;6,50;0,00;0,00;0
02295;ORGA MILK 100 GR;44,79;68,00;0,00;0,00;0
00851;ORGA MILK 60GRS;44,79;73,90;0,00;0,00;0
00630;ORGACALM HOMEOPATIA 30ML;52,50;83,00;0,00;0,00;0
00980;ORGACIST HOMEOPATIA 30ML;50,40;79,99;0,00;0,00;0
01110;ORGACURI HOMEOPATIA 30ML;58,33;83,00;0,00;0,00;0
02298;ORGACURI TOP 100ML;58,36;83,00;0,00;0,00;0
02237;ORGADERM HOMEOPATIA 30ML;58,33;83,00;0,00;0,00;0
01767;ORGAFIG HOMEOPATIA 30ML;58,33;83,00;0,00;0,00;0
01075;ORGAIMUNI HOMEOPATIA 30ML;58,33;83,00;0,00;0,00;0
01768;ORGAINFECTO HOMEOPATIA 30ML;58,33;83,00;0,00;0,00;0
02151;ORGAPAX HOMEOPATIA 30ML;58,33;83,00;0,00;0,00;0
01403;ORGARIM HOMEOPATIA 30ML;49,70;79,90;0,00;0,00;0
02446;OSSINHOS SUINO;2,73;5,00;0,00;0,00;0
00854;OSSO ATTACK ROPE MEDIO;8,55;14,50;0,00;0,00;0
00852;OSSO BEEFBONE SUINO 23 CM;8,99;19,00;0,00;0,00;0
02496;OSSO CHALESCO GRANDE;27,90;46,00;0,00;0,00;0
02495;OSSO CHALESCO MEDIO;18,90;32,00;0,00;0,00;0
02494;OSSO CHALESCO PEQUENO;11,34;19,00;0,00;0,00;0
00728;OSSO DE BALEIA;86,00;200,00;0,00;0,00;0
02175;OSSO DE SIBA CARTELA;2,50;6,50;0,00;0,00;0
02300;OSSO DE SIBA MALHA LARGA;3,17;7,50;0,00;0,00;0
00285;OSSO DEFUMADO FEMUR GIGANTE PROCANINE;23,90;40,00;0,00;0,00;0
02249;OSSO FEMUR 23 CM BEEFONE;9,99;16,00;0,00;0,00;0
00220;OSSO NO 3/4;2,64;5,00;0,00;0,00;0
01538;OSSO NO 3/4 COM ( 2 UNIDADE);3,90;8,00;0,00;0,00;0
00964;OSSO NO 4/5 UNITARIO;2,90;7,50;0,00;0,00;0
01094;OSSO PALITO 3 UNIDADE;0,40;1,00;0,00;0,00;0
00164;OSSO PALITO COLORIDO E BRANCO 06MMC/10 UNID;1,50;3,50;0,00;0,00;0
00816;OSSO PALITO PROCANINE 10MM;1,70;2,99;0,00;0,00;0
00958;OSSO PET PRODUCT C/ 5 OSSOS;1,78;6,99;0,00;0,00;0
00283;OSSO SUINO NATURAL;2,49;5,50;0,00;0,00;0
01753;OTO TOP CLEAN 100ML;17,30;28,50;0,00;0,00;0
02403;OTOCANIS CLEAN 100ML;17,12;30,80;0,00;0,00;0
01754;OTOCANISS MAX 15 ML;33,55;57,00;0,00;0,00;0
01298;OTOLIN 15 ML;19,39;42,00;0,00;0,00;0
01415;OTOVET KIT OTOVET LIMP;44,65;73,50;0,00;0,00;0
00690;OTOVET LIMP 100 ML;20,29;34,50;0,00;0,00;0
02996;OVO DE PASCOA DOOGS CARNE E FRANGO 200G;20,90;36,00;0,00;0,00;0
01635;OVO INDES UNIDADE;0,18;1,00;0,00;0,00;0
00857;PA HIGIENICA CARA DE GATO COLORIDAS;1,89;5,00;0,00;0,00;0
00208;PA HIGIENICA GRANDE;3,13;14,00;0,00;0,00;0
02997;PACOQUITA SANTA HELENA ROLHA EMB.15G (100);0,32;0,36;0,00;0,00;0
00480;PAINÃ+O PORTUGUES 100 GR PASSARO FORT;2,71;5,00;0,00;0,00;0
00108;PAINCO MILHETO VAREJO;3,52;8,00;0,00;0,00;0
02110;PAINCO VERDE 200 G;2,60;6,00;0,00;0,00;0
01980;PALHA DE NINHO CARTELA;1,33;3,00;0,00;0,00;0
02442;PALITO BOVINO;7,74;12,50;0,00;0,00;0
00400;PALITO DE CARNE PRO CANINE 3;0,53;1,00;0,00;0,00;0
02154;PAPA DE FILHOTE ASANUTRI;7,00;14,00;0,00;0,00;0
01858;PAPA DE REINO DAS AVES400 GR;12,90;22,50;0,00;0,00;0
01879;PAPA FILHOTE REINA DAS AVES - POTEC SERINGA;20,41;34,50;0,00;0,00;0
00678;PAPAGAIO KG;9,65;15,00;0,00;0,00;0
02071;PAPINHA PROPASSARO;13,21;23,90;0,00;0,00;0
01437;PARQUE DE CALOPSITA;30,00;80,00;0,00;0,00;0
01042;PASSAGUA MALHA FINA;21,51;34,50;0,00;0,00;0
01993;PASSAGUA P/TATUI MALHA 8;23,93;36,00;0,00;0,00;0
01906;PASSARO PRETO SUPLA MIX 500 GR;3,74;6,50;0,00;0,00;0
02021;PEDIGREE ADULTO 20 KG;142,74;199,99;0,00;0,00;0
00034;PEDIGREE ADULTO VAREJO;9,08;14,50;0,00;0,00;0
01577;PEDIGREE FILHOTE 20 KG;208,86;298,60;0,00;0,00;0
00910;PEDRA DE CALCIO PARA ROEDORES;5,90;10,00;0,00;0,00;0
02429;PEGA PELO ROLO;7,59;12,00;0,00;0,00;0
01917;PEITORAL DE CETIM 5;11,34;19,50;0,00;0,00;0
00483;PEITORAL DE COELHO;12,40;21,50;0,00;0,00;0
00524;PEITORAL GATO SEDA;18,36;31,50;0,00;0,00;0
02556;PEITORAL LEO 40 G;35,00;60,00;0,00;0,00;0
01982;PEITORAL REFORCADO LEO P,M E G;27,00;50,00;0,00;0,00;0
02545;PEITORAL STILO G;30,00;51,00;0,00;0,00;0
01306;PENEIRA DE PLASTICO CATA FOLHA;23,99;42,00;0,00;0,00;0
01506;PENTE CABO PLASTICO 40 E 52 DENTES;11,86;19,00;0,00;0,00;0
01507;PENTE DUPLO COMFORT;8,99;18,00;0,00;0,00;0
01508;PENTE GRANDE CHALESCO;11,10;18,50;0,00;0,00;0
02499;PENTE PRA PULGA;9,19;16,00;0,00;0,00;0
00966;PERIQUITO / PIRIQUITO;12,00;35,00;0,00;0,00;0
02531;PETISCO LONG CARE ( TODOS );5,29;8,90;0,00;0,00;0
02003;PETSKO NATURAL;9,96;16,90;0,00;0,00;0
02506;PIPETE TEA UNIDADE 4 A 8 KG;7,81;15,00;0,00;0,00;0
00246;PIPI PARK ( CONE );8,89;15,00;0,00;0,00;0
01030;PIPIDOG ORIGINAL;10,60;19,70;0,00;0,00;0
01014;PIUSANA PAPICK 100 ML;31,31;50,50;0,00;0,00;0
01925;PLACA BIOLOGIC;2,16;4,00;0,00;0,00;0
01988;PLACA REDUTORA 14X14;2,99;5,00;0,00;0,00;0
01977;PLANTA DE AQUARIO;4,79;9,50;0,00;0,00;0
01898;PLANTA DE AQUARIO SIMPLES;3,49;6,50;0,00;0,00;0
01253;PLANTA ENFEITE DE AQUARIO 16 CM;7,49;15,50;0,00;0,00;0
00909;PLANTA ROXA E VERDE ENFEITE AQUARIO;2,21;6,00;0,00;0,00;0
03006;PNEU CARRO 205/55R16 ALTIMAX ONE;513,45;616,98;0,00;0,00;0
02165;PNEU MOTO CG 125 2.75-18 PREDATOR MAGGION;127,10;127,10;0,00;0,00;0
02196;PNEU MOTO CG 125 90/90-18 PANDA SUP MAX II MA;136,60;136,60;0,00;0,00;0
01495;PO DE BANHO HAMISTER;5,30;11,50;0,00;0,00;0
02455;PO HEMOSTATICO PET 25G;43,00;64,50;0,00;0,00;0
02303;PODEROSO MOSQUICIDA 30G;2,59;5,00;0,00;0,00;0
02428;POP BAG GEL;17,55;26,00;0,00;0,00;0
01747;PORTA GILO;1,00;3,00;0,00;0,00;0
02294;PORTA CATA CACA;2,16;6,00;0,00;0,00;0
00749;PORTA FRUTA;1,50;3,50;0,00;0,00;0
01990;PORTA LARVA;1,81;3,60;0,00;0,00;0
01296;PORTA REMEDIO PEQ;0,90;1,50;0,00;0,00;0
01583;PORTA TIRIRICA PEQ;1,06;2,50;0,00;0,00;0
02019;PORTA TIRIRICA PEQ KING PRETO;1,20;3,00;0,00;0,00;0
01865;PORTA UNHAO CURIO;0,80;2,00;0,00;0,00;0
02191;PORTA UNHAO TRINCA FERRO;1,38;2,50;0,00;0,00;0
02033;PORTA VERDURA;0,57;1,20;0,00;0,00;0
01521;PORTA VITA UNHA PEQUENO E CURIO;0,58;1,30;0,00;0,00;0
00249;PORTA VITAMINA C/ TAMPA;2,31;4,50;0,00;0,00;0
01366;PORTA VITAMINA DE CALOPSITA COLORIDO;2,19;5,00;0,00;0,00;0
00490;PORTA VITAMINA GRANDE;1,99;4,50;0,00;0,00;0
01581;PORTA VITAMINA TRINCAO 1;1,80;3,00;0,00;0,00;0
01488;POSTINHO LARANJA;7,20;13,00;0,00;0,00;0
00278;POSTURA 20 KG;47,45;70,19;0,00;0,00;0
00073;POSTURA KG;2,31;4,00;0,00;0,00;0
01204;POTE DE BOLINHA GUISO PET JUNIOR P;0,90;2,00;0,00;0,00;0
01420;POTE DE RACAO 2,000 LTS;9,88;16,10;0,00;0,00;0
01419;POTE DE RACAO 2LTS;7,18;11,90;0,00;0,00;0
01462;POTE DE RACAO 900 ML;7,18;11,70;0,00;0,00;0
00750;POTEMIM B12 SUPLIMENTO;11,99;24,00;0,00;0,00;0
00179;PREDICORTEM 05MG;14,50;21,75;0,00;0,00;0
01795;PREDICORTEM 20MG;40,47;69,00;0,00;0,00;0
01188;PREDIDERM 05 MG;12,77;23,00;0,00;0,00;0
01071;PREDIDERM 20MG;36,17;65,00;0,00;0,00;0
01914;PREDINISOLONA 5MG;15,24;24,50;0,00;0,00;0
02653;PREMIER COOKIE CAES ADULTOS COCO E AVEIAA PE;13,83;21,60;0,00;0,00;0
02122;PREMIER SN ADULTO RP BATATA DOCE 1,0 KG;37,11;44,90;0,00;0,00;0
02111;PREMIER SN FILHOTE RP BATATA DOCE 1.0 KG;37,90;45,90;0,00;0,00;0
02564;PRIMATA MEGA ZOO;62,54;94,00;0,00;0,00;0
01304;PRIMOCICLIN 100MG;23,27;37,90;0,00;0,00;0
01305;PRIMOCICLIN 50 MG;16,81;26,00;0,00;0,00;0
02620;PROACT+14G;36,32;58,50;0,00;0,00;0
02326;PRODUTO DESATIVADOS;80,01;133,00;0,00;0,00;0
01442;PROGARD PLUS 50;11,90;18,99;0,00;0,00;0
01456;PROMUN CAT PO 50GRS;57,61;86,40;0,00;0,00;0
02524;PROMUN DOG NEO P 60 GRS;52,32;78,50;0,00;0,00;0
03075;PROTETOR DE COLCHAO IMPERMEAVEL QUEEN 158X198;77,48;77,48;0,00;0,00;0
00458;PULEIRO DE PAPAGAIO;34,40;62,00;0,00;0,00;0
00110;PULEIRO DIVERSOS TAM;2,53;6,00;0,00;0,00;0
00295;PULEIRO P/PAPAGAIO;23,53;45,99;0,00;0,00;0
01147;PULEIROS DE CORTICA;7,67;12,50;0,00;0,00;0
02048;PULVERIZADOR 1,5 LTS;15,00;43,00;0,00;0,00;0
02178;PULVERIZADOR 2,0 LTS;21,92;36,50;0,00;0,00;0
02643;PULVERIZADOR 5 LITOS;58,80;112,00;0,00;0,00;0
01955;PULVERIZADOR COLORIDO 500 ML;3,60;9,50;0,00;0,00;0
02184;PULVERIZADOR GARRAFA PET;6,60;17,90;0,00;0,00;0
00352;QUARTZ FILHOTE RP VAREJO;6,34;11,80;0,00;0,00;0
01941;QUARTZ GATO VAREJO;4,64;11,90;0,00;0,00;0
00010;QUARTZ RACAS PEQUENA VAREJO;6,26;11,00;0,00;0,00;0
00022;QUATREE SELECT ADULTOS RMG VAREJO;7,38;12,90;0,00;0,00;0
00013;QUATREE SELECT ADULTOS RP VAREJO;7,42;12,90;0,00;0,00;0
00023;QUATREE SELECT CARNE VAREJO;7,37;12,90;0,00;0,00;0
00008;QUATREE SELECT FILHOTES RMG VAREJO;7,83;13,50;0,00;0,00;0
00006;QUATREE SELECT FILHOTES RP VAREJO;7,91;13,90;0,00;0,00;0
00061;QUATREE SELECT GATO CASTRADO FRANGO VAREJO;10,48;17,90;0,00;0,00;0
02592;QUATREE SELECT GATO CASTRADO SENIOR 10KG;113,69;174,80;0,00;0,00;0
00060;QUATREE SELECT GATOS AD VAREJO;9,89;16,90;0,00;0,00;0
01935;QUATREE SNACKS BISCOITO NATURAL ( TODOS );7,49;11,50;0,00;0,00;0
02143;QUATREE SNACKS NUGGETS GATO BOLA PELO 150GR;6,41;9,99;0,00;0,00;0
02161;QUATREE SNAKCS RACAS MEDIAS E GRANDES;6,39;11,50;0,00;0,00;0
02273;QUATREE SUPREME AD RMG VAREJO;10,62;17,90;0,00;0,00;0
02373;QUATREE SUPREME DERMATO TODAS AS RACAS 3 KG;65,50;111,90;0,00;0,00;0
02554;QUATREE SUPREME FILHOTE RMG 10 KG;119,00;187,00;0,00;0,00;0
02277;QUATREE SUPREME FILHOTE RMG 15 KG;174,00;282,00;0,00;0,00;0
02366;QUATREE SUPREME GATO CASTRADO SAL/FR 3KG;51,52;87,90;0,00;0,00;0
02365;QUATREE SUPREME GATOS CASTRADOS FRANGO 3KG;51,52;87,90;0,00;0,00;0
02242;QUATREE SUPREME LIGHT ADULTO 3KG;52,85;92,90;0,00;0,00;0
02528;QUERANON 5 KG 30 CAPS;35,30;50,50;0,00;0,00;0
02581;QUETIN 10KG 60 COMPRIMIDOS;73,79;119,00;0,00;0,00;0
02582;QUETIN 30KG 60 COMPRIMIDOS;128,39;205,50;0,00;0,00;0
01662;RASQUEADEIRA CABO DE PLASTICO N3;9,90;16,90;0,00;0,00;0
01755;RASQUEADEIRA AUTO LIMPANTE 13CM;7,97;13,90;0,00;0,00;0
01510;RASQUEADEIRA CABO PLASTICO N 1;3,99;12,50;0,00;0,00;0
01512;RASQUEADEIRA DUPLA 17X10;10,49;17,80;0,00;0,00;0
02425;RASQUEADEIRA MACIA CHALESCO;9,60;15,50;0,00;0,00;0
02426;RASQUEADEIRA PRATICA;8,70;17,50;0,00;0,00;0
00434;RASQUEADEIRA PROF 2;8,67;14,50;0,00;0,00;0
00454;RASQUEADEIRA SUPER CLEAN BIG 17,5 CM;9,38;26,00;0,00;0,00;0
02579;RASQUEADERA D PETS MAGICA M;11,49;19,50;0,00;0,00;0
01714;RASTELO MEDIO;4,00;9,50;0,00;0,00;0
01951;RATICIDA BLOCO (UNIDADE );1,05;2,50;0,00;0,00;0
00801;RATINHO VINIL;0,76;6,00;0,00;0,00;0
01748;RATOEIRA ARMADILHA ALTA PRESSAO GALVANIZADA;28,35;42,50;0,00;0,00;0
00393;RATOEIRA DE METAL GRANDE;12,30;24,00;0,00;0,00;0
01425;RATOEIRA DE METAL TAMANHO P;5,63;11,00;0,00;0,00;0
01311;REAGENTE DE CLORO E PH;8,19;13,40;0,00;0,00;0
00555;REAGENTE DE PH PHENOL;8,14;13,00;0,00;0,00;0
00716;REDE DE GATO PELUCIA;22,99;39,00;0,00;0,00;0
01378;REDUTOR DE PH GENCO DE 1 KG;20,30;32,50;0,00;0,00;0
02535;REFIL + PORTA SACO C/ 2 ROLO;9,90;16,90;0,00;0,00;0
02427;REFIL POP BAG GEL;17,36;26,00;0,00;0,00;0
02621;RELAX;37,16;59,90;0,00;0,00;0
02595;REVOLUTION 12% CAO DE 10 A 20KG;68,76;104,00;0,00;0,00;0
02594;REVOLUTION 6% GATO 2,6 A 7,5KG PIPETAS;45,31;77,00;0,00;0,00;0
02205;RIFOTRAT SPRAY 20 ML;9,25;15,80;0,00;0,00;0
00744;RODILON 25GRI;2,38;4,00;0,00;0,00;0
02443;ROTULA BOVINA;5,22;8,50;0,00;0,00;0
02414;ROUPA POP SOFT G;13,65;27,30;0,00;0,00;0
02415;ROUPA POP SOFT GG;17,85;35,70;0,00;0,00;0
02412;ROUPA POP SOFT M;11,55;23,00;0,00;0,00;0
02410;ROUPA POP SOFT MINI;5,25;10,50;0,00;0,00;0
02413;ROUPA POP SOFT P;9,45;18,90;0,00;0,00;0
02411;ROUPA POP SOFT PP;6,82;13,60;0,00;0,00;0
02416;ROUPA POP SOFT XG;21,00;42,00;0,00;0,00;0
02167;ROUPA SOFT N 26;26,90;70,00;0,00;0,00;0
00184;ROUPA SOFT N 28;36,90;72,00;0,00;0,00;0
01663;ROUPA SOFT N0;8,99;15,00;0,00;0,00;0
01664;ROUPA SOFT N1;7,50;16,00;0,00;0,00;0
01673;ROUPA SOFT N10;20,89;35,00;0,00;0,00;0
01674;ROUPA SOFT N11;23,09;42,00;0,00;0,00;0
01129;ROUPA SOFT N12;20,89;48,50;0,00;0,00;0
01974;ROUPA SOFT N14;25,29;60,00;0,00;0,00;0
00476;ROUPA SOFT N16;16,90;60,00;0,00;0,00;0
01130;ROUPA SOFT N18;17,90;63,00;0,00;0,00;0
01665;ROUPA SOFT N2;12,75;26,50;0,00;0,00;0
01668;ROUPA SOFT N20;19,90;67,00;0,00;0,00;0
01675;ROUPA SOFT N22;20,90;68,00;0,00;0,00;0
01666;ROUPA SOFT N3;9,90;19,80;0,00;0,00;0
01667;ROUPA SOFT N4;14,73;28,00;0,00;0,00;0
01976;ROUPA SOFT N5;14,90;27,00;0,00;0,00;0
01669;ROUPA SOFT N6;15,94;35,50;0,00;0,00;0
01670;ROUPA SOFT N7;15,90;30,00;0,00;0,00;0
01671;ROUPA SOFT N8;20,71;41,00;0,00;0,00;0
01672;ROUPA SOFT N9;17,90;36,00;0,00;0,00;0
01774;ROUPA TIP TOP MACACAO G;37,62;64,00;0,00;0,00;0
02170;ROUPA TIP TOP MACACAO GG;31,44;53,50;0,00;0,00;0
00961;ROUPA TIP TOP MACACAO M;31,33;53,00;0,00;0,00;0
00962;ROUPA TIP TOP MACACAO P;18,98;32,00;0,00;0,00;0
00182;ROUPA TIP TOP MACACAO XGG;36,75;62,50;0,00;0,00;0
01796;SABAO SARNAVET 80 GR;7,78;14,80;0,00;0,00;0
01817;SABIKI MARINE SPORTS IMPORTADO 12 A0 20;6,21;10,50;0,00;0,00;0
01838;SABONETE (TODOS) CLUB;4,99;9,00;0,00;0,00;0
01409;SABONETE ANTIPULGAS DUGS;4,22;10,00;0,00;0,00;0
00181;SABONETE PET CLEAN VARIOS;5,69;10,00;0,00;0,00;0
02025;SABONETE PET LIFE ( TODOS );3,99;8,00;0,00;0,00;0
00186;SABONETE PROCANINE OLEO DE NEEM 80G;3,70;6,99;0,00;0,00;0
00300;SABONETE SANOL ( TODOS );5,44;10,00;0,00;0,00;0
01211;SABONETES DUGS ANT PUGAS;4,41;8,50;0,00;0,00;0
02192;SABOR NO BICO CURIO 500ML;8,50;13,60;0,00;0,00;0
02073;SABOR NO BICO PASSARO PRETO 500GR;7,30;12,50;0,00;0,00;0
02572;SACHE FRISKIES TODOS OS SABORES;2,29;4,00;0,00;0,00;0
02467;SACHE GOLDEN GATO OU CAO;2,70;4,00;0,00;0,00;0
00517;SACO DE BISCOITO (VAREJO);0,00;2,00;0,00;0,00;0
01816;SACO DE LIXO DE 200 LTS;40,00;55,00;0,00;0,00;0
01815;SACO DE RACAO VAZIO;1,00;1,00;0,00;0,00;0
01161;SACOLA 43X54;20,00;26,50;0,00;0,00;0
00187;SANITARIO PARA CAES;19,90;34,00;0,00;0,00;0
01574;SANOL DEO COLONIA ( TODOS);15,42;26,50;0,00;0,00;0
01799;SANOL ELIMINADORES DE ODORES (TODOS);9,19;15,60;0,00;0,00;0
02290;SAPINHO;6,00;9,50;0,00;0,00;0
00976;SAPORITO MAMAO 400 GR;14,55;23,80;0,00;0,00;0
01634;SAPORITO MAMAO 400GR;14,73;22,00;0,00;0,00;0
01034;SAPORITO MIX 500 GR;10,59;16,70;0,00;0,00;0
02328;SARNATICK;30,47;45,50;0,00;0,00;0
00373;SARNIRAM 30ML;8,99;18,50;0,00;0,00;0
02359;SARNIRAN 30ML;8,99;18,50;0,00;0,00;0
02502;SECA XIXI GENIAL;19,90;32,00;0,00;0,00;0
00777;SEMENTE DIVERSAS;1,11;2,50;0,00;0,00;0
02417;SEMENTOX 250 GR;2,47;7,50;0,00;0,00;0
00103;SENHA 100 GR;5,60;16,50;0,00;0,00;0
02603;SENIOX 500;60,78;97,50;0,00;0,00;0
02588;SERENLAC 225MG;97,49;156,00;0,00;0,00;0
02069;SERESTO ACIMA DE 8 KG;126,06;180,00;0,00;0,00;0
01721;SERESTO ATE 8 KG;107,73;162,00;0,00;0,00;0
01837;SERINGA P/PASSARO MEDIA;6,65;16,00;0,00;0,00;0
01885;SERINGA PARA PASSAROS GRANDE;10,85;21,90;0,00;0,00;0
00679;SERINGA PASSARO PEQUENO;8,44;16,99;0,00;0,00;0
01127;SHAMPOO DERMOCLEAN CLOREXIDINA 500ML;14,99;27,00;0,00;0,00;0
03148;SHAMPOO DOM PET;0,00;13,50;0,00;0,00;0
01185;SHAMPOO PREVIN 500 ML;27,87;41,80;0,00;0,00;0
00369;SHAMPOO SANOL ANTIPULGAS;14,97;24,00;0,00;0,00;0
00111;SILVESTRE ESPECIAL VAREJO;8,00;16,50;0,00;0,00;0
00605;SIMPEX PLUS 30 A 50;39,90;80,00;0,00;0,00;0
01018;SMART FELINE 25 KG;115,00;207,00;0,00;0,00;0
01587;SOLUCAO PARA ANALISE DE CLORO;6,90;14,00;0,00;0,00;0
01928;SOS AGUAS TURVAS HTH;18,75;28,90;0,00;0,00;0
01454;SPOT VET ABAIXO DE 15 KG;10,00;16,00;0,00;0,00;0
02040;SPRAY BUCAL PET CLEAN;10,19;17,00;0,00;0,00;0
01742;STOP ANTI DIARREICO;2,56;7,00;0,00;0,00;0
00366;STRONDAL COMPOSTO 4 COMPRIMIDOS;4,29;9,50;0,00;0,00;0
00365;STRONDAL PLUS VERMIFUGO 4 COMPRIMIDOS;8,10;12,99;0,00;0,00;0
00430;SUPER COLEIRO 100 GR;2,80;7,00;0,00;0,00;0
01181;SUPLEMENTO 100 PS;6,90;13,90;0,00;0,00;0
01852;SUPRA MIX COLEIRO 500 GR;3,88;8,50;0,00;0,00;0
01779;SUPRA MIX TENEBRIO 500 GR;9,60;18,00;0,00;0,00;0
01949;SUPRA MIX TORNEIO 500 GR;9,80;20,00;0,00;0,00;0
01099;SYMBIOPLEX SNACKS (TODOS);22,00;34,00;0,00;0,00;0
01423;TALCO ANTIPULGAS PULGOL 100GR;7,96;15,00;0,00;0,00;0
01763;TALCO CAT DOG (TODOS);6,99;14,00;0,00;0,00;0
02533;TALCO PETCEAN ( TODOS );7,78;12,50;0,00;0,00;0
01601;TALOS DE MADEIRA P/ ROEDORES;14,45;21,50;0,00;0,00;0
02109;TAPETE HIGIENICO CONFORT PADS 60X C/7 UNID;13,04;21,50;0,00;0,00;0
01775;TAPETE HIGIENICO PRIMORE SLIM CARVO ATIV;34,90;60,00;0,00;0,00;0
02056;TAPETE LAVAVEL;23,90;38,00;0,00;0,00;0
02223;TAPETE UNIDADE;1,53;3,00;0,00;0,00;0
02139;TAXA ENTREGA;0,00;0,00;0,00;0,00;0
03123;TEC - COLA TEK BOND 793 CX C/10X20 G;7,99;13,00;0,00;0,00;0
01628;TELA GALINHEIRO 1,50X50M;4,58;11,00;0,00;0,00;0
00898;TELA GALINHEIRO PLASTICA PTA 1,50X50M;5,00;9,50;0,00;0,00;0
00470;TELA MOSQUITEIRO 1,20;3,96;7,50;0,00;0,00;0
02462;TELA MOSQUITEIRO 1,50;3,55;7,00;0,00;0,00;0
00391;TELA PINTEIRO GALVANIZADO;6,32;12,00;0,00;0,00;0
01446;TELA PINTEIRO PLASTICA PTA 1,0X50M TECNYL;3,52;8,50;0,00;0,00;0
01424;TELA SOMBREIRO 70 POR CENTO 3,0X50M SOLPACK;6,48;11,00;0,00;0,00;0
01893;TELA VIVEIRO GALVANIZADA QT F24A100 1M1/2 50M;5,30;14,00;0,00;0,00;0
00322;TELA VIVEIRO PLASTICA PTA 1,0X50M TECNYL;3,46;8,50;0,00;0,00;0
01603;TERRA ADUBADA 10KG;6,50;15,00;0,00;0,00;0
02037;TERRA ADUBADA 20 KG;8,50;20,00;0,00;0,00;0
00725;TERRA ADUBADA 5KG;5,00;10,00;0,00;0,00;0
02023;TERRA COTRIL 125ML;23,25;39,50;0,00;0,00;0
03069;TESOURA P 10X6CM P GATOS;9,46;16,50;0,00;0,00;0
00377;THUYA;6,04;16,50;0,00;0,00;0
00094;TICO TICO ESPECIAL C/ LARVAS;12,60;21,00;0,00;0,00;0
00093;TICO TICO MIX;3,71;15,00;0,00;0,00;0
02420;TIGELA INOX 1 360ML;6,46;11,00;0,00;0,00;0
02421;TIGELA INOX 2 750 ML;9,55;16,50;0,00;0,00;0
02500;TIGELA INOX 3 2400ML;20,23;34,50;0,00;0,00;0
02501;TIGELA INOX 4 1400ML;14,39;24,50;0,00;0,00;0
02445;TIRAS DE CARNE 50 G;5,04;8,50;0,00;0,00;0
00178;TIURAN AEROSOL SPRAY;35,59;53,50;0,00;0,00;0
01738;TORTA DE MAMONA 1 KG;14,85;23,80;0,00;0,00;0
02212;TORTA NEEM 150 GG;7,95;12,90;0,00;0,00;0
01623;TOSSICANIS 90 ML;34,67;57,60;0,00;0,00;0
01059;TOTALIS MAXI;46,30;69,00;0,00;0,00;0
00271;TRANPORTE DE CALOPSITA PETPIU;0,01;38,00;0,00;0,00;0
01592;TRANSP PAPELAO CALOPSITA, ETC - CMYK (EMB 20;0,58;11,51;0,00;0,00;0
01746;TRANSPORTE DE CALOPSITA COLORIDO;18,90;32,00;0,00;0,00;0
02644;TRANSPORTE PATA FORTE N1;28,60;48,00;0,00;0,00;0
01016;TRANSPORTE PATA FORTE N2;44,90;76,00;0,00;0,00;0
02645;TRANSPORTE PATA FORTE N3;68,13;114,00;0,00;0,00;0
02646;TRANSPORTE PATA FORTE N4;102,50;184,00;0,00;0,00;0
00955;TRANSPORTE PODIUM N 1 VARIAS CORES;17,00;40,00;0,00;0,00;0
02174;TRATADORES DE PASSAROS;25,47;45,00;0,00;0,00;0
01143;TRINCA 500 GR ( VARIOS SABORES );5,50;11,90;0,00;0,00;0
02288;TRINCA FERRO ENERGETICA;12,50;21,00;0,00;0,00;0
02390;TRINCA FERRO TORNEIO;15,00;24,00;0,00;0,00;0
00088;TRINCA INSETO;8,52;24,00;0,00;0,00;0
00896;TRINCA JABUTICABA BALDE C GRILO E LARVA;18,50;29,60;0,00;0,00;0
00662;TRINCA KIWI C/ FRUTAS;11,78;19,00;0,00;0,00;0
00081;TRINCA MAMAO;9,32;20,50;0,00;0,00;0
00091;TRINCA PIMENTA KG;10,96;23,00;0,00;0,00;0
00082;TRINCA SEMENTE KG;8,13;20,00;0,00;0,00;0
02194;TRISSULFIN 50GR;7,16;11,50;0,00;0,00;0
00890;TRISSULFIN SID 400MG COM 10 COMPRIMIDOS;41,44;70,00;0,00;0,00;0
01886;TROPI BETTA 12G;4,86;9,00;0,00;0,00;0
01926;TUBO CRISTAL PARA AQUARIO;1,25;4,00;0,00;0,00;0
02507;TUBOS CATNIC C/2;11,36;18,50;0,00;0,00;0
02537;TURTLE TARTARUGA 270 G;43,15;73,50;0,00;0,00;0
00641;TURTLE TARTARUGA 75G;16,45;28,00;0,00;0,00;0
02150;VARA DE PESCA;35,00;85,00;0,00;0,00;0
01676;VARINHA P/GATO NAPI;8,84;17,50;0,00;0,00;0
01931;VARINHAS PARA GATOS COM RATOS NA PONTA;8,00;16,00;0,00;0,00;0
00769;VERMIVET PLUS 2G C/2 COMPRIMIDO;36,60;57,50;0,00;0,00;0
02293;VERMIVET PLUS 330 MG;12,69;18,00;0,00;0,00;0
02074;VESTIDO ANGEL PET G;19,04;38,00;0,00;0,00;0
00153;VESTIDO ANGEL PET GG;20,17;40,50;0,00;0,00;0
00567;VESTIDO ANGEL PET M;19,04;38,00;0,00;0,00;0
00152;VESTIDO ANGEL PETS P E PP;17,23;34,50;0,00;0,00;0
02405;VESTIDO BLUCAO INVERNO SOFT PP;25,52;44,00;0,00;0,00;0
02407;VESTIDO BLUCAO INVERNO SOFT M;31,93;54,00;0,00;0,00;0
02406;VESTIDO BLUCAO INVERNO SOFT P;27,58;47,00;0,00;0,00;0
01789;VESTIDO G;13,88;27,80;0,00;0,00;0
02380;VESTIDO LYCRA TODOS OS TAMANHOS;10,00;20,00;0,00;0,00;0
01196;VESTIDO M;12,18;24,50;0,00;0,00;0
01788;VESTIDO P;10,83;21,70;0,00;0,00;0
01861;VESTIDO PP;9,45;18,90;0,00;0,00;0
01786;VESTIDO PREMIUM MALHA ( TODOS );10,75;21,50;0,00;0,00;0
02408;VESTIDO SOFT ESTAMPADO G;31,50;53,50;0,00;0,00;0
02409;VESTIDO SOFT ESTAMPADO GG;37,80;64,50;0,00;0,00;0
01975;VESTIDO SOFT TAMANHOS;14,27;32,00;0,00;0,00;0
00925;VESTIDOS AMAR/VERM/ ROSA;35,00;56,00;0,00;0,00;0
00793;VIAGRINHA;3,57;7,00;0,00;0,00;0
02391;VITA AMARELA 200G;2,23;4,00;0,00;0,00;0
02623;VITA NATURAL FILHOTES RP 10KG;98,21;142,40;0,00;0,00;0
02590;VITTA NATURAL AD CARNE E MINIBTS 15KG;108,52;160,00;0,00;0,00;0
01823;VIVEIRO CLASSIC N1;120,18;210,00;0,00;0,00;0
01563;VIVEIRO CLASSIC N2;141,65;249,00;0,00;0,00;0
00846;VIVEIRO CLASSIC N3;174,30;305,00;0,00;0,00;0
01227;VIVEIRO DOBRAVEL GRANDE C/BANDEJA;149,64;239,42;0,00;0,00;0
00845;VIVEIRO MINI VIVEIRO CALOPSITA MANSA EPOXI;154,99;263,00;0,00;0,00;0
02001;VIVEIRO PARA CALOPSITA FP;146,12;249,00;0,00;0,00;0
01133;VIVEIRO TOKIO N1;129,87;222,00;0,00;0,00;0
00764;VOADOR DE COLEIRO;45,00;100,00;0,00;0,00;0
01401;VOADOR GRANDE;150,00;200,00;0,00;0,00;0
01044;VOADOR PEQUENO;60,00;130,00;0,00;0,00;0
01689;WHISKAS ANT BOLA DE PELO;3,92;6,50;0,00;0,00;0
00064;WHISKAS CARNE VAREJO;12,90;19,90;0,00;0,00;0
01731;WISKAS BOLA DE PELO 40G;7,51;11,50;0,00;0,00;0
00794;XIXI PET GRAMINHA;16,90;29,00;0,00;0,00;0
01654;XIXI STOP 500 ML;10,90;19,90;0,00;0,00;0
01756;XO CHULE 120 ML;8,28;13,50;0,00;0,00;0
02318;XO GATO GRANULADO;18,43;32,50;0,00;0,00;0
02078;Z/D CANINE ULTRA 370G;45,00;72,00;0,00;0,00;0
00402;ZERO IN 250ML;10,00;20,00;0,00;0,00;0
00371;ZERO IN 500ML;16,50;29,90;0,00;0,00;0
01430;ALCON BASIC 10 GR;8,77;15,00;0,00;0,00;0
01699;ALFAFA PRENSADA 500 GR-PRO ROE;9,99;23,50;0,00;0,00;0
01539;ALFAFA SOLTA 500G;9,49;18,00;0,00;0,00;0
00074;ALPISTE VAREJO;6,45;14,00;0,00;0,00;0
01006;AREIA CARECAT PERFUM. 4KG;9,34;14,50;0,00;0,00;0
02758;AREIA PROGATO CLASSICA GRAOS PEQS. PERFUMADO;10,00;20,00;0,00;0,00;0
01728;ASATROPICA NATURAL VAREJO;25,34;41,00;0,00;0,00;0
00119;ASATROPICA OVOS E MEL VAREJO;13,51;25,00;0,00;0,00;0
03143;ASATROPICA VEGETAIS FRUTAS E INSETOS 2KG.;24,10;45,00;0,00;0,00;0
03078;ATIVI CART 40MG;120,01;851,90;0,00;0,00;0
00107;AVEVITA DE BANANA;5,60;11,00;0,00;0,00;0
02458;BIFINHO BILLY DOG E QUARTZ DIVERSOS 65GR;1,77;10,00;0,00;0,00;0
00808;BILLY CAT CASTRADO 15 KG;89,40;140,50;0,00;0,00;0
00050;BILLY CAT CASTRADO VAREJO;5,96;11,00;0,00;0,00;0
00394;BILLY CAT FILHOTE 15 KG;98,34;149,50;0,00;0,00;0
01903;BILLY CAT FILHOTE 1KG;8,74;14,00;0,00;0,00;0
00055;BILLY CAT FILHOTE VAREJO;6,55;12,50;0,00;0,00;0
02561;BILLY CAT MIX 25KG;133,84;207,50;0,00;0,00;0
00042;BILLY CAT MIX VAREJO;3,47;9,80;0,00;0,00;0
00477;BILLY CAT PEIXE 15 KG;82,54;124,00;0,00;0,00;0
00052;BILLY CAT PEIXE VAREJO;5,50;9,80;0,00;0,00;0
01946;BILLY CAT SALMAO 15 KG;82,54;124,00;0,00;0,00;0
00053;BILLY CAT SALMAO VAREJO;5,50;9,80;0,00;0,00;0
03076;BILLY CAT SELECT FRANGO 15 KG;82,54;124,00;0,00;0,00;0
01337;BILLY DOG FILHOTE 10 KG;55,48;87,00;0,00;0,00;0
01913;BILLY DOG MIX 15 KG;50,13;85,00;0,00;0,00;0
01011;BILLY DOG RACAS PEQ 15 KG;82,24;126,00;0,00;0,00;0
02007;BILLY DOG REFEICAO 22 PORCENTO 15 KG;65,66;113,00;0,00;0,00;0
01947;BILLY DOG SELECT AD 15KG;50,13;85,00;0,00;0,00;0
02761;BILLYDOG CASTRADOS 15KG;74,89;115,00;0,00;0,00;0
01944;BILLYDOG FILHOTE 25 KG;127,80;198,00;0,00;0,00;0
00003;BILLYDOG FILHOTE VAREJO;5,15;9,00;0,00;0,00;0
00021;BILLYDOG NATURAL VAREJO;4,38;9,50;0,00;0,00;0
02459;BILLYDOG R PEQUENAS 10 KG;58,00;85,00;0,00;0,00;0
00009;BILLYDOG RACAS PEQ VAREJO;5,48;9,70;0,00;0,00;0
00856;BILLYDOG REFEICAO DIARIA ADULTO 22% 1 KG;5,97;10,00;0,00;0,00;0
00017;BILLYDOG SELECT VAREJO;3,35;7,40;0,00;0,00;0
02222;BISCOITO QUATREE 3 POR 2;0,95;2,00;0,00;0,00;0
02076;BISCROK ADULTO 500 GR;16,30;22,50;0,00;0,00;0
02891;BISCROK ADULTO R. GRANDES 500G (22);16,30;22,50;0,00;0,00;0
02892;BISCROK ADULTO R. PEQUENAS 500G (22);16,30;22,50;0,00;0,00;0
01594;BISCROK ADULTO RP BANANA 500G (22);17,16;25,00;0,00;0,00;0
01596;BISCROK ADULTO RP MACA 500G (22);17,16;25,00;0,00;0,00;0
02893;BISCROK FILHOTES 300G (24);13,15;21,00;0,00;0,00;0
02956;BONE APETTIT DENTAL CARE 7UN 280 GR;12,90;21,50;0,00;0,00;0
01700;BONE APETTIT DENTAL CARE P/M 7UN 110 GR;6,90;12,00;0,00;0,00;0
02286;CANJIQUINHA COM MEL ( VAREJO );6,35;11,50;0,00;0,00;0
03094;CANTO FORTE CARDEAL MIX 500GR;7,80;14,50;0,00;0,00;0
03095;CANTO FORTE PASSARO PRETO MIX 500GR;6,68;12,50;0,00;0,00;0
01701;CASCO BOVINO C/1UND-BULLS PET;5,90;10,00;0,00;0,00;0
00065;CAT CHOW ADULTO CARNE KG VAREJO;11,24;18,50;0,00;0,00;0
01004;CAT CHOW PS ADULTOS CARNE 10,1KG N2 BR;120,71;174,00;0,00;0,00;0
00109;CC2030 VAREJO 1KG;20,95;34,00;0,00;0,00;0
01734;CEVAMIX / CEVAMIX SUPLEMENTO ANIMAL;5,18;8,50;0,00;0,00;0
03126;CHAMP SACHE 85G (40);1,60;3,50;0,00;0,00;0
01702;CHIFRE BOVINO C/1UN-PROCANINE;6,90;12,00;0,00;0,00;0
00071;CODORNA VAREJO;2,85;4,50;0,00;0,00;0
02877;COLEIRA COURO NATURAL NUMERO 9;13,87;27,00;0,00;0,00;0
01168;COMEDOURO ANTI FORMIGA MEDIO 600ML;4,50;9,50;0,00;0,00;0
02338;CORRUPIAO MIX 400GR;10,00;19,50;0,00;0,00;0
01003;DOG CHOW ADLT PS PEQ EXTRA LIFE FRG/ARZ 15KG;124,29;182,00;0,00;0,00;0
02101;DOG CHOW FILHOTE MINIS/PQNOS FRAN&ARROZ 15KG;138,97;205,28;0,00;0,00;0
01723;DOG EXCELLENCE RP ADULTO CORDEIRO 1KG;9,22;18,50;0,00;0,00;0
02964;DOG EXCELLENCE RP ADULTO FRANGO 1KG;9,22;18,50;0,00;0,00;0
02965;DOG EXCELLENCE RP ADULTO LIGHT 1KG;9,58;22,00;0,00;0,00;0
02966;DOG EXCELLENCE RP ADULTO SALMAO 1KG;9,22;18,50;0,00;0,00;0
02963;DOG EXCELLENCE RP FILHOTE 1KG;9,38;20,00;0,00;0,00;0
02967;DOG EXECELENCE RP ADULTO SENIOR 1KG;9,58;22,00;0,00;0,00;0
02968;DOG EXECELLENCE SENIOR FRANGO E ARROZ RMG 1KG;8,64;22,00;0,00;0,00;0
02176;DREAMIES CARNE 40 GR;3,95;8,00;0,00;0,00;0
03001;ESPECIAL APRONTA COLEIRO 400GR;7,80;14,00;0,00;0,00;0
02936;ESPECIAL TICO TICO MEL E PROPOLES 5KG;6,50;22,50;0,00;0,00;0
00757;FAISCA 15KG;45,91;68,00;0,00;0,00;0
01493;FAISCA 25 KG;76,54;125,00;0,00;0,00;0
01945;FAISCA 7 KG;23,88;38,00;0,00;0,00;0
00019;FAISCA VAREJO;3,06;6,20;0,00;0,00;0
02960;FARDO AREIA GATOZIM LAVANDA 4KG;5,98;12,00;0,00;0,00;0
02959;FARDO AREIA GATOZIM TRADICIONAL 4KG;3,98;9,00;0,00;0,00;0
02538;FENO SOLTO 400G PAIOL DO BICHO;9,90;17,00;0,00;0,00;0
01336;FOSTER 15KG;65,90;89,90;0,00;0,00;0
01483;FUNNY BUNNY;8,75;16,50;0,00;0,00;0
00105;GIRASSOL GRAUDO VAREJO;9,04;20,00;0,00;0,00;0
02067;GOLDEN ADULTO CARNE E ARROZ 15KG;129,36;187,60;0,00;0,00;0
00426;GOLDEN ADULTO CARNE MINIBITS 1KG;16,15;26,50;0,00;0,00;0
00419;GOLDEN ADULTO CARNE MINIBITS 3 KG;43,91;68,90;0,00;0,00;0
00413;GOLDEN ADULTO FRANGO 15 KG;114,48;188,00;0,00;0,00;0
00044;GOLDEN ADULTO MINI BITS FRANGO VAREJO;8,04;14,50;0,00;0,00;0
00007;GOLDEN ADULTO MINI BITS SALMAO VAREJO;9,60;15,40;0,00;0,00;0
00029;GOLDEN ADULTO VAREJO;7,39;12,50;0,00;0,00;0
02688;GOLDEN ADULTOS CAO SALMAO 15,0 KG;132,62;200,00;0,00;0,00;0
02669;GOLDEN ADULTOS CARNE MINI BITS 15,0 KG;114,48;183,50;0,00;0,00;0
02681;GOLDEN ADULTOS FRANGO MINI BITS 1,0 KG;16,15;26,50;0,00;0,00;0
02678;GOLDEN ADULTOS FRANGO MINI BITS 15,0 KG;114,48;182,00;0,00;0,00;0
02682;GOLDEN ADULTOS FRANGO MINI BITS 3,0 KG;44,64;68,90;0,00;0,00;0
02687;GOLDEN ADULTOS SALMAO MINI BITS 15,0 KG;135,56;204,70;0,00;0,00;0
00043;GOLDEN CARNE MINIBITS VAREJO;8,52;14,50;0,00;0,00;0
00907;GOLDEN COOKIE ( TODOS );12,37;19,50;0,00;0,00;0
02624;GOLDEN COOKIE KRYPTO LTD;14,56;21,00;0,00;0,00;0
00886;GOLDEN FILHOTE FRANGO MINI BITS 3 KG;46,14;72,00;0,00;0,00;0
00411;GOLDEN FILHOTE FRANGO MINIBITS 1KG;17,80;28,50;0,00;0,00;0
00912;GOLDEN FILHOTE FRANGO VERMELHA 15 KG;129,81;198,50;0,00;0,00;0
01607;GOLDEN FILHOTE MINI BITS CARNE 3KG;46,14;72,00;0,00;0,00;0
00039;GOLDEN FILHOTE MINI BITS VAREJO;9,69;16,50;0,00;0,00;0
00037;GOLDEN FILHOTE RAC GRANDE VAREJO;10,06;15,00;0,00;0,00;0
00412;GOLDEN FILHOTE RACAS GR FRANGO VERMELHO 3KG;34,62;51,50;0,00;0,00;0
02670;GOLDEN FILHOTES CARNE MINI BITS 1,0KG;17,80;28,50;0,00;0,00;0
02668;GOLDEN FILHOTES CARNE MINI BITS 10,1 KG;105,20;154,00;0,00;0,00;0
02671;GOLDEN FILHOTES FRANGO MINI BITS 10,1 KG;104,60;154,00;0,00;0,00;0
02831;GOLDEN FORMULA CAES SENIOR PORTE PEQUENO SABO;43,94;71,00;0,00;0,00;0
01441;GOLDEN FRANGO AD MINIBITS 10KG;102,00;147,90;0,00;0,00;0
00438;GOLDEN GATO CARNE 10,1KG;110,57;163,90;0,00;0,00;0
00606;GOLDEN GATO FILHOTE 10,1KG;125,81;178,00;0,00;0,00;0
02200;GOLDEN GATO FILHOTE 1KG;22,77;35,00;0,00;0,00;0
00049;GOLDEN GATO FILHOTE VAREJO;9,90;23,00;0,00;0,00;0
00066;GOLDEN GATO FRANGO VAREJO;10,47;17,50;0,00;0,00;0
00439;GOLDEN GATO SPECIAL 10,1KG;110,13;164,00;0,00;0,00;0
00051;GOLDEN GATO SPECIAL VAREJO;10,90;17,50;0,00;0,00;0
02693;GOLDEN GATOS AD CAST PEIXE 1 KG;24,25;36,60;0,00;0,00;0
02665;GOLDEN GATOS ADULTOS CARNE 1,0 KG;21,59;33,50;0,00;0,00;0
02672;GOLDEN GATOS ADULTOS FRANGO 1,0 KG;21,13;33,50;0,00;0,00;0
02673;GOLDEN GATOS ADULTOS FRANGO 10,1 KG;112,36;167,00;0,00;0,00;0
03162;GOLDEN GATOS ADULTOS FRANGO 3,O KG;50,55;78,60;0,00;0,00;0
02684;GOLDEN GATOS ADULTOS SALMAO 1,0 KG;22,97;36,50;0,00;0,00;0
02666;GOLDEN GATOS CASTRADOS CARNE 1,0KG;23,24;36,50;0,00;0,00;0
02667;GOLDEN GATOS CASTRADOS CARNE 10,1 KG;120,63;187,50;0,00;0,00;0
03077;GOLDEN GATOS CASTRADOS CARNE 3,0 KG;55,69;83,72;0,00;0,00;0
02674;GOLDEN GATOS CASTRADOS FRANGO 1,0 KG;24,25;36,50;0,00;0,00;0
02675;GOLDEN GATOS CASTRADOS FRANGO 10,1 KG;120,63;188,00;0,00;0,00;0
02898;GOLDEN GATOS CASTRADOS FRANGO 3,0 KG;53,64;81,00;0,00;0,00;0
00020;GOLDEN GATOS CASTRADOS SABOR CARNE;6,623;19,80;0,00;0,00;0
02685;GOLDEN GATOS CASTRADOS SALMAO 1,0 KG;24,57;37,50;0,00;0,00;0
02686;GOLDEN GATOS CASTRADOS SALMAO 10,1 KG;129,41;198,90;0,00;0,00;0
02899;GOLDEN GATOS CASTRADOS SALMAO 3,0 KG;56,42;85,00;0,00;0,00;0
02676;GOLDEN GATOS CASTRADOS SENIOR 1,0 KG;24,69;37,50;0,00;0,00;0
02689;GOLDEN GATOS FILHOTES 1 KG;22,25;35,00;0,00;0,00;0
02189;GOLDEN LIGHT 15 KG;106,75;200,00;0,00;0,00;0
03128;GOLDEN LIGHT AD RP 10KG;98,00;149,00;0,00;0,00;0
00913;GOLDEN POWER TRAINIG FILHOTE 15KG;146,55;197,84;0,00;0,00;0
00440;GOLDEN POWER TRAINING ADULTO 15 KG;131,24;184,00;0,00;0,00;0
01719;GOLDEN SELECAO NATURAL RP 1KG;19,65;28,50;0,00;0,00;0
02677;GOLDEN SELEÇÃO NATURAL CÃES FILHOTES MINI BIT;19,74;31,50;0,00;0,00;0
02679;GOLDEN SENIOR MINI BITS 10,1 KG;105,52;160,00;0,00;0,00;0
00418;GOLDEN SPECIAL 15KG;104,74;160,00;0,00;0,00;0
00610;GOLDEN SPECIAL ADULTO PEQ PORTE 15 KG;115,30;178,00;0,00;0,00;0
02695;GOLDEN SPECIAL CAES ADULTOS PORTE PEQUENO 15;114,08;177,00;0,00;0,00;0
02694;GOLDEN SPECIAL GATOS ADULTOS 10,1 KG;103,87;162,00;0,00;0,00;0
00004;GOLDEN SPECIAL MINI BITS ADULTO VAREJO;7,79;12,90;0,00;0,00;0
02782;HAMSTER 500G;3,80;9,00;0,00;0,00;0
02094;HOT CAT MIX 10KG;54,20;106,00;0,00;0,00;0
01616;HOT CAT PEIXE 10KG;54,20;106,00;0,00;0,00;0
02553;HOT CAT PEIXE 20 KG;111,23;199,90;0,00;0,00;0
00028;HOT CAT PEIXE VAREJO;6,53;11,90;0,00;0,00;0
02567;HOT DOG AD 20KG;111,09;154,00;0,00;0,00;0
02188;HOT DOG ADULTO 15 KG;68,22;117,90;0,00;0,00;0
02157;HOT DOG FILHOTE 10KG;56,92;101,90;0,00;0,00;0
02156;HOT DOG FILHOTE 20 KG;89,42;195,90;0,00;0,00;0
00002;HOT DOG FILHOTE VAREJO;6,50;10,90;0,00;0,00;0
02022;KIKO CAT 25 KG;112,68;174,00;0,00;0,00;0
00048;KIKO CAT VAREJO;4,51;7,50;0,00;0,00;0
00802;KIT BANDEJA COLORIDAS;12,69;22,50;0,00;0,00;0
02894;KIT E KAT SACHE 70G (48);1,60;4,00;0,00;0,00;0
02439;LATA BOMGUY PREMIUM AD CARNE 280GR;4,49;9,00;0,00;0,00;0
02969;LATA CHANIN PREMIUM PEIXE 280GR;4,49;9,00;0,00;0,00;0
01771;MARAVALHA FLOCADA C/ 300 GR;3,18;8,50;0,00;0,00;0
02129;MARROBONE 500 GR;16,30;27,00;0,00;0,00;0
00529;MASTER PAINCO PORTUGUES 100G;3,50;5,00;0,00;0,00;0
02791;MASTER VIAGRINHA 200GR;2,86;6,00;0,00;0,00;0
02977;MATISSE CAT WET MOUSSE FRANGO/SALMAO E SARDIN;6,60;13,00;0,00;0,00;0
00098;MILHO ALVO COMUM KG;5,18;19,00;0,00;0,00;0
00077;MILHO PICADO KG;2,58;4,90;0,00;0,00;0
01822;MILHO SACO;28,00;39,50;0,00;0,00;0
00072;MISTURA CALOPSITA KG;4,78;10,00;0,00;0,00;0
00075;MISTURA DE CANARIO BELGA KG;8,60;15,50;0,00;0,00;0
00070;MISTURA DE COLEIRO;5,59;11,50;0,00;0,00;0
00106;MISTURA DE PAPAGAIO;9,45;16,00;0,00;0,00;0
00032;MISTURAO;3,14;6,50;0,00;0,00;0
01033;NATIVOS COM BANANA 500GR;10,71;18,50;0,00;0,00;0
00095;NATIVUS VAREJO;9,86;24,00;0,00;0,00;0
02978;ND TROPICAL CAN ADT MINI CORD 2+0,5KG;87,35;133,00;0,00;0,00;0
02979;ND TROPICAL CAN ADT MINI FGO 2+0,5KG;73,66;120,00;0,00;0,00;0
02980;ND TROPICAL CAN PUP MINI CORD 2+0,5KG;95,58;150,00;0,00;0,00;0
01765;NUTRICON JABUTI 80 G;19,40;33,00;0,00;0,00;0
01769;NUTRICON TURTLE BABY 10G;8,49;15,00;0,00;0,00;0
02789;NUTRITIVA DE PESSEGO KG;11,50;21,00;0,00;0,00;0
02792;NUTRITIVA INSETO KG;31,75;62,00;0,00;0,00;0
02793;NUTRITIVA INTEGRAL KG;21,92;40,00;0,00;0,00;0
01597;NUTROPICA CALOPSITA NATURAL MINI BITS 300G (2;25,37;40,95;0,00;0,00;0
01956;NUTROPICA NATURAL 300 GR;28,69;48,00;0,00;0,00;0
02627;NUTROPICA NATURAL VAREJO;52,15;87,00;0,00;0,00;0
00280;NUTROPICA TRINCA-FERRO POWER 300G (20);30,15;50,50;0,00;0,00;0
03127;OPTIMUM PETISCO CAT ANTI BOLA PELO 80G (34);4,89;9,90;0,00;0,00;0
02895;OPTIMUM SACHE 100G (36);0,68;4,00;0,00;0,00;0
02927;OSSO NO 3/4 1KG;0,00;0,00;0,00;0,00;0
00219;OSSO NO 5-6;4,99;10,00;0,00;0,00;0
01491;OSSO NO 5-6 PREMIUM 1KG;57,99;120,00;0,00;0,00;0
01770;OSSO NO 6-7;8,11;16,00;0,00;0,00;0
02126;OSSO NO 6/7 PREMIUM - 1KG;52,90;120,00;0,00;0,00;0
00815;OSSO PALITO COL./BRA. PETISCAO COM 1 KG 8MM;14,99;31,00;0,00;0,00;0
00674;PAINCO PORTUGUES SACO DE PANO;3,50;6,00;0,00;0,00;0
02787;PAPA MIX DE FRUTA 500 G;10,00;18,00;0,00;0,00;0
03145;PAPAGAIO COM FRUTAS 300G;31,71;55,80;0,00;0,00;0
01250;PED DENTASTIX R MED 3 STICKS 77G (18);8,98;14,50;0,00;0,00;0
01579;PED DENTASTIX R PEQ 3 STICKS 45G (18);7,65;12,50;0,00;0,00;0
00968;PED DENTASTIX R PEQ 7 STICKS 110G (10);13,24;21,50;0,00;0,00;0
01600;PED NUTRICAO ESSENCIAL AO LEITE 15KG;88,25;115,00;0,00;0,00;0
02896;PED. FILEZITOS AD CARNE 60G (20);0,50;0,50;0,00;0,00;0
01598;PED. MARROBONE 200G (24);11,89;19,50;0,00;0,00;0
01578;PEDIGREE ADULTO CARNE E VEGETAIS 15 KG;129,09;195,00;143,19;0,00;0
00211;PEDIGREE FILHOTE 15 KG;129,09;195,50;0,00;0,00;0
00038;PEDIGREE FILHOTE VAREJO;9,08;13,90;0,00;0,00;0
00015;PEDIGREE R PEQ VAREJO;9,08;13,90;0,00;0,00;0
00474;PEDIGREE RACAS PEQ 15 KG;129,09;195,00;0,00;0,00;0
01332;PEDIGREE RACAS PEQUENA 900 GR;12,26;19,50;0,00;0,00;0
02107;PETR;67,90;100,00;0,00;0,00;0
02127;PETRUS DOG SABOR CARNE E FRANGO 19%;65,36;100,00;0,00;0,00;0
02163;PETRUS PREMIUM GATO 10,1KG;66,90;110,00;0,00;0,00;0
00063;PETRUS PREMIUM GOLD JUNIOR VAREJO;6,29;11,00;0,00;0,00;0
02182;PETRUS PREMIUM ORIG AD 15KG;65,36;100,00;0,00;0,00;0
00016;PETRUS PREMIUM ORIG AD VAREJO;4,52;8,50;0,00;0,00;0
03121;POYTARA BETTA ENVELOPE 6G;3,52;6,50;0,00;0,00;0
00011;PREMIER ADULTO RP VAREJO;12,47;20,00;0,00;0,00;0
01744;PREMIER ADULTOS RACAS MEDIAS E GRANDES;190,84;277,00;0,00;0,00;0
02663;PREMIER AMB INT ADULTOS 1,0 KG;30,27;48,00;0,00;0,00;0
02757;PREMIER AMB INT ADULTOS 2,5 KG;65,32;113,50;0,00;0,00;0
00996;PREMIER AMB INT CASTRADO 1,0 KG;36,32;53,00;0,00;0,00;0
02299;PREMIER AMB INT FILHOTE 1,0 KG;33,31;52,00;0,00;0,00;0
02573;PREMIER AMB INT FILHOTES 2,5 KG;71,79;113,00;0,00;0,00;0
02636;PREMIER AMB INT PAPINHA DESMAME;37,08;54,50;0,00;0,00;0
02828;PREMIER AMB INT SENIOR 1,0 KG;31,92;52,50;0,00;0,00;0
02829;PREMIER AMB INT SENIOR 2,5 KG;71,44;125,00;0,00;0,00;0
02657;PREMIER BULLDOG FRANCES ADULTOS 1,0 KG;33,03;50,50;0,00;0,00;0
02540;PREMIER BULLDOG FRANCES FILHOTE 1KG;35,71;51,50;0,00;0,00;0
02546;PREMIER COOKIE CAES ADULTOS 250G;13,50;21,00;0,00;0,00;0
02972;PREMIER COOKIE CAES ADULTOS PORTE PEQUENO PAS;13,50;23,00;0,00;0,00;0
02541;PREMIER FILHOTE RACAS PEQ VAREJO;14,52;21,00;0,00;0,00;0
01572;PREMIER FILHOTE VAREJO;14,50;21,00;0,00;0,00;0
02589;PREMIER GASTROINTESTINAL RACA PEQUENA 2,0KG;68,30;115,00;0,00;0,00;0
02654;PREMIER NC CAES DIABETES PEQUENO PORTE 2,0 KG;71,27;106,20;0,00;0,00;0
02826;PREMIER NC CAES HIPOALERGENICO CORDEIRO PEQ P;75,11;117,50;0,00;0,00;0
02655;PREMIER NC CAES OBESIDADE PEQUENO PORTE 2,0 K;74,25;113,00;0,00;0,00;0
02656;PREMIER NC GATOS RENAL 1,5 KG;74,25;116,00;0,00;0,00;0
02542;PREMIER NC GATOS URINARIO 500 GR;32,62;51,00;0,00;0,00;0
02692;PREMIER NUTRICAO CLINICA RENAL CAES PORTE PEQ;72,11;108,00;0,00;0,00;0
02664;PREMIER RACAS PEQUENAS ADULTOS 20,0KG;221,97;358,00;0,00;0,00;0
02659;PREMIER SHIH TZU ADULTOS 1,0 KG;33,42;50,00;0,00;0,00;0
02827;PREMIER SHIH TZU ADULTOS 2,5 KG;69,49;110,00;0,00;0,00;0
02658;PREMIER SHIH TZU FILHOTES 1,0 KG;35,17;52,00;0,00;0,00;0
02544;PREMIER SHIH TZU FILHOTES 2,5 KG;76,15;119,00;0,00;0,00;0
02660;PREMIER SPITZ ALEMAO ADULTOS 1,0 KG;32,86;51,50;0,00;0,00;0
02470;PREMIER SPITZ ALEMAO FILHOTE;34,59;53,50;0,00;0,00;0
02662;PREMIER YORKSHIRE ADULTOS 1,0 KG;31,66;50,00;0,00;0,00;0
02661;PREMIER YORKSHIRE FILHOTES 1,0 KG;34,26;52,50;0,00;0,00;0
01612;PRODUTO DESATIVADO;93,77;93,77;0,00;0,00;0
01825;QUARTZ ESSENCIAL 15KG;75,45;123,00;0,00;0,00;0
00026;QUARTZ ESSENCIAL VAREJO;5,03;10,50;0,00;0,00;0
01915;QUARTZ FILHOTE R PEQUENA 10 KG;66,22;108,00;0,00;0,00;0
00001;QUARTZ FILHOTE RACAS GR VAREJO;6,34;11,80;0,00;0,00;0
01936;QUARTZ FILHOTE RACAS GRANDE 15 KG;95,01;158,00;0,00;0,00;0
01995;QUARTZ FILHOTE RACAS PEQUENA 15KG;95,01;158,00;0,00;0,00;0
01940;QUARTZ GATO CASTRADO 10,1;80,42;128,00;0,00;0,00;0
01942;QUARTZ GATO CASTRADO 15 KG;114,40;186,00;0,00;0,00;0
00054;QUARTZ GATO CASTRADO VAREJO;7,62;14,50;0,00;0,00;0
01615;QUARTZ GATOS CAST. FRANGO 10,1KG UN 001;82,57;132,00;0,00;0,00;0
02760;QUARTZ HARD TRAINING 15KG;90,22;173,00;0,00;0,00;0
01416;QUARTZ RACAS PEQUENA 10,1 KG;67,03;108,00;0,00;0,00;0
01996;QUARTZ RACAS PEQUENA 15 KG;94,03;149,90;0,00;0,00;0
02357;QUARTZ SENIOR 1KG;8,65;16,50;0,00;0,00;0
00425;QUARTZ SENIOR RP 10,1 KG;68,03;113,00;0,00;0,00;0
00797;QUARTZ SENIOR RP 15 KG;95,30;158,00;0,00;0,00;0
00047;QUARTZ SENIOR VAREJO;6,36;15,50;0,00;0,00;0
02057;QUARTZ SUPREME ADULTO 15KG;87,50;143,00;0,00;0,00;0
00033;QUARTZ SUPREME ADULTO VAREJO;5,84;11,50;0,00;0,00;0
02158;QUATREE AD CARNE 15KG;68,52;120,00;0,00;0,00;0
00025;QUATREE AD CARNE VAREJO;5,46;9,90;0,00;0,00;0
01417;QUATREE ADULTO RMG 20 KG;163,05;236,40;0,00;0,00;0
02100;QUATREE BIFINHOS E PALITOS;2,53;4,90;0,00;0,00;0
01439;QUATREE CARNE 25 KG;147,02;210,00;0,00;0,00;0
00057;QUATREE GATO CARNE VAREJO;8,78;14,90;0,00;0,00;0
00059;QUATREE GATO CASTRADO MIX COM NUGGETS VAREJO;11,60;18,70;0,00;0,00;0
01994;QUATREE GATO MIX DE CARNE-CAST NUGET 10,1KG;88,72;174,90;0,00;0,00;0
00018;QUATREE GATOS CASTRADOS DELICIAS DO MAR VAREJ;9,466;16,90;0,00;0,00;0
02264;QUATREE GOUMERT ADULTO RP 1KG;8,68;19,90;0,00;0,00;0
00014;QUATREE GOUMERT ADULTO RP VAREJO;6,73;11,90;0,00;0,00;0
02369;QUATREE GOUMERT FILHOTE 20 KG;121,43;235,90;0,00;0,00;0
00005;QUATREE GOUMERT FILHOTE VAREJO;7,55;12,90;0,00;0,00;0
02447;QUATREE GOUMERT GATO FILHOTE 1 KG;9,57;22,90;0,00;0,00;0
00027;QUATREE GOUMERT VAREJO;6,37;10,90;0,00;0,00;0
02093;QUATREE GOURMET 15 KG;78,00;140,00;0,00;0,00;0
01910;QUATREE GOURMET AD RP 3KG;22,62;51,90;0,00;0,00;0
02371;QUATREE GOURMET ADULTO RP 10,1KG;60,02;115,90;0,00;0,00;0
02370;QUATREE GOURMET ADULTO RP 20KG;114,76;213,90;0,00;0,00;0
02097;QUATREE GOURMET FILHOTE 10 KG;64,42;124,90;0,00;0,00;0
02626;QUATREE GOURMET FILHOTE 15 KG;120,33;180,90;0,00;0,00;0
00180;QUATREE GOURMET FILHOTE 1KG;9,14;21,00;0,00;0,00;0
01725;QUATREE GOURMET FILHOTES 3 KG;23,83;53,90;0,00;0,00;0
01938;QUATREE GOURMET GATO AD CARNE,PEIXE E MIX 1 K;9,57;21,90;0,00;0,00;0
01621;QUATREE GOURMET GATO CARNE 20KG;135,50;265,90;0,00;0,00;0
01758;QUATREE GOURMET GATO CASTRADO MIX CARNES 20KG;177,70;330,90;0,00;0,00;0
00069;QUATREE GOURMET GATO FILHOTE VAREJO;7,30;14,90;0,00;0,00;0
02448;QUATREE GOURMET GATO MIX CASTRADO 1 KG;11,70;26,90;0,00;0,00;0
00058;QUATREE GOURMET GATO MIX VAREJO;8,26;14,90;0,00;0,00;0
02091;QUATREE GOURMET GATO MIX, CARNE E PEIXE 10,1K;74,97;139,90;0,00;0,00;0
02317;QUATREE GOURMET GATO MIX, CARNE E PEIXE 20KG;142,63;265,90;0,00;0,00;0
01620;QUATREE GOURMET GATO PEIXE 20KG;135,50;265,90;0,00;0,00;0
00056;QUATREE GOURMET GATO PEIXE VAREJO;8,78;14,90;0,00;0,00;0
02374;QUATREE GOURMET GATOS CASTRADOS DELICIAS DO M;80,09;149,90;0,00;0,00;0
02244;QUATREE GOURMET GATOS CASTRADOS DELICIAS DO M;10,53;23,90;0,00;0,00;0
03061;QUATREE GOURMET GATOS CASTRADOS DELICIAS DO M;152,39;282,90;0,00;0,00;0
01934;QUATREE GOURMET GATOS CASTRADOS MIX DE CARNES;220,78;330,90;0,00;0,00;0
02372;QUATREE GOURMET GATOS FILHOTES 10,1KG;72,59;144,90;0,00;0,00;0
01614;QUATREE GOURMET GATOS FILHOTES 20KG;139,56;289,80;0,00;0,00;0
02099;QUATREE LIFE 1 KG R.PEQ ARROZ&FRANGO;12,23;27,00;0,00;0,00;0
02233;QUATREE LIFE ADULTO RACAS PEQUENAS FRANGO 10,;81,47;154,90;0,00;0,00;0
02092;QUATREE LIFE ADULTO RMG 15 KG;115,17;220,50;0,00;0,00;0
02367;QUATREE LIFE ADULTO RMG 20 KG;134,99;287,00;0,00;0,00;0
02090;QUATREE LIFE ADULTO RP FRANGO 20 KG;151,93;289,90;0,00;0,00;0
02239;QUATREE LIFE FILHOTE 10 KG;83,85;153,00;0,00;0,00;0
02089;QUATREE LIFE FILHOTE 20 KG;157,73;309,90;0,00;0,00;0
02064;QUATREE LIFE FILHOTE RP 1KG;12,84;29,00;0,00;0,00;0
02559;QUATREE LIFE FILHOTE RP 3KG;35,02;75,90;0,00;0,00;0
00035;QUATREE LIFE FILHOTE VAREJO;8,50;14,50;0,00;0,00;0
02065;QUATREE LIFE GATO ADULTO 1 KG;14,33;31,90;0,00;0,00;0
00062;QUATREE LIFE GATO CAST VAREJO;10,83;18,50;0,00;0,00;0
02309;QUATREE LIFE GATO CASTRADO FRANGO 10,1;125,08;195,60;0,00;0,00;0
02087;QUATREE LIFE GATO CASTRADO SALMAO 20 KG;204,60;392,90;0,00;0,00;0
02368;QUATREE LIFE GATO CASTRADO SALMAO& ARROZ 1KG;14,77;32,80;0,00;0,00;0
02098;QUATREE LIFE GATO CASTRADO10 KG SALMAO OU FR;106,52;195,60;0,00;0,00;0
01718;QUATREE LIFE GATO FILHOTE 1KG;15,74;35,00;0,00;0,00;0
01884;QUATREE LIFE GATO SALMAO FRANGO CASTRADO 20;216,70;392,90;0,00;0,00;0
02257;QUATREE LIFE GATOS CASTRADOS FRANGO 1KG;14,77;32,80;0,00;0,00;0
02398;QUATREE LIFE GATOS FILHOTE 10,1 KG;122,29;198,50;0,00;0,00;0
00041;QUATREE LIFE RACAS PEQ VAREJO;8,14;13,90;0,00;0,00;0
02504;QUATREE LIFE RP 3 KG;33,35;73,00;0,00;0,00;0
03007;QUATREE ORAL STICKS CAES RACAS PEQUENAS 450G;29,08;52,70;0,00;0,00;0
02262;QUATREE SELECT AD FRANGO RMG 15KG;89,52;173,00;0,00;0,00;0
02279;QUATREE SELECT AD RP CARNE E FRANGO 1KG;10,71;23,50;0,00;0,00;0
02344;QUATREE SELECT ADULTO CARNE RMG 15KG;89,52;173,00;0,00;0,00;0
02345;QUATREE SELECT ADULTO CARNE RP 15 KG;89,52;173,00;0,00;0,00;0
02030;QUATREE SELECT ADULTO RP CARNE 10,1 KG;62,09;119,60;0,00;0,00;0
02265;QUATREE SELECT ADULTO RP FRANGO 15KG;89,52;173,00;0,00;0,00;0
01800;QUATREE SELECT ADULTO RP FRANGO 3KG;31,09;66,50;0,00;0,00;0
02263;QUATREE SELECT ADULTOS RP CARNE 3KG;31,09;66,50;0,00;0,00;0
02278;QUATREE SELECT FILHOTE RP 20KG;132,47;263,90;0,00;0,00;0
02346;QUATREE SELECT FILHOTE RP 3KG;27,29;70,50;0,00;0,00;0
02267;QUATREE SELECT FILHOTES RMG 15KG;95,46;179,50;0,00;0,00;0
03008;QUATREE SELECT FILHOTES RMG 20KG;123,47;218,90;0,00;0,00;0
02269;QUATREE SELECT FILHOTES RP 10,1KG;68,96;134,90;0,00;0,00;0
02280;QUATREE SELECT FILHOTES RP 1KG;11,53;25,60;0,00;0,00;0
02283;QUATREE SELECT FILHOTES RP 20KG;152,44;235,90;0,00;0,00;0
02241;QUATREE SELECT GATO CAST MIX DE CARNE 10KG;101,81;194,00;0,00;0,00;0
02358;QUATREE SELECT GATO CASTRADO FRANGO 3KG;41,90;80,70;0,00;0,00;0
02271;QUATREE SELECT GATOS ADULTOS 10,1KG;76,90;152,50;0,00;0,00;0
02272;QUATREE SELECT GATOS CAST. FRANG E CAR 10 KG;99,43;172,00;0,00;0,00;0
02924;QUATREE SELECT GATOS CASTRADOS MIX DE CARNES;193,49;386,50;0,00;0,00;0
03009;QUATREE SELECT ONE ADULTOS TODAS AS RACAS FRA;79,04;150,00;0,00;0,00;0
02216;QUATREE SELECT POWER AD TODAS AS RACAS 15 KG;108,39;199,50;0,00;0,00;0
02651;QUATREE SELECT RP FRANGO 10,1 KG;62,09;119,60;0,00;0,00;0
03062;QUATREE SELECT SENIOR 7 RP 1KG;11,51;24,60;0,00;0,00;0
03063;QUATREE SNACKS BIFINHOS SABOR CARNE 500G;20,48;31,90;0,00;0,00;0
03064;QUATREE SNACKS BIFINHOS SABOR CHURRASCO 500G;20,48;31,90;0,00;0,00;0
03065;QUATREE SNACKS BIFINHOS SABOR FRANGO 500G;20,48;31,90;0,00;0,00;0
01804;QUATREE SNACKS CROCK 400 GR ( TODOS );12,66;18,00;0,00;0,00;0
02234;QUATREE SNACKS GATO BOLA DE PELO 60 GR;6,41;10,50;0,00;0,00;0
02224;QUATREE SNACKS STICKS;5,66;10,60;0,00;0,00;0
02759;QUATREE SUPREME AD LIGHT / CASTRADO;0,00;274,90;0,00;0,00;0
02246;QUATREE SUPREME AD RP 10,1KG;100,96;189,90;0,00;0,00;0
00045;QUATREE SUPREME AD RP VAREJO;10,84;18,90;0,00;0,00;0
02155;QUATREE SUPREME ADULTO RACAS PEQ 1KG;15,83;31,90;0,00;0,00;0
02243;QUATREE SUPREME ADULTO RMG 15KG;142,71;261,80;0,00;0,00;0
01798;QUATREE SUPREME ADULTO RP 1 KG;19,17;35,00;0,00;0,00;0
02276;QUATREE SUPREME ADULTOS RP 15KG;145,57;266,50;0,00;0,00;0
03010;QUATREE SUPREME ADULTOS RP 2,5KG;37,20;80,90;0,00;0,00;0
02291;QUATREE SUPREME ADULTOS RP 3KG;40,57;89,90;0,00;0,00;0
03011;QUATREE SUPREME CAO LIGHT CASTRADO ADULTO RP;38,59;82,50;0,00;0,00;0
02282;QUATREE SUPREME FILHOTE RP 15KG;149,94;278,50;0,00;0,00;0
01916;QUATREE SUPREME FILHOTE RP 3KG;41,83;92,90;0,00;0,00;0
00040;QUATREE SUPREME FILHOTE RP VAREJO;10,65;18,90;0,00;0,00;0
02245;QUATREE SUPREME FILHOTES RP 10,1KG;103,98;194,80;0,00;0,00;0
02261;QUATREE SUPREME FILHOTES RP 1KG;16,20;36,50;0,00;0,00;0
03012;QUATREE SUPREME FILHOTES RP 2,5KG;38,07;82,50;0,00;0,00;0
00743;QUATREE SUPREME GATO CAST SALMAO OU FRANGO 1;15,92;24,90;0,00;0,00;0
00914;QUATREE SUPREME GATO CASTRADO FRANGO OU SALMA;121,61;228,90;0,00;0,00;0
02503;QUATREE SUPREME GATO CASTRADO SENIO 7+;151,29;241,50;0,00;0,00;0
02266;QUATREE SUPREME GATOS ADULTOS 10.1KG;114,65;227,00;0,00;0,00;0
02274;QUATREE SUPREME GATOS FILHOTES 10.1KG;125,48;231,90;0,00;0,00;0
02989;QUATREE SUPREME GATOS FILHOTES 1KG;14,28;24,90;0,00;0,00;0
01860;QUATREE SUPREME SENIOR +7 RMG 15 KG;208,00;274,50;0,00;0,00;0
00370;QUATREE SUPREME SENIOR +7 RP 1 KG;16,52;37,50;0,00;0,00;0
00904;QUATREE SUPREME SENIOR 10,1;117,85;200,50;0,00;0,00;0
02085;QUATREE SUPREME SENIOR 3 KG;42,39;97,90;0,00;0,00;0
03013;QUATREE SUPREME SENIOR 7 RP 2,5KG;38,82;85,50;0,00;0,00;0
02343;QUATREE SUPREME SENIOR RP 10,1;106,00;211,00;0,00;0,00;0
03174;R. CAES ADULTO BILLY DOG OSSINHO CARNE 15 KG;52,91;90,00;0,00;0,00;0
03175;R. CAES ADULTO BILLY DOG OSSINHO FRANGO 15 KG;52,91;90,00;0,00;0,00;0
00487;RAIO MOSCA 100 ML;2,50;8,00;0,00;0,00;0
01698;SACHE CAO PEDIGRE;1,94;4,00;0,00;0,00;0
01819;SACHE CAO PEDIGREE;1,82;4,00;0,00;0,00;0
01900;SACHE GATO;1,77;4,00;0,00;0,00;0
02379;SACHE QUATREE;1,69;4,00;0,00;0,00;0
00087;SAPORITO MIX KG;15,18;24,00;0,00;0,00;0
03103;SELECTA COLEIRO EXTRUSADO NATURAL 360GR;22,66;36,50;0,00;0,00;0
03104;SELECTA TRINCA FERRO 300GR;21,32;36,50;0,00;0,00;0
01855;SHEBA PETISCO CREMOSO 2X12;0,68;9,99;0,00;0,00;0
02783;SP.FUNNY CAT FRANGO 50G;3,35;5,50;0,00;0,00;0
02784;SP.FUNNY CAT SALMAO 50G;3,11;5,50;0,00;0,00;0
02785;SP.FUNNY DOG CARNE 80G;4,36;7,00;0,00;0,00;0
02786;SP.FUNNY DOG FRANGO 80G;4,36;7,00;0,00;0,00;0
02508;SPIN FIT PALITO;7,50;11,50;0,00;0,00;0
02388;SUUPRA MIX CURIO 500G;4,33;8,00;0,00;0,00;0
00092;TICO TICO ESPECIAL KG;8,90;22,50;0,00;0,00;0
00084;TORNEIO JILO KG;10,02;24,00;0,00;0,00;0
01703;TRAQUEIA BOVINA C/2UN-PROCANINE;6,90;12,00;0,00;0,00;0
00083;TRINCA BANANA VAREJO;11,26;22,00;0,00;0,00;0
00089;TRINCA ESPECIAL TENEBRIO KG;12,84;24,00;0,00;0,00;0
00085;TRINCA FLOCADA COM MAMAO;6,46;24,00;0,00;0,00;0
02794;TRINCA INSETO KG;27,48;62,00;0,00;0,00;0
00090;TRINCA JILO KG;11,26;22,00;0,00;0,00;0
02389;TRINCA TENEBRIO;8,27;20,00;0,00;0,00;0
00102;TRINCA TURBINADAS COM FRUTAS E LARVAS VAREJO;12,60;22,70;0,00;0,00;0
00086;TRINCA TURBIRNADAS C/ LARVAS E FRUTAS KG;12,60;22,70;0,00;0,00;0
02981;VET NAT CAN ADT GASTRO INTESTINAL 2KG;106,54;159,99;0,00;0,00;0
02982;VET NAT CAN ADT HYPO 2KG;121,89;186,00;0,00;0,00;0
02885;VET NAT CAN ADT URINARY STRUVITE 2KG;122,28;180,00;0,00;0,00;0
02983;VET NAT FEL ADT RENAL 0,4KG;29,39;48,00;0,00;0,00;0
02984;VET NAT FEL ADT URINARY STRUVITE 0,4KG;29,39;48,00;0,00;0,00;0
02985;VET NAT WET CAN ADT CONVALESCENCE 0,3KG;27,45;49,90;0,00;0,00;0
02986;VET NAT WET CAN ADT GASTRO INTESTINAL 0,3KG;27,45;49,90;0,00;0,00;0
02987;VET NAT WET CAN ADT HYPO FISH 0,3KG;27,45;49,90;0,00;0,00;0
02988;VET NAT WET CAN ADT RENAL 0,3KG;25,01;49,90;0,00;0,00;0
02886;VET NAT WET CAN ADT STRUVITE 0,3KG;29,97;49,90;0,00;0,00;0
00031;VITTA NATURAL AD E RACA PEQ. VAREJO;6,57;13,00;0,00;0,00;0
02625;VITTA NATURAL CAES AD CARNE E ARROZ 15 KG;101,98;155,00;0,00;0,00;0
02696;VITTA NATURAL CAES ADULTOS CARNE/ARROZ 15 KG;94,70;160,00;0,00;0,00;0
02698;VITTA NATURAL CAES ADULTOS FRANGO/CEREAIS 15;110,40;160,00;0,00;0,00;0
02697;VITTA NATURAL CAES ADULTOS RACAS PEQUENAS CAR;94,70;155,00;0,00;0,00;0
02830;VITTA NATURAL CAES ADULTOS RACAS PEQUENAS FRA;99,36;154,00;0,00;0,00;0
02699;VITTA NATURAL CAES FILHOTES RACAS PEQUENAS FR;91,20;138,00;0,00;0,00;0
00046;VITTA NATURAL FILHOTE FRANGO VAREJO;9,40;17,50;0,00;0,00;0
00447;WHISKAS CARNE OU PEIXE 10KG;123,63;178,90;0,00;0,00;0
02606;WHISKAS PACOTEIRA 900 GR ( TODOS );12,82;19,90;0,00;0,00;0
02897;WHISKAS PEIXE 500G (20);0,84;10,00;0,00;0,00;0
01878;ANZOL 4330 M/S N2 C 10;1,80;3,00;0,00;0,00;0
02080;ANZOL MARUSEIGO 10 12 14;2,25;4,50;0,00;0,00;0
01877;ANZOL MARUSEIGO M/S N8 C10;2,25;4,50;0,00;0,00;0
01943;ANZOL RETO LARGO M/S N10;4,05;8,00;0,00;0,00;0
01972;ANZOL RETO LARGO M/S N12;2,70;5,50;0,00;0,00;0
02063;ANZOL RETO LARGO M/S N14;2,25;4,50;0,00;0,00;0
01888;ANZOL RETO LARGO M/S N8;4,50;9,00;0,00;0,00;0
02780;BIOA TORPEDO S/CHUMBO;1,75;7,50;0,00;0,00;0
02778;BOIA PEAO GR C/CHUMBO;2,80;7,50;0,00;0,00;0
02779;BOIA PEAO GR S/CHUMBO;0,00;0,00;0,00;0,00;0
02777;BOIA PEAO PQ S/CHUMBO;2,60;7,50;0,00;0,00;0
02776;BOIA PEAO PQ. C/CHUMBO;2,99;7,50;0,00;0,00;0
02000;CHICOTE PARA ESPADA;5,01;8,50;0,00;0,00;0
00700;CHUMBO VARIADO KG;19,80;35,00;0,00;0,00;0
00722;GIRADOR N 1 C/10;3,25;5,50;0,00;0,00;0
00718;GRAMPO SM N-1;3,50;6,00;0,00;0,00;0
01867;GRAMPO SM N-3;4,09;7,00;0,00;0,00;0
02305;LINHA NYLON 0,20;1,50;5,00;0,00;0,00;0
01020;LINHA NYLON 0,30;3,45;6,50;0,00;0,00;0
00496;LINHA NYLON 0,35;3,54;7,00;0,00;0,00;0
00172;LINHA NYLON 0,40;5,15;8,50;0,00;0,00;0
00553;LINHA NYLON 0,50;5,00;13,50;0,00;0,00;0
02010;LINHA NYLON 0,60;12,00;18,00;0,00;0,00;0
02009;LINHA NYLON 0,80;8,43;22,50;0,00;0,00;0
01611;LINHA NYLON 0,90 MM;11,50;25,00;0,00;0,00;0
02008;LINHA NYLON 1,0;12,60;27,50;0,00;0,00;0
02088;PUCA MALHA 50CM C/CHUMBO;13,45;24,50;0,00;0,00;0
01764;SABIKI N-12 14 16 20;5,06;8,50;0,00;0,00;0
02622;A/D;0,00;49,90;0,00;0,00;0
02729;AFASTA GATO CITROMAX 300G;22,53;38,00;0,00;0,00;0
01709;AGEMOXI 50MG;39,99;68,00;0,00;0,00;0
01189;ALERGOVET 0,7 MG;40,97;53,50;0,00;0,00;0
01190;ALERGOVET 1,4MG;43,73;85,00;0,00;0,00;0
02852;ALLERMYL SIS 250ML;102,28;151,60;0,00;0,00;0
02837;AMINOMIX PO 100GR;31,41;63,50;0,00;0,00;0
02513;ANIZEN 30 ML;65,50;106,00;0,00;0,00;0
01732;ANTITOXICO ORAL BIOFARM;9,94;16,00;0,00;0,00;0
02393;APLICADOR DE COMPRIMIDOS;4,44;19,90;0,00;0,00;0
02844;ARTROS 30ML;64,29;109,00;0,00;0,00;0
02918;ARTROSIN 30G;77,59;131,50;0,00;0,00;0
01644;ARTROTABS 30 COMP;135,05;224,00;0,00;0,00;0
01726;AURIGEN 15 G;54,64;93,00;0,00;0,00;0
02527;AURITOP 15 GR;53,51;81,00;0,00;0,00;0
01761;AURIVET CLEAN 50 ML;35,68;69,00;0,00;0,00;0
02179;AVECOX 15 ML;23,52;39,90;0,00;0,00;0
01153;AVITRIN ANTIBIOTICO;11,33;25,00;0,00;0,00;0
00988;AVITRIN CALCIO 15 ML;10,49;23,50;0,00;0,00;0
01450;AVITRIN COMPLEXO VITAMINICO 15 ML;9,60;21,80;0,00;0,00;0
01808;AVITRIN E 15ML;11,34;29,00;0,00;0,00;0
01182;AVITRIN FERRO;14,07;22,50;0,00;0,00;0
01300;AVITRIN PLUMAS 15ML;14,66;23,50;0,00;0,00;0
00692;AVITRIN PS;13,93;22,90;0,00;0,00;0
01155;AVITRIN REPRODUCAO;14,36;28,50;0,00;0,00;0
02754;AVITRIN VIAS AEREAS 15ML;14,99;24,00;0,00;0,00;0
01100;AZICOX-2 200 MG;107,06;161,50;0,00;0,00;0
02607;BABYFLORA 10G;79,07;126,50;0,00;0,00;0
02863;BALL FREE PASTA ORAL 70G;50,81;83,50;0,00;0,00;0
01661;BENEFLORA 14G;53,13;80,00;0,00;0,00;0
02562;BIODEX 20 COMPRIMIDOS;12,99;21,50;0,00;0,00;0
02475;BIOFLOXACIN 150MG CARTELA;23,86;54,50;0,00;0,00;0
02481;BIOFLOXACIN 50MG;12,73;21,50;0,00;0,00;0
01625;BIOTRIL 4 COMPRIMIDOS ( CARTELA );11,99;20,50;0,00;0,00;0
00736;BUTOX 25ML;3,16;6,00;0,00;0,00;0
02873;CAL-D-MIX PET LIQUIDO 100ML;24,21;40,00;0,00;0,00;0
01029;CALMAVET 30 ML;26,03;42,00;0,00;0,00;0
01255;CALMINEX VET 100G;38,00;61,00;0,00;0,00;0
00125;CANEX COMPOSTO 4 COMPRIMIDOS;3,99;10,00;0,00;0,00;0
00120;CANTO LINDO VIAS AERES 10ML;12,96;22,00;0,00;0,00;0
03018;CAPSTAR 11,4 MG 6CP (AZUL);11,62;19,50;0,00;0,00;0
00304;CAPSTAR 11,4MG COM 6 COMPRIMIDOS;14,15;22,50;0,00;0,00;0
00305;CAPSTAR 57 MG 1 COMPRIMIDO ADULTO;14,37;23,50;0,00;0,00;0
02014;CARBOVET 20 COMPRIMIDOS;24,91;42,50;0,00;0,00;0
03114;CARPROFEN 100MG;54,67;98,00;0,00;0,00;0
03112;CARPROFEN 25MG;25,18;45,50;0,00;0,00;0
03113;CARPROFEN 75MG;42,25;78,00;0,00;0,00;0
01005;CARRAPATOX 20ML;1,99;7,00;0,00;0,00;0
03089;CEFA SID 110MG C/10 COMP;14,77;29,00;0,00;0,00;0
03090;CEFA SID 220MG C/10 COMP;49,01;93,00;0,00;0,00;0
03091;CEFA SID 440MG C/10 COMP;90,44;162,00;0,00;0,00;0
03092;CEFA SID 660MG C/10 COMP;113,02;203,50;0,00;0,00;0
02914;CEFEX 500 MG 10 COMP (12);71,96;119,50;0,00;0,00;0
03004;CEFEX SUSPENSAO 60 ML (12) UN 001;67,71;108,50;0,00;0,00;0
02227;CELESPORIN 600MG;110,51;183,50;0,00;0,00;0
03111;CICATRIZANTE CMR VET 190G;48,10;81,50;0,00;0,00;0
00333;CIKADOL 50GR SYNTEC;28,42;54,00;0,00;0,00;0
02450;CINO CONTROL 30 ML;72,43;109,00;0,00;0,00;0
02516;CIPROVET GOTAS 5ML;128,14;182,00;0,00;0,00;0
00484;CIST CONTROL;69,60;112,00;0,00;0,00;0
02642;CISTIMICIN VET 30 COMPRIMIDOS;82,42;145,00;0,00;0,00;0
02864;CLEAN UP 100ML;48,44;80,00;0,00;0,00;0
02238;CMR PET 15GR;58,41;97,00;0,00;0,00;0
01992;COLEIRA ANT PULGAS DUGS;9,91;20,00;0,00;0,00;0
01636;COLEIRA NYLON COD 604 CLOVIS N 8;12,00;21,90;0,00;0,00;0
02254;COLEIRA PREVIM ANT PULGAS;21,57;34,50;0,00;0,00;0
02713;COLIRIO BIOFARM 20ML;18,20;31,00;0,00;0,00;0
02854;COLIRIO CINERARIA MARITIMA 10ML;40,96;77,06;0,00;0,00;0
01627;COLIRIO PET BIOFARM 20ML;21,99;37,50;0,00;0,00;0
01122;COLIRIO SIMOES 10 ML;17,47;34,00;0,00;0,00;0
02031;COLOSSO PULV 25 ML;7,04;14,00;0,00;0,00;0
01793;COMBO BANNI 3 0,30 ML C/ 3 FLACONETES;33,19;53,00;0,00;0,00;0
02599;CONDROPLEX 1000 60COMPRIMIDOS;70,38;125,00;0,00;0,00;0
02766;CONDROPLEX 1000 MG 60 CAPS;61,86;105,50;0,00;0,00;0
01681;CONDROPLEX 500MG 60 COMP;47,78;110,00;0,00;0,00;0
02765;CONDROPLEX 500MG CAPS;43,42;72,00;0,00;0,00;0
02601;CONDROPLEX LB;112,85;188,00;0,00;0,00;0
03054;CONDROPLEX PASTA 60 G;81,23;139,00;0,00;0,00;0
00407;COPROVET ORAL 20 COMP;42,24;71,50;0,00;0,00;0
02125;CORRENTE N 0;15,03;28,00;0,00;0,00;0
01174;CORT- TRAT COMPRIMIDO;11,99;22,00;0,00;0,00;0
00244;CREDELI 1,3 A 2,5 KG;34,74;56,00;0,00;0,00;0
02186;CREDELI 11 A 22 KG;48,16;78,00;0,00;0,00;0
02210;CREDELI 2,5 A 5KG;37,89;61,50;0,00;0,00;0
02187;CREDELI 22 A 45 KG;62,17;102,50;0,00;0,00;0
02185;CREDELI 5 A 11 KG;40,80;66,50;0,00;0,00;0
01418;CREDELI GATOS 0,9 A 2,0 KG;38,99;65,99;0,00;0,00;0
02308;CREMA 6A BISNAGA 15GR;51,68;86,00;0,00;0,00;0
02993;CREME DENTAL PET CLEAN TODOS OS SABORES 90G;9,93;16,00;0,00;0,00;0
01784;CUPINICIDA KELLDRIN 100ML;4,64;11,50;0,00;0,00;0
02015;CURINFEC 100 ML;41,05;65,50;0,00;0,00;0
03052;DC LIMPA PATAS 70 120ML;26,57;42,50;0,00;0,00;0
01733;DEFEND PRO CAES + 10 A 20KG;23,36;39,00;0,00;0,00;0
01426;DEFEND PRO CAES +20 A 40 KG - 2,68ML;27,29;42,00;0,00;0,00;0
02096;DEFEND PRO CAES +40KG 4,02ML;30,42;47,50;0,00;0,00;0
00834;DEFEND PRO CAES ATE 10KG - 0,67ML;19,11;29,00;0,00;0,00;0
01517;DEFEND PRO GATOS 0,5ML;19,11;29,00;0,00;0,00;0
02764;DERMAPET 30 CAPSULAS;34,71;59,00;0,00;0,00;0
02198;DERMOCLEAN MOUSSE ANIMAL HEALTH 19X150ML IBAS;52,33;89,00;0,00;0,00;0
02900;DERMOTRAT AEROSOL 75G/110ML;97,14;115,00;0,00;0,00;0
02901;DERMOTRAT CREME 20G;83,15;98,50;0,00;0,00;0
01412;DESINFETANTE PROCAO 3X1 CITRONELA 2LT;13,07;29,90;0,00;0,00;0
00321;DEXATABS VITA C/12 COMP;26,42;43,50;0,00;0,00;0
02311;DIPIRONA GOTAS;21,50;34,50;0,00;0,00;0
02845;DISPLASIA 30ML;68,78;114,00;0,00;0,00;0
02768;DOXIFIN TABS CART 100 MG 14 COMPR;45,79;73,00;0,00;0,00;0
02767;DOXIFIN TABS CART 50 MG 14 COMPR;22,90;36,50;0,00;0,00;0
00133;DOXITABS 50MG CARTELA;20,26;34,50;0,00;0,00;0
02515;DOXITEC 100 MG;17,56;35,50;0,00;0,00;0
02514;DOXITEC 200 MG;23,96;47,90;0,00;0,00;0
02555;DOXITEC 50 MG;15,34;30,50;0,00;0,00;0
02612;DOXY SUSPENSAO 300MG;74,35;119,00;0,00;0,00;0
02522;EASOTIC 10 ML;137,06;158,99;0,00;0,00;0
00175;ELETROLITICO PET 10G;5,20;9,50;0,00;0,00;0
00712;ELIMINADOR DE ODORES HERBAL 2 LTS;9,19;16,00;0,00;0,00;0
00884;ELIMINADOR SANOL DOG ( TODOS);13,38;22,90;0,00;0,00;0
02480;EMEDRON 10MG;59,55;99,50;0,00;0,00;0
02865;EMEDRON 20MG X 10COMPRIMIDOS;67,98;113,00;0,00;0,00;0
00624;EMEDRON 5 MG;33,63;59,80;0,00;0,00;0
01284;ENDOGARD 2,5 KG;15,81;24,90;0,00;0,00;0
01649;ENDOGARD 30KG;95,11;142,50;0,00;0,00;0
02306;ENDOGARD DE 10 KG;34,71;52,00;0,00;0,00;0
01792;ENERGY PET 125 ML;36,44;72,00;0,00;0,00;0
01467;ENROFLEC 10 ML;11,22;21,00;0,00;0,00;0
01751;ENTEREX (UNITARIO SACHE );14,12;23,50;0,00;0,00;0
02134;ENZICLIM 220ML;27,49;44,00;0,00;0,00;0
02353;EPI CONTROL;61,39;102,00;0,00;0,00;0
02377;EPIOTIC 100ML;74,05;118,50;0,00;0,00;0
02461;ERITROS CAT PASTA 27 ML;78,05;129,50;0,00;0,00;0
02083;ERITROS DOG TABS 18G;69,80;109,00;0,00;0,00;0
02058;ERLI CONTROL 30 ML;66,86;102,50;0,00;0,00;0
02613;EVITAK 2,5 MG;14,22;24,50;0,00;0,00;0
03079;FIBER ACTIVE 120 GRS;96,71;155,00;0,00;0,00;0
02866;FLAMAVET 0,5MG DISPLAY;16,71;29,90;0,00;0,00;0
02954;FLAMAVET 2,0;25,60;42,00;0,00;0,00;0
02473;FLUIDO IBASA SPRAY * 12X200ML IBASA;48,25;80,00;0,00;0,00;0
00318;FLUIDO IBASA100 ML;31,74;53,00;0,00;0,00;0
01307;FLUTUADOR MEDIO BETEL;16,00;29,00;0,00;0,00;0
01632;FOLI B SUSPENSO ORAL 30ML;62,95;104,00;0,00;0,00;0
01116;FORMILINE 500 ML;16,00;39,00;0,00;0,00;0
02591;FRONTLINE SPRAY 100ML;106,96;160,00;0,00;0,00;0
02874;FURANIL BISNAGA 50 G;36,81;61,00;0,00;0,00;0
00960;GASTROBLOCK 10MG HOSPITALAR;16,21;28,00;0,00;0,00;0
01782;GAVIZ 5MG;11,00;20,00;0,00;0,00;0
01443;GAVIZ V 10 MG;19,90;31,80;0,00;0,00;0
02615;GIARDICID 50 MG;51,98;86,50;0,00;0,00;0
03005;GIARDICID 500 MG C/ 10 COMP UN 001;109,91;176,00;0,00;0,00;0
02917;GIARDICID 500 MG C/ 5 COMP;60,66;110,50;0,00;0,00;0
02616;GIARDICID SUSPENSAO 50 ML;68,33;113,50;0,00;0,00;0
03014;GLICOPAN GOLD 30 COMPRIMIDOS;65,91;112,00;0,00;0,00;0
01820;GLICOPAN PET 125 ML;34,99;63,50;0,00;0,00;0
00139;GLICOPAN PET 30 ML;22,90;39,50;0,00;0,00;0
02762;GLICOPET 30ML;14,81;32,00;0,00;0,00;0
01624;GLICOVET 30 ML;8,87;17,00;0,00;0,00;0
02796;GLOBION PET BLST 1.000MG;25,91;41,50;0,00;0,00;0
02797;GLOBION PET BLST 500MG;19,59;31,00;0,00;0,00;0
02795;HALITO DINE SPRAY 100ML;34,06;61,00;0,00;0,00;0
02955;HELFINE PLUS CAES;26,68;42,00;0,00;0,00;0
02360;HEMOLIPET 30 COMPRIMIDOS;38,95;65,99;0,00;0,00;0
01642;HEMOLIPET SUSPENSAO 30 ML;23,35;43,00;0,00;0,00;0
01279;HEMOLITAN GOLD 30 COMPRIMIDOS;65,91;112,00;0,00;0,00;0
03015;HEMOLITAN PET 30 COMPRIMIDOS;47,61;79,50;0,00;0,00;0
00140;HEMOLITAN PET GOTAS 30ML;28,22;44,60;0,00;0,00;0
02204;HEPATOL 20 ML;4,86;14,00;0,00;0,00;0
01626;HEPATOX 20ML;8,90;18,00;0,00;0,00;0
00397;HEPGUARD C/30 COMPRIMIDOS;63,41;105,00;0,00;0,00;0
01762;HEPVET 30 COMPRIMIDOS;87,21;138,50;0,00;0,00;0
01460;HEPVET SUSPENSAO 60ML;84,51;134,50;0,00;0,00;0
02135;HERBAL VET TA 1L;84,05;124,00;0,00;0,00;0
02867;HIDRAPET LOCAO;78,44;118,00;0,00;0,00;0
00353;HIDROVIT GOTAS 50 ML;23,67;38,50;0,00;0,00;0
02195;HOT CAT MIX 20 KG S/CORANTE;111,23;199,90;0,00;0,00;0
03108;IBASA SABONETE ANTIPULGA/CARRAP AMOR 80G UN 0;11,08;19,50;0,00;0,00;0
03109;IBASA SPRAY ANTIPULGAS/CARRAPATOS 100ML UN 00;24,86;36,50;0,00;0,00;0
03110;IBASA TALCO ANTIPULGAS 100G UN 001;22,99;33,50;0,00;0,00;0
00644;ILT 25MG;66,98;113,90;0,00;0,00;0
02849;IMDERME 1.000 45 CAPS;75,13;125,00;0,00;0,00;0
02850;IMDERME 500 45 CAPS;55,47;93,00;0,00;0,00;0
02912;IN.SPRAY PULKILL 250ML;19,71;32,00;0,00;0,00;0
02753;INDU - AVEMIL PRONTOVIT 20ML;9,82;19,70;0,00;0,00;0
00301;INIBIDEX;1,90;7,00;0,00;0,00;0
02846;INTESTIN 30ML;61,23;102,00;0,00;0,00;0
02105;ITL 100 MG ITRACONAZOL;135,00;220,00;0,00;0,00;0
01745;ITL 25MG;64,82;113,00;0,00;0,00;0
01602;ITRACONAZOL 100 MG 10 COMP;146,69;220,00;0,00;0,00;0
02790;ITRACONAZOL 50 MG 10 COMP (12);98,24;170,00;0,00;0,00;0
01806;IVERTRILL 12 MG;4,99;19,50;0,00;0,00;0
00390;K-OTRINE SC 25;13,79;23,00;0,00;0,00;0
03161;KARDIO SNACKS;35,14;35,14;0,00;0,00;0
01037;KERAVIT PET 5G;72,95;110,00;0,00;0,00;0
02164;KETOFEN 20 MG;46,99;78,00;0,00;0,00;0
01434;KETOFEN 5MG;30,60;50,50;0,00;0,00;0
02841;KIT SANOL BANHO;25,90;46,50;0,00;0,00;0
02840;KIT SANOL FEMEA LABELLE;26,49;51,00;0,00;0,00;0
02855;LACRI COLIRIO 15ML;48,74;81,00;0,00;0,00;0
03080;LACTOBAC CAT PLUS 12 ML;37,32;60,00;0,00;0,00;0
03081;LACTOBAC DOG PLUS 13 ML;35,05;57,00;0,00;0,00;0
03082;LACTOBAC MULTIESPECIE 100 GRS;20,32;35,00;0,00;0,00;0
01848;LIMP E HIDRAT 100 ML;57,18;90,00;0,00;0,00;0
02902;LIMP HIDRAT PLUS 100ML;62,60;106,50;0,00;0,00;0
03051;MA.NUTRISANA CISPET 30 COMP;49,83;84,90;0,00;0,00;0
01682;MACROGARD 30 COMPRIMIDOS;109,41;175,50;0,00;0,00;0
01693;MACROGARD PASTA 60 G;54,46;111,00;0,00;0,00;0
01685;MACROGARD SMALL SIZE 30 COMPRIMIDOS;60,30;100,50;0,00;0,00;0
00292;MARAVALHA PRENSADA 800 GR;8,59;15,00;15,00;15,00;0
03171;MATA BICHEIRA FORTE SV 500 ML;10,53;21,00;0,00;0,00;0
01881;MATA BICHEIRA LABGARD 500 ML;6,96;15,00;0,00;0,00;0
02029;MATA BICHEIRA ORGANNAC 200ML;22,97;37,60;0,00;0,00;0
00319;MATA BICHEIRA PRATA 3000ML;13,99;22,50;0,00;0,00;0
02131;MAXX GEL FORMIGA E BARATA;4,80;9,50;0,00;0,00;0
02825;MECTIMAX 12MG;15,50;26,50;0,00;0,00;0
02832;MECTIMAX 3 MG C/4 COMP;10,93;18,00;0,00;0,00;0
01811;MELLIS VET 0,2MG;12,34;21,00;0,00;0,00;0
00603;MELLIS VET 0,5MG;20,04;35,00;0,00;0,00;0
00520;MELLIS VET 2 MG;31,05;54,50;0,00;0,00;0
01486;MELLIS VET 3MG;35,64;57,00;0,00;0,00;0
01481;MELLIS VET 4MG;38,31;63,50;0,00;0,00;0
00137;MERCEPTON ORAL 20ML;19,85;30,50;0,00;0,00;0
01468;METACELL 50 ML;39,45;80,00;0,00;0,00;0
02842;MICODINE SHAMPOO 225ML;53,83;89,50;0,00;0,00;0
00148;MILBEMAX ATE 5KG 2 COMPRIMIDOS;29,29;48,00;0,00;0,00;0
01125;MILBEMAX DE 5 A 25 KG;51,10;83,00;0,00;0,00;0
02868;MIRTZ 2MG;75,32;125,00;0,00;0,00;0
00136;MONOVIN A;28,86;47,00;0,00;0,00;0
01679;NALYT 100 PLUS 10 GR;16,20;30,50;0,00;0,00;0
02203;NATU VERM VERMIFUGO C/ 4 COMPRIMIDOS;4,30;12,00;0,00;0,00;0
00742;NATU VERME 4 COMPRIMIDOS;3,00;12,00;0,00;0,00;0
02847;NEO CONTROL 30ML;60,77;103,00;0,00;0,00;0
01477;NEO SULMETINA SM 15ML;12,71;23,50;0,00;0,00;0
02316;NEXGARD SPECTRA 15,1 A 30 KG G;89,11;142,00;0,00;0,00;0
01876;NEXGARD SPECTRA 2-3,5KG PP;50,30;73,90;0,00;0,00;0
00608;NEXGARD SPECTRA 3,6 A 7,6 P;56,46;82,50;0,00;0,00;0
01371;NEXGARD SPECTRA 30,1-60KG GG;94,01;149,50;0,00;0,00;0
02315;NEXGARD SPECTRA 7,6 A 15KG M;64,26;97,00;0,00;0,00;0
01327;NOKALT 40ML;9,54;19,00;0,00;0,00;0
02919;NUTRAMUNO CAES 6G;54,10;89,50;0,00;0,00;0
02920;NUTRAMUNO GATOS 6G;50,31;89,50;0,00;0,00;0
02851;NUTRICALM 30 COMP;46,47;78,00;0,00;0,00;0
03055;OGRAX ARTRO 10KG 30 CAPSULAS;157,49;260,00;0,00;0,00;0
01692;OGRAX ARTRO 5KG 30 CAPSULAS;147,18;221,00;0,00;0,00;0
02605;OGRAX BABY SOL 30ML;70,38;116,99;0,00;0,00;0
02975;OGRAX DERME 10KG 30 CAPSULAS;83,48;141,00;0,00;0,00;0
03144;OGRAX DERME 20KG 30 CAPSULAS;141,12;234,99;0,00;0,00;0
01688;OGRAX GATOS 30 CAPSULAS;71,39;107,00;0,00;0,00;0
01678;OGRAX PLUS 5 CAP X 30;85,91;141,00;0,00;0,00;0
01968;OGRAX-3 1000MG 30 CAPSULAS;89,57;148,50;0,00;0,00;0
02990;OGRAX-3 1500MG 30CAPASULAS;105,00;174,00;0,00;0,00;0
00758;OGRAX-3 500MG 30 CAPSULAS;61,19;102,00;0,00;0,00;0
03084;OMEGA 3 DOG 1000MG 12X30 GRS;84,14;135,00;0,00;0,00;0
03083;OMEGA CAT 3,6+D 30ML;55,64;89,00;0,00;0,00;0
03085;OMEGA3 DOG 500MG C/30-15 GRS;68,37;109,99;0,00;0,00;0
02548;OPTIVET CLEAN 100 ML;35,11;53,50;0,00;0,00;0
01629;OPTIVET TEARS 10ML VETNIL;84,51;135,50;0,00;0,00;0
02617;ORALGUARD 150 MG 14 COMP;65,04;107,00;0,00;0,00;0
02618;ORALGUARD 50 MG;44,97;76,50;0,00;0,00;0
02463;ORGA MILK 60 GRS;44,79;80,00;0,00;0,00;0
02457;ORGANEW PET 100GR;24,21;48,00;0,00;0,00;0
02568;ORGANEW PROBIOTICO PASTA 12G;23,69;37,00;0,00;0,00;0
02869;OTOCALM 14ML;70,81;118,00;0,00;0,00;0
01433;OTOCANIS 10 ML;22,17;37,90;0,00;0,00;0
00135;OTODERMIN GOTAS 20ML;29,30;48,00;0,00;0,00;0
02619;OTOGUARD 20 ML;90,19;153,50;0,00;0,00;0
02362;OTOVET 20ML;24,05;38,50;0,00;0,00;0
01641;OXCELL 1000 MG 30 CAPSULAS;135,98;225,99;0,00;0,00;0
01633;OXCELL 500 MG 30 CAPSULAS;79,06;131,50;0,00;0,00;0
02302;PAN CONTROL 30 ML;64,52;110,50;0,00;0,00;0
02701;PELO E DERME 1500MG DHA+EPA 30 CAP;79,11;124,00;0,00;0,00;0
01435;PELO E DERME 750 MG;53,91;86,50;0,00;0,00;0
01907;PERIOVET GEL;45,81;76,00;0,00;0,00;0
02215;PERIOVET SPRAY 100ML;35,91;57,50;0,00;0,00;0
00462;PET MILK 100 GR;51,70;102,00;0,00;0,00;0
03016;PET MILK 300G;119,31;234,00;0,00;0,00;0
01107;PETSPORIN 300 MG;54,76;85,00;0,00;0,00;0
01109;PETSPORIN 600MG;69,37;108,90;0,00;0,00;0
01108;PETSPORIN 75MG;24,53;42,00;0,00;0,00;0
02853;PHISIODERM SHAMPOO PELE SENSIVEL 250 ML;93,75;154,70;0,00;0,00;0
02714;PIPETA TEA GATOS 4,1 A 8KG -1ML;12,07;19,90;0,00;0,00;0
02505;PIPETA TEA UNIDADE ATE 4 KG;10,85;18,00;0,00;0,00;0
00883;PIPI SIM / PIPI NAO -EDUCADOR;11,90;20,50;0,00;0,00;0
00771;PLASIVET 20ML;21,50;34,50;0,00;0,00;0
02848;PNEUMO CONTROL 30ML;61,97;105,00;0,00;0,00;0
02199;POMADA CICATRIZANTE 18X100G * IBASA;52,72;87,50;0,00;0,00;0
00862;PORTAO DE SEGURANCA (MOLA) / PORTAO COM ALONG;69,99;119,00;0,00;0,00;0
03086;POSTBIOTC 60 GRS;54,44;88,00;0,00;0,00;0
01954;PREDITABS 10 MG C/10 COMP;17,47;29,80;0,00;0,00;0
00571;PREDITABS 20MG;32,63;55,70;0,00;0,00;0
02153;PREDITABS 5 MG C/10COMP;11,47;19,90;0,00;0,00;0
02870;PREDNON 30ML;33,17;55,00;0,00;0,00;0
02957;PREVE-GEST 20MG;96,79;145,00;0,00;0,00;0
02958;PREVE-GEST 5MG;57,82;92,50;0,00;0,00;0
02395;PRO COLUNA;68,07;113,00;0,00;0,00;0
01605;PRO DERMA 30ML;56,87;100,00;0,00;0,00;0
00893;PRO FIGADO 30ML;54,93;91,50;0,00;0,00;0
00519;PRO RIM 30 ML;64,56;110,50;0,00;0,00;0
03087;PROBIOT PET ORGANNACT 6X13 ML;24,03;35,00;0,00;0,00;0
02781;PROBIOTICO PROBMASTER;13,99;25,00;0,00;0,00;0
01918;PROBIOTICO PROBVET E BIOX;12,49;25,00;0,00;0,00;0
02569;PROBIOTICO VETNIL 14G;31,43;66,00;0,00;0,00;0
01874;PROMUN CAT PASTA 27 ML;43,34;67,50;0,00;0,00;0
02973;PROMUN DEFENSE BOOST CAT 3 ML;42,10;71,50;0,00;0,00;0
02974;PROMUN DEFENSE BOOST DOG 1 SERINGA 3ML;28,07;71,50;0,00;0,00;0
02523;PROMUN DOG 50 GR;46,04;74,00;0,00;0,00;0
02525;PROMUN DOG TABS 52,5 GRS;62,60;93,90;0,00;0,00;0
03115;QUATREE MIAOW ATUM E SALMAO 56G;12,11;19,90;0,00;0,00;0
03116;QUATREE SELECT GATOS ADULTOS 1KG;13,75;27,50;0,00;0,00;0
03117;QUATREE SELECT GATOS CASTRADOS MIX DE CARNES;13,95;32,60;0,00;0,00;0
03118;QUATREE SELECT SENIOR 7 RP 10,1KG;71,10;136,70;0,00;0,00;0
02530;QUERANON 15 KG 30 CAPS;53,64;88,50;0,00;0,00;0
02763;QUERANON 30 COMP 15KG;64,06;102,50;0,00;0,00;0
02976;QUERANON LB 30 COMP;102,10;164,00;0,00;0,00;0
01158;RATICIDA DIVERSOS;0,72;2,50;0,00;0,00;0
02583;REFOS DERME 30 COMPRIMIDOS;54,44;104,00;0,00;0,00;0
02871;REVIMAX 50MG X 30 COMP;96,27;155,00;0,00;0,00;0
00634;REVOLUTION 12% PIPETA 5,1 A 10KG;12,07;84,00;0,00;0,00;0
02836;ROYAL CANIN RECOVERY 195GR;31,52;50,50;0,00;0,00;0
00903;SABONETE ANTIPULGAS PULGOL 80G;5,02;9,50;0,00;0,00;0
00183;SABONETE CAO FIEL ANTIPULGAS 90GR;5,81;9,50;0,00;0,00;0
01257;SABONETE CLOREXIDINA 80 GR;7,55;12,00;0,00;0,00;0
02053;SABONETE DA GRANADO GLICERINA E COCO 390G;6,30;12,00;0,00;0,00;0
00299;SABONETE MATACURA SARNICIDA 80 G;6,89;12,50;0,00;0,00;0
02468;SABONETE PULKILL - 80GR;5,23;9,50;0,00;0,00;0
01028;SABONETE SARNATYL MEDICINAL 100G;5,99;12,50;0,00;0,00;0
01836;SABONETE TIURAN;15,55;26,50;0,00;0,00;0
00378;SANAGOGO 20ML;11,57;24,50;0,00;0,00;0
01739;SANOL DEO COL.FEMEA N 1 120ML;14,29;26,50;0,00;0,00;0
01740;SANOL DEO COL.FILHOTE 3 120ML;13,99;26,50;0,00;0,00;0
01741;SANOL DEO COL.MACHO 4 120ML;14,29;28,50;0,00;0,00;0
03003;SANOL KIT PRESENTEAVEL DOG AZUL 2025;67,24;67,24;0,00;0,00;0
02843;SANOL SH NOVAPIEL 500ML;31,99;57,50;0,00;0,00;0
02705;SANOL SH. ANTIPULGA 500ML;14,97;24,00;0,00;0,00;0
02838;SANOL SH. CARAMELO 500ML;11,77;21,80;0,00;0,00;0
02706;SANOL SH. FILHOTE 500ML;11,99;21,80;0,00;0,00;0
02707;SANOL SH. PELO CLARO 500ML;11,99;21,80;0,00;0,00;0
02708;SANOL SH. PELO ESCURO 500ML;11,99;21,80;0,00;0,00;0
02709;SANOL SH. SENIOR 500ML;15,99;25,90;0,00;0,00;0
02839;SANOL SH.NEUTRALIZADOR ODORES 500ML;19,49;35,00;0,00;0,00;0
02710;SANOL SH.TONALIZANTE PELO CLARO 500ML;15,99;25,90;0,00;0,00;0
02909;SANOL SHAMPOO MELANCIA 500ML;14,57;22,00;0,00;0,00;0
01694;SANOL SHAMPOO MELAO 500ML;13,29;22,00;0,00;0,00;0
02910;SANOL SHAMPOO MORANGO C/IOGURTE 500ML;14,57;22,00;0,00;0,00;0
02711;SANOL SHAMPOO NEUTRO 500ML;11,99;21,80;0,00;0,00;0
01695;SANOL SHAMPOO ROEDORES E COELHOS VET 500ML;18,25;31,00;0,00;0,00;0
02712;SANOL SHAMPOO/CONDICIONADOR(CITRUS)500ML;11,99;21,80;0,00;0,00;0
02911;SANOL TALCO ANTIPULGAS 100G;17,54;26,00;0,00;0,00;0
01646;SARCOPEN VET 30 SACHES;5,19;9,50;0,00;0,00;0
03088;SEBOLYTIC SIS 250 ML;149,28;215,00;0,00;0,00;0
01333;SEC LAC 20 C/ 16 PASTILHAS;157,55;204,00;0,00;0,00;0
00708;SEC LAC 5 0,5 C/16 PASTILHAS;83,32;137,50;0,00;0,00;0
01657;SENIOX 1000 MG 30 CAPSULAS;116,15;192,00;0,00;0,00;0
01645;SENIOX T 30 CAPSULAS;130,73;217,00;0,00;0,00;0
02769;SEREN 30G;64,98;103,00;0,00;0,00;0
02770;SEREN SNACKS C/30 TABLETES;72,33;114,00;0,00;0,00;0
02587;SERENLAC 75MG;61,25;102,00;0,00;0,00;0
03169;SERINGA 3ML MEDIX C/AGULHA LUER LOCK 25X0.70;0,40;2,00;0,00;0,00;0
02788;SHAMPOO CETOCONAZOL IBASA 100ML;41,26;71,00;0,00;0,00;0
02856;SHAMPOO CLORESTEN 200ML;71,12;118,00;0,00;0,00;0
00157;SHAMPOO CLOREXIDINA WORLD 500ML;12,99;30,50;0,00;0,00;0
02166;SHAMPOO DUGS ANT PUGAS 500 ML;7,99;18,50;0,00;0,00;0
01015;SHAMPOO E CONDICIONADOR PROCANINE (TODOS);7,40;15,00;0,00;0,00;0
02400;SHAMPOO E CONDICIONADOR SANOL (TODOS);14,97;24,00;0,00;0,00;0
01303;SHAMPOO NOVAPIEL CAVALO 250ML;15,99;27,50;0,00;0,00;0
02534;SHAMPOO PETCLEAN 700 ML ( TODOS );7,50;16,00;0,00;0,00;0
00174;SHAMPOO PREVEMPET ANT PULGA 500 ML;6,49;14,50;0,00;0,00;0
01985;SILMOX CL 300 MG;64,02;112,00;0,00;0,00;0
00721;SILMOX CL 50 MG;36,17;62,50;0,00;0,00;0
02307;SILMOX DE 150 MG;47,10;79,50;0,00;0,00;0
01829;SIMPARIC 10MG 2,6 A 5 KG;51,54;80,50;0,00;0,00;0
01833;SIMPARIC 120MG 40,1 A 60 KG;87,73;136,00;0,00;0,00;0
01832;SIMPARIC 20 MG - 3 COMPR. (5,1 - 10 KG);53,81;84,00;0,00;0,00;0
01842;SIMPARIC 40 MG - 3 COMPR 10,1 - 20 KG;63,10;108,00;0,00;0,00;0
01828;SIMPARIC 5MG 1,3 A 2,5 KG;45,59;68,50;0,00;0,00;0
01854;SIMPARIC 80 MG - 3 COMPR. (20,1 - 40 KG);78,14;120,00;0,00;0,00;0
03125;SIMPARIC TRIO 3MG 1.25 - 2.5KG;42,70;75,00;0,00;0,00;0
03058;SIMPARIC _ TRIO 12 MG 3 COMPR (5,1 - 10 KG);52,48;92,00;0,00;0,00;0
03059;SIMPARIC _ TRIO 48 MG 3 COMPR (20,1 - 40 KG);71,26;129,00;0,00;0,00;0
03060;SIMPARIC _ TRIO 6 MG 3 COMPR (2,6 - 5 KG);49,42;87,00;0,00;0,00;0
02313;SORO CINOGLOBULIM 0ML;17,37;28,00;0,00;0,00;0
02138;STIMO TON PRO 125 ML;40,44;69,50;0,00;0,00;0
02130;STIMO TON PRO 30ML;26,12;48,00;0,00;0,00;0
02906;TEARS 0008 - UN;120,90;194,00;0,00;0,00;0
01868;TERRAMICINA PO SOLUVEL 100G ZOETIS;31,25;50,50;0,00;0,00;0
03147;TIPER C ACIMA 15 KG;23,49;39,99;0,00;0,00;0
03146;TIPER C ATE 15 KG;14,00;25,00;0,00;0,00;0
02382;TOBRASYN OFTALMO;60,08;98,50;0,00;0,00;0
02213;TOP DOG 10 KG 4 COMPRIMIDO;56,01;89,50;0,00;0,00;0
01939;TOP DOG 2,5 KG 4 COMPRIMIDOS;29,03;44,50;0,00;0,00;0
00752;TOP DOG 30KG 2 COMPR;69,15;105,50;0,00;0,00;0
02201;TOP GARD VERMIFUGO 4 COMP.;6,20;12,00;0,00;0,00;0
02474;TOP GEL 24X100G * IBASA;26,82;45,00;0,00;0,00;0
03017;TOSS - PET XAROPE 90ML;28,86;49,00;0,00;0,00;0
00897;TOTALIS MEDIUM;37,97;58,90;0,00;0,00;0
00902;TOTALIS MINI C/02COMP;17,60;26,50;0,00;0,00;0
02396;TRAUMA 30ML;62,12;103,50;0,00;0,00;0
01051;TRIATOX 200 ML;32,99;62,50;0,00;0,00;0
01357;TRISSULFILN 100 GR;14,83;30,00;0,00;0,00;0
02629;TRISSULFIN SID 1600MG COM 10 COMPRIMIDOS;178,95;268,00;0,00;0,00;0
01299;TUSSEDAN XAROPE 100 ML;32,99;54,50;0,00;0,00;0
00138;TYLOTRAT 20ML;16,00;33,00;0,00;0,00;0
00298;UNGUENTO 40GR;9,49;17,50;0,00;0,00;0
02585;UP FLORA 8 CAPSULAS;62,92;126,00;0,00;0,00;0
00367;V-CORT CX C/20 COMPRIMIDOS;10,03;16,50;0,00;0,00;0
01236;VACINA;9,90;17,00;0,00;0,00;0
02532;VACINA ANTIRABICA;9,49;18,00;0,00;0,00;0
03168;VANCID 10% HERBAL 1LT VANSIL;66,45;106,32;0,00;0,00;0
00130;VERMEX PLUS 20 ML;13,50;23,50;0,00;0,00;0
00926;VERMIVET COMPOSTO PARA CAES E GATOS 600 MG;5,21;10,00;0,00;0,00;0
00331;VERMIVET FILHOTE 20ML;31,02;51,50;0,00;0,00;0
00306;VERMIVET PLUS 660 MG;23,62;37,50;0,00;0,00;0
02925;VERMOTRIX PLUS BABY 20ML;8,99;22,00;0,00;0,00;0
02755;VET FAR - CALMAPET 30ML;14,97;30,00;0,00;0,00;0
02702;VETAGLOS POMADA 20G;44,91;72,50;0,00;0,00;0
02628;VETMAX PLUS 4 COMPRIMIDOS;23,45;38,90;0,00;0,00;0
02703;VETMAX PLUS SUSPENSAO 30ML;39,13;73,50;0,00;0,00;0
02571;VETNIDAZOL 300;81,75;130,00;0,00;0,00;0
02570;VETNIDAZOL 75;53,91;86,50;0,00;0,00;0
01606;VISION PET 30ML;63,95;112,00;0,00;0,00;0
02550;VITA VET C;31,41;48,70;0,00;0,00;0
00362;VITAGOLD 20ML;15,25;24,50;0,00;0,00;0
02137;VONAU VET 5MG;41,84;84,00;0,00;0,00;0
01809;WELLPET 100MG;38,33;73,50;0,00;0,00;0
01830;WELLPET 200MG;55,00;93,00;0,00;0,00;0
01831;WELLPET 400MG;62,00;107,00;0,00;0,00;0
01797;WELLPET 45MG;37,14;63,00;0,00;0,00;0
02275;WELLPET 560MG 40,1 - 56KG;71,44;115,00;0,00;0,00;0
02456;XO GATINHO PETCLEAN;14,87;29,50;0,00;0,00;0
02319;XO POMBO GEL 250 GR;15,64;33,00;0,00;0,00;0
02247;ZELOTRIL 150MG;66,37;99,90;0,00;0,00;0
01348;ZELOTRIL 50;27,30;42,00;0,00;0,00;0
02872;ZELOTRIL OTO 30ML;78,50;130,00;0,00;0,00;0
02916;ZITREX 100 6 COMP (12);37,99;65,00;0,00;0,00;0
02915;ZITREX SUSPENSAO 600 MG -20 MG-ML;23,13;41,00;0,00;0,00;0
02945;ALICATE GUILHOTINA MEDIO;15,07;25,50;0,00;0,00;0
00523;AREIA BIODEGRADAVEL - BIO GOLD FINA 2KG;13,99;28,50;0,00;0,00;0
01889;AREIA GATO LIMPO ,PURY CAT E GOLDEN CAT 4 KG;3,44;6,00;0,00;0,00;0
02889;AREIA SILICA FINA 1,6KG;17,99;32,99;0,00;0,00;0
02953;ARRANHADOR BRINQUEDO COM MOLA;13,61;27,00;0,00;0,00;0
01069;ARRANHADOR CANTO DE CARPETE MARROM CASTOR;54,34;93,50;0,00;0,00;0
02723;ARRANHADOR PARA GATOS CIRCULAR;25,99;44,00;0,00;0,00;0
02725;BANDEJA COLOR ELITE BLACK E AZUL WC KING PLAS;16,46;35,00;0,00;0,00;0
02741;BANDEJA COLOR ELITE ROSA / AZUL/BLACK;19,30;32,59;0,00;0,00;0
02724;BANHEIRA DE CALOPSITA COM CHUVEIRO;35,69;61,00;0,00;0,00;0
02743;BANHO SECO DIVERSOS PET CLEAN 240ML;18,07;31,00;0,00;0,00;0
01737;BEB. BEIJA FLOR CHAPEU 250ML-M.PET-R1305;7,50;13,00;0,00;0,00;0
01504;BEBEDOURO BEIJA FLOR GOLD M 220ML;8,55;14,50;0,00;0,00;0
01630;BEBEDOURO DE HAMISTER PEQ;5,99;12,00;0,00;0,00;0
02060;BEBEDOURO E COMEDOURO FLEX GOUMERT 1500 ML;24,75;42,00;0,00;0,00;0
02081;BEBEDOURO FRANGO 5 LTS;16,19;28,00;0,00;0,00;0
02745;BOLA ACRILICA PARA HAMSTER SAVANA;15,99;28,00;0,00;0,00;0
02952;BOLA BORRACHA CAT BALL;2,35;5,00;0,00;0,00;0
02947;BOLA BORRACHA DOG BALL;4,07;8,00;0,00;0,00;0
01619;BOLA CRAVO;2,49;7,00;0,00;0,00;0
02994;BOLA INTELIGENTE LUNA;16,59;29,00;0,00;0,00;0
02493;BOLA INTERATIVA PARA GATO;19,99;34,00;0,00;0,00;0
02034;BOLA PETISCO GRANDE;7,19;16,50;0,00;0,00;0
02433;BOLA PETISCO PEQUENA;5,31;12,00;0,00;0,00;0
02734;BOLSA TRANSPORTE DESMONTAVEL POP;33,99;60,00;0,00;0,00;0
02951;BOTINHA BORRACHA MED;27,05;27,05;0,00;0,00;0
02950;BOTINHA BORRACHA PEQ;27,05;45,00;0,00;0,00;0
02861;BRINQUEDO FUNDO DO MAR PEIXE LARANJA P;17,29;32,00;0,00;0,00;0
02862;BRINQUEDO FUNDO DO MAR TUBARAO AZUL M;23,99;43,00;0,00;0,00;0
02719;BRINQUEDO INTERATIVO CAES E GATOS LENTO BL04;34,79;60,00;0,00;0,00;0
02880;CAMA CEREJA TAMANHO M;104,49;178,00;0,00;0,00;0
00275;CAMA GUSTAVO PET N1;23,00;35,50;0,00;0,00;0
00276;CAMA GUSTAVO PET N2;23,00;50,00;0,00;0,00;0
00774;CAMA GUSTAVO PET N3;23,00;55,00;0,00;0,00;0
00272;CAMA GUSTAVO PET N4;23,00;68,00;0,00;0,00;0
02310;CAMA GUSTAVO PET N5;23,00;72,00;0,00;0,00;0
03153;CAMA PREMIUM PET G;59,33;139,90;0,00;0,00;0
03152;CAMA PREMIUM PET M;59,33;129,90;0,00;0,00;0
03151;CAMA PREMIUM PET P;59,33;119,90;0,00;0,00;0
03149;CASACO DINO TAM. P;33,21;60,00;0,00;0,00;0
02720;CHOCAOTONE E PANETONE DOOGS 80G;5,39;10,00;0,00;0,00;0
01271;CINTO DE SEGURANCA PRETO;7,99;15,00;0,00;0,00;0
01447;COLAR ELIZABETANO GATO;8,99;12,00;0,00;0,00;0
01249;COLAR ELIZABETANO N 1;7,50;12,50;0,00;0,00;0
00531;COLAR ELIZABETANO N 2;7,50;13,50;0,00;0,00;0
00532;COLAR ELIZABETANO N 3;7,50;14,50;0,00;0,00;0
00533;COLAR ELIZABETANO N 4;7,50;15,50;0,00;0,00;0
00534;COLAR ELIZABETANO N 5;7,50;16,50;0,00;0,00;0
00535;COLAR ELIZABETANO N 6;7,50;17,50;0,00;0,00;0
00536;COLAR ELIZABETANO N 7;7,50;18,50;0,00;0,00;0
00537;COLAR ELIZABETANO N 8;7,50;19,50;0,00;0,00;0
00538;COLAR ELIZABETANO N 9;7,50;22,50;0,00;0,00;0
00539;COLAR ELIZABETANO N10;7,50;23,50;0,00;0,00;0
03129;COLEIRA COURO FORRADO N1;2,15;6,00;0,00;0,00;0
03130;COLEIRA COURO FORRADO N3;4,16;9,00;0,00;0,00;0
03131;COLEIRA COURO FORRADO N5;6,82;13,50;0,00;0,00;0
03132;COLEIRA COURO FORRADO N7;8,09;16,00;0,00;0,00;0
03133;COLEIRA COURO FORRADO N9;10,58;21,00;0,00;0,00;0
02472;COLEIRA COURO NATURAL CLOVIS NUMERO 3;2,87;6,00;0,00;0,00;0
02875;COLEIRA DE COURO NATURAL NUMERO 5;4,99;11,00;0,00;0,00;0
02876;COLEIRA DE COURO NATURAL NUMERO 7;7,65;16,00;0,00;0,00;0
02253;COLEIRA DUPLA P/PET (G);4,09;13,00;0,00;0,00;0
00204;COLEIRA GATO C/GUIZO;1,99;6,00;0,00;0,00;0
02860;COLEIRA INTERATIVA LASER GATO BG-50;16,39;30,00;0,00;0,00;0
02171;COLEIRA LEO N7 REFORCADA;7,40;15,00;0,00;0,00;0
01686;COLEIRA LEO N8 REFORCADA;8,90;17,50;0,00;0,00;0
02509;COLEIRA NYLON 0 - CLOVIS COD 604;1,44;4,00;0,00;0,00;0
02704;COLEIRA NYLON 1 LEO;1,60;4,00;0,00;0,00;0
01844;COLEIRA NYLON 2 CODIGO 604 CLOVIS;1,73;4,50;0,00;0,00;0
00297;COLEIRA NYLON CLOVIS COD 604 N10;14,30;24,50;0,00;0,00;0
02878;COLEIRA NYLON CLOVIS NUMERO 5 COD 604;6,71;14,00;0,00;0,00;0
02879;COLEIRA NYLON CLOVIS NUMERO 7;12,51;22,00;0,00;0,00;0
00836;COLEIRA NYLON COD 604 CLOVIS N 6;7,06;13,00;0,00;0,00;0
02471;COLEIRA NYLON COD 613 NUMERO 8 E 10;14,00;24,00;0,00;0,00;0
01359;COLEIRA NYLON N4 COD 604 CLOVIS;3,46;7,00;0,00;0,00;0
01722;COMED.GATO ELEVADO ADULTO AZUL 150ML;4,76;9,50;0,00;0,00;0
01727;COMED.GATO ELEVADO ADULTO ROSA 150ML;4,76;1,904;0,00;0,00;0
01730;COMED.GATO ELEVADO ADULTO VERMELHO 150ML;4,76;9,50;0,00;0,00;0
01711;COMED.GATO ELEVADO FILHOTE AZUL 100ML;2,32;5,50;0,00;0,00;0
01715;COMED.GATO ELEVADO FILHOTE ROSA 100ML;2,32;5,50;0,00;0,00;0
01717;COMED.GATO ELEVADO FILHOTE VERMELH 100ML;2,32;5,50;0,00;0,00;0
02721;COMEDOURO ACQUAFOOD (CINZA, IMBUIA E MARFIN);8,39;15,00;0,00;0,00;0
02722;COMEDOURO ALTO CAES 12CM 300ML (ROSA E VERMEL;5,59;9,50;0,00;0,00;0
02730;COMEDOURO CALHA LINEAR PLASTICO VERMELHO 30 C;9,99;17,00;0,00;0,00;0
01131;COMEDOURO CARA DE GATO PEQ 100 ML;1,99;4,00;0,00;0,00;0
03105;COMEDOURO GATO DUPLO REGULAVEL POLIDO-150ML;67,72;108,50;0,00;0,00;0
02726;COMEDOURO LENTO INTERATIVO C-12;10,99;18,00;0,00;0,00;0
02727;COMEDOURO LENTO INTERATIVO PARA CAES E GATOS;14,19;24,00;0,00;0,00;0
01390;COMEDOURO LUXO PEROLIZADO RACA PEQUENA 600ML;5,29;9,50;0,00;0,00;0
03106;COMEDOURO MINI DUPLO RAGULAVEL POLIDO-300ML;67,72;105,00;0,00;0,00;0
03135;COMEDOURO NEON GRANDE 1500ML;8,49;14,50;0,00;0,00;0
03134;COMEDOURO NEON MEDIO 600ML;5,84;10,50;0,00;0,00;0
02735;COMEDOURO PARA CAES ABACAXI C-1;6,99;14,00;0,00;0,00;0
02857;COMEDOURO PLAST. GIGANTE 2500ML;9,85;18,00;0,00;0,00;0
01584;COMEDOURO PLASTICO ANTIFORMIGA 1,5LT;7,50;20,00;0,00;0,00;0
01393;COMEDOURO PLASTICO ANTIFORMIGA 300ML;3,19;7,00;0,00;0,00;0
01375;COMEDOURO PLASTICO ANTIFORMIGA 450ML;3,90;8,90;0,00;0,00;0
02347;COMEDOURO PLASTICO ANTIFORMIGA150ML;1,79;6,00;0,00;0,00;0
01092;COMEDOURO PLASTICO GATO 130 ML / 150ML;1,69;5,00;0,00;0,00;0
00344;COMEDOURO PLASTICO MEDIO 1000ML;5,71;12,00;0,00;0,00;0
01677;COMEDOURO PLASTICO MINI 300ML;2,96;6,50;0,00;0,00;0
00908;COMEDOURO PLASTICO PEQUENO 600ML;3,91;9,00;0,00;0,00;0
02285;CONJUNTO GUIA PEITORAL GATO CONFORT;26,97;46,00;0,00;0,00;0
00310;CORRENTE N 2;7,92;17,50;0,00;0,00;0
00573;CORRENTE N 5;5,02;12,00;0,00;0,00;0
00313;CORRENTE N 7;3,52;7,00;0,00;0,00;0
01571;CORRENTE PAPAGAIO;2,88;8,50;0,00;0,00;0
00810;CREME DENTAL PET CLEAN 60G NEUTRO;9,93;16,00;0,00;0,00;0
02944;DESEMBOLADOR CABO DE PLASTICO;13,65;24,50;0,00;0,00;0
02737;EDUCADOR PIPI NAO PODE 150ML 120G;15,65;26,00;0,00;0,00;0
02738;EDUCADOR PIPI PODE 150ML 105G;15,65;26,00;0,00;0,00;0
02248;ESCOVA DE DENTE C/2 CAES E GATOS ED-01 NAPI;7,14;13,50;0,00;0,00;0
00850;FOCINHEIRA DE GATO N2;5,99;12,90;0,00;0,00;0
00844;FOCINHEIRA DE GATO N3;5,99;15,90;0,00;0,00;0
00839;FOCINHEIRA METAL N3;16,99;33,00;0,00;0,00;0
01863;FOCINHEIRA METAL N4;17,99;29,00;0,00;0,00;0
01639;FOCINHEIRA METAL N5;19,99;37,00;0,00;0,00;0
01287;FOCINHEIRA METAL N6;21,00;39,00;0,00;0,00;0
02013;FOCINHEIRA REFORCADA PRETA N1;5,24;25,90;0,00;0,00;0
01640;FOCINHEIRA REFORCADA PRETA N2;10,48;28,90;0,00;0,00;0
01453;FOCINHEIRA REFORCADA PRETA N3;15,71;31,90;0,00;0,00;0
01638;FOCINHEIRA REFORCADA PRETA N4;20,95;35,90;0,00;0,00;0
02991;FOCINHEIRA REFORCADA PRETA N5;26,19;39,90;0,00;0,00;0
02992;FOCINHEIRA REFORCADA PRETA N6;31,43;44,90;0,00;0,00;0
02736;FONTE SLIMS POP USB;37,99;70,00;0,00;0,00;0
00250;FRALDA DESCARTAVEL FEMEA E MACHO TAM P/M/G/GG;12,40;20,50;0,00;0,00;0
02931;FRALDA DESCARTAVEL M C/12;31,11;54,60;0,00;0,00;0
02932;FRALDA DESCARTAVEL P C/12;28,74;50,50;0,00;0,00;0
02933;FRALDA DESCARTAVEL PP C/12;26,61;46,80;0,00;0,00;0
02935;FRALDA MACHO P 42X17,5 CMS;14,80;26,50;0,00;0,00;0
02934;FRALDA MACHO XG 85X20,5 CMS;24,40;43,00;0,00;0,00;0
02732;FUSS CAT MOLA E BOLA;9,13;15,00;0,00;0,00;0
02733;FUSS CAT MOLA E PENA;8,95;15,00;0,00;0,00;0
00684;GANGORRA PARA HAMISTER;33,54;54,00;0,00;0,00;0
02928;GUARDA SOL SARDENHA 1,8 M;74,00;74,00;0,00;0,00;0
00142;GUIA CORDA 1,2 MTS;18,45;32,00;0,00;0,00;0
02744;KIT BANHO PET CLEAN;27,19;46,50;0,00;0,00;0
00381;KIT MAMADEIRA C/ BICOS;13,00;26,00;0,00;0,00;0
01631;MOLHO ESPECIAL;4,50;8,50;0,00;0,00;0
02256;MORDEDOR ARGOLA COM CORDA TRANCADA;2,97;8,00;0,00;0,00;0
01805;MORDEDOR BOLA DUPLA CRAVO M-150;14,19;23,50;0,00;0,00;0
02749;NECTAR PARA BEIJA FLOR IPET 500ML;7,47;13,00;0,00;0,00;0
00167;OSSO FEMUR BOVINO NATTU PET -PROCANINE GRANDE;19,00;40,00;0,00;0,00;0
00166;OSSO FEMUR SUINO - PROCANINE;6,59;13,00;0,00;0,00;0
02756;PA HIGIENICA PARA GATOS ACO INOXIDAVEL;12,60;24,00;0,00;0,00;0
02948;PATINHO BRINQ SWEET;16,20;26,00;0,00;0,00;0
03071;PEGA MOSQUITO;63,52;102,50;0,00;0,00;0
02469;PEITORAL CLOVIS COD 327 NUMERO 0,2,4 E 6;12,00;21,00;0,00;0,00;0
02466;PEITORAL CLOVIS ESPECIAL COD 344 TAMANHO P.M;27,00;46,00;0,00;0,00;0
02401;PEITORAL N5 E N6;12,25;29,90;0,00;0,00;0
02399;PEITORAL NUMERO 00 A 04;8,50;15,50;0,00;0,00;0
02465;PEITORAL NYLON CLOVIS COD 311 P,M E G;15,00;25,50;0,00;0,00;0
02464;PEITORAL NYLON CLOVIS MOSQUETAO FORTE COD 343;24,00;38,50;0,00;0,00;0
02051;PEITORAL NYLON CLOVIS TAMANHO G COD 340;14,50;45,50;0,00;0,00;0
02050;PEITORAL NYLON CLOVIS TAMANHO M COD 340;13,99;30,00;0,00;0,00;0
02055;PEITORAL NYLON CLOVIS TAMANHO P COD 340;13,50;25,50;0,00;0,00;0
02946;PENTE ANTI-PULGAS 6X5,50CM;6,58;16,00;0,00;0,00;0
02740;PERFUME 60 ML PET CLEAN;10,69;18,00;0,00;0,00;0
02742;PERFUME MACHO OU FEMEA PET CLEAN 120 ML;10,84;20,00;0,00;0,00;0
02748;PET PIRA PEDRA MINERAL ROEDORES;8,51;14,00;0,00;0,00;0
02180;POTE DE ESCOVA COM 40 UNIDADES;2,47;4,50;0,00;0,00;0
01553;PROTETOR DE CANTO 50CM ARRANHADOR;26,90;45,00;0,00;0,00;0
01321;PROTETOR DE CANTO 60CM ARRANHADOR;29,90;50,00;0,00;0,00;0
03056;PURESNACKS OSSO DEFUMADO 100NATURL;15,00;35,00;0,00;0,00;0
03057;PURESNACKS OSSO MASTIGAVEL;10,00;22,00;0,00;0,00;0
02529;QUERANON SS 30 COMPRIMIDOS;42,24;63,50;0,00;0,00;0
02351;RAQUEADEIRA RASTELO;1,32;3,00;0,00;0,00;0
02940;RASQUEADEIRA CERDAS ACO CABO MAD.2 G;8,79;17,80;0,00;0,00;0
02942;RASQUEADEIRA CERDAS ACO CABO MAD.3 EX.G;12,68;25,50;0,00;0,00;0
02943;RASQUEADEIRA CERDAS ACO CABO MAD.4 EX.GG;17,92;36,00;0,00;0,00;0
02941;RASQUEAEIRA CERDAS ACO CABO MAD.1 P;8,32;16,80;0,00;0,00;0
03150;ROUPA SOFT BLUCAO N12;26,39;44,00;0,00;0,00;0
02881;SACO COLETOR CATA CACA;1,20;2,50;0,00;0,00;0
02728;SANITARIO PARA GATOS CAT LIGHT ECO (ROSA,PRET;10,80;19,00;0,00;0,00;0
02998;SANITARIO WC CAT BOX POP AZUL;79,99;132,00;0,00;0,00;0
02949;SAPINHO BRINQ SWEET;10,65;21,00;0,00;0,00;0
00784;SILICA CHALESCO 1,8KG;21,00;35,70;0,00;0,00;0
01924;SPRAY BUCAL PET CLEN 120ML ( TODOS );10,19;17,50;0,00;0,00;0
02549;TAPETE CHALESCO C/ 30 UNIDADES;53,17;88,00;0,00;0,00;0
00936;TAPETE CHALESCO C/7 UNIDADE;12,49;21,00;0,00;0,00;0
01290;TAPETE GELADO - GREAT FRESH (AZUL E ROSA);45,92;90,50;0,00;0,00;0
02887;TAPETE HIG ULTRA SECAO BRANCO C/30UNIDADES;41,64;79,50;0,00;0,00;0
01288;TAPETE HIG ULTRA SECAO BRANCO C/7UNIDADES;10,64;21,00;0,00;0,00;0
02888;TAPETE HIG ULTRA SECAO PRETO C/30UNIDADES;46,48;88,00;0,00;0,00;0
00194;TAPETE HIGIENICO GREATPETS X-DRY 30 UNIDADES;62,94;97,50;0,00;0,00;0
01904;TAPETE HIGIENICO TAPETIM 60X60CM - 30UNIDADES;28,08;53,00;0,00;0,00;0
01496;TAPETE HIGIENICO TAPETIM 60X60CM - 7UNIDADES;7,74;16,00;0,00;0,00;0
02112;TAPETE HIGIENICO TAPETIM 80X60CM - 30UNIDADES;33,89;66,50;0,00;0,00;0
03107;TAPETE HIGIENICO ULTRA SECAO MAX (90/90);27,03;95,00;0,00;0,00;0
00320;TAPETE LAVAVEL COLORIDO PET XIXI PROCANINE;16,90;34,00;0,00;0,00;0
01757;TRANSPORTE MEC NUMERO 2;21,95;40,00;0,00;0,00;0
01720;TRANSPORTE MEC NUMERO 3;29,90;79,00;0,00;0,00;0
02444;TRANSPORTE MEC NUMERO 4;54,90;89,90;0,00;0,00;0
00504;TRANSPORTE MEC NUMERO 5;64,00;105,60;0,00;0,00;0
02746;VARA PARA GATO COM PEIXE;13,96;0,00;0,00;0,00;0
02747;VARA PARA GATO RATO NA PONTA V-12;7,03;0,00;0,00;0,00;0
02483;VERMIVET GATO COMPOSTO;26,34;43,50;0,00;0,00;0
02739;XO PASSAROS PASTILHAS 400G;41,06;58,00;0,00;0,00;0
02193;ALCON CLUB BEIJA FLOR 150GR;14,54;26,00;0,00;0,00;0
01896;ALCON PAPA FILHOTES PSITACIDEOS;16,77;29,50;0,00;0,00;0
01463;ALCON PAPA PARA FILHOTE 160G;16,00;29,50;0,00;0,00;0
02028;ASA TROPICA PROTEIM VAREJO;25,44;44,00;0,00;0,00;0
02999;ASATROPICA ECO GREEN PEQUENAS AVES;22,32;39,00;0,00;0,00;0
03000;ASATROPICA EXTRUSADA CALOPSITA COM FRUTAS;15,00;26,50;0,00;0,00;0
01183;AVITRIN VERMIFUGO;10,49;25,00;0,00;0,00;0
00492;BANHEIRA PAS ACRILICA PEQ;1,43;3,50;0,00;0,00;0
02214;BEBEDOURO BEIJA FLOR BANDEJA COM FLOR - JEL P;6,65;13,00;0,00;0,00;0
02995;BEBEDOURO PARA FRANGO 2,5 AGRODOG;13,69;23,00;0,00;0,00;0
01683;BEBEDOURO PAS CACULA GROSSO;1,20;3,50;0,00;0,00;0
02032;BEBEDOURO PAS PEQUENO;1,28;2,50;0,00;0,00;0
00114;BEBEDOURO PAS TRINCA FERRO MALHA FINA;1,74;4,50;0,00;0,00;0
02340;BEBEDOURO PAS TRINCA FERRO MALHA LARGA;1,96;4,50;0,00;0,00;0
02835;BEBEDOURO PAS TUBULAR GIGANTE;4,21;9,50;0,00;0,00;0
02833;BEBEDOURO PAS TUBULAR MEDIO MALHA FINA;1,87;4,50;0,00;0,00;0
02834;BEBEDOURO PAS TUBULAR MEDIO MALHA LARGA;2,40;5,50;0,00;0,00;0
01707;CAIXA DE TRANSP.PAPELAO CALOPSYTA 100 UN;120,00;48,00;0,00;0,00;0
01708;CAIXA DE TRANSP.PAPELAO CANARIO C/100 UN;45,90;18,36;0,00;0,00;0
00974;CALCIO BLOCO BANANA C/24UN 32G -PLUS;0,83;2,00;0,00;0,00;0
01599;CALOPSITA PASSARO FORT 500 GR;4,52;8,50;0,00;0,00;0
02903;CANECA PLASTICA C/ABA E GANCHO 100ML;2,91;5,00;0,00;0,00;0
00252;COCCIDEX ITALIANO UNIDADE;1,60;4,00;0,00;0,00;0
00915;COMEDOURO PAPAGAIO UN R1321 MR P;1,96;4,50;0,00;0,00;0
02905;COMEDOURO PARA PINTO/CODORNA R-202;7,48;14,00;0,00;0,00;0
02904;COMEDOURO PLASTICO BICO TORTO 500ML TOCO;8,90;16,50;0,00;0,00;0
02913;COV.AVITRIN PROMUNE - 15ML;8,95;21,00;0,00;0,00;0
03096;DISPENSER DE SEMENTES 2 BICOS;5,50;10,50;0,00;0,00;0
03097;DISPENSER DE SEMENTES C/DIVISORIA 4 BICOS;6,23;11,50;0,00;0,00;0
01077;DORMINHOCO FRONTAL LUA CORTIA+A ESCURA;1,42;5,00;0,00;0,00;0
03067;ESPECIAL APRONTA COLEIRO 400GR;7,80;14,00;0,00;0,00;0
02923;FERT-VIT AARAO 130MG 30 COMPRIMIDOS;0,00;3,00;0,00;0,00;0
01067;FORRO TNT DE FUNDO DE GAIOLA;2,83;7,00;0,00;0,00;0
02882;GAIOLA CHALESCO COLORIDA (ROSA /BRANCA);49,59;99,00;0,00;0,00;0
00323;GAIOLA FERRO DE PIRIQUITO C/ BANDEJA;56,00;104,00;0,00;0,00;1
00104;GIRASSOL PEQUENO VAREJO;8,24;17,00;0,00;0,00;0
01338;HAMISTER;12,00;30,00;0,00;0,00;0
03120;IDEAL - GAIOLA P/ CALOPSITA C/ POL FUNDO PLA;88,35;148,00;0,00;0,00;0
01647;KELLMAT FORMICIDA;0,79;3,00;0,00;0,00;0
03098;KIT CABECINHA MALHA FINA MAD DESENHADO PRETO;5,04;9,00;0,00;0,00;0
03099;KIT CABECINHA MALHA LARGA MAD;4,80;8,50;0,00;0,00;0
03100;KIT CABECINHA MALHA LARGA MAD DESENHADO PRETO;5,04;9,00;0,00;0,00;0
03101;KIT CABECINHA POLEIRO COLEIRO PLASTICO;6,82;12,00;0,00;0,00;0
02297;LARVA TENEBRIO;2,50;5,00;0,00;0,00;0
02304;MEGA ZOO CALOPSITA E RING NECKS 300G EXTRUSAD;23,85;39,99;0,00;0,00;0
02962;MEGA ZOO EXTRUSADA MINI BITS PAPAGAIO 600G;39,45;65,50;0,00;0,00;0
02961;MEGA ZOO EXTRUSADA REGULAR BITS PAPAGAIO 600G;39,45;65,50;0,00;0,00;0
02883;MGZ MIX CALOPSITA 300G;19,58;34,00;0,00;0,00;0
02884;MGZ MIX PAPAGAIOS 350G;24,83;42,50;0,00;0,00;0
03002;MISTURA ESPECIAL FARINHADA SILVESTRE 250GR;2,95;6,50;0,00;0,00;0
03066;NECTAR BEIJA FLOR 250G ASANUTRE;7,30;14,50;0,00;0,00;0
02284;NECTAR BEIJA FLOR PASSARITOS 250G SACHE;10,09;18,00;0,00;0,00;0
00497;NINHO DE PERIQUITO;5,20;10,00;0,00;0,00;0
00755;NINHO FIBRA DE COCO;5,77;11,50;0,00;0,00;0
01385;PEITORAL DE CALOPSITA;9,90;17,00;0,00;0,00;0
01591;PORTA OVO JEL PLAST PL-R502;0,61;2,00;0,00;0,00;0
00489;PORTA VITAMINA ACRILICO PEQUENO DIVERSOS;1,23;2,50;0,00;0,00;0
01244;PORTA VITAMINA CRISTAL MEDIO;1,48;3,50;0,00;0,00;0
01246;PORTA VITAMINA GARRA TRINCAO;2,22;4,50;0,00;0,00;0
00488;PORTA VITAMINA LEITOSO JEL R-501;0,55;2,00;0,00;0,00;0
00080;TRINCA MILHO VERDE KG;9,10;23,00;0,00;0,00;0
01706;VIVEIRO CALOPSITA TRIPLEX-R1404-VERMELHO;215,00;430,00;0,00;0,00;0
01705;VIVEIRO CALOPSITA TRIPLEX-R1405-AZUL;215,00;430,00;0,00;0,00;0
00763;VIVEIRO CLASSICO V-35 COLOR BANDEJA PLASTICA;139,00;231,00;0,00;0,00;0
02774;AKB GLIFOSATO 480 MATA MATO 10ML/1L;2,19;6,50;0,00;0,00;0
01660;ISCANIL / GRAO FORTE 50 G;0,78;2,50;0,00;0,00;0
02011;MATT PULGOES;1,02;2,50;0,00;0,00;0
00727;RATOEIRA ADESIVA COLA RATO;2,71;6,00;0,00;0,00;0
00401;TALFON 100GR;2,80;4,50;0,00;0,00;0
01041;ADAPTADORP/ MANGUEIRA PISCINA;5,10;12,00;0,00;0,00;0
01440;ALGICIDA CHOQUE D PROF.1L HIDROAZUL;25,37;39,50;0,00;0,00;0
01176;ALGICIDA MANUTENCAO 1 LT HIDROAZUL;15,30;25,00;0,00;0,00;0
03140;AREIA P/FILTRO - 25KG 12/20;36,34;55,00;0,00;0,00;0
02236;ASPIRADOR 8 RODAS;45,28;99,00;0,00;0,00;0
02330;BALDE CLORO GENCO 10 KG;168,90;260,00;0,00;0,00;0
00481;BALDE CLORO SUALL 10 KG;99,90;160,00;0,00;0,00;0
00564;BARRILHA GENCO OU HIDROAZUL 2KG;24,85;37,50;0,00;0,00;0
03141;CALMINEX 30GR;19,52;30,00;0,00;0,00;0
01834;CLARIFICANTE GENFLOC GENCO;15,07;25,50;0,00;0,00;0
02331;CLORO MULTIACAO HIDROAZUL BD 10KG;166,18;260,00;0,00;0,00;0
00990;CLORO WEEKEND 4KG;55,99;89,90;0,00;0,00;0
02438;CONTROLADOR DE METAIS 1 LT;42,51;68,00;0,00;0,00;0
02460;DIMINUIDOR PH E ALCANILIDADE 1LT;16,26;26,00;0,00;0,00;0
01540;ELEVADOR DE ALCANALIDADE 2KG;22,53;34,90;0,00;0,00;0
02115;ELEVADOR PH HIDROAZUL 1LT;18,91;31,50;0,00;0,00;0
02117;ELIMINADOR DE OLIOSIDADE 1LT HIDROAZUL;29,49;52,60;0,00;0,00;0
00900;ESTOJO DE TESTE ALCALINIDADE-NETUNO;27,52;45,50;0,00;0,00;0
01475;ESTOJO DE TESTE NETUNO;26,14;42,50;0,00;0,00;0
01937;FLOC PLUS 2 EM 1 HIDRAZUL;13,37;24,50;0,00;0,00;0
03050;G.P H MAIS BARRILHA 2 KG;28,43;28,43;0,00;0,00;0
02375;LIMPA BORDA HIDROAZUL 1LT;16,45;28,00;0,00;0,00;0
02385;MANGUEIRA DE PISCINA FLUANTE ( METRO );7,43;13,00;0,00;0,00;0
02383;MANGUEIRA DE PISCINA SILICONADA (METRO);8,80;15,00;0,00;0,00;0
00482;PASTILHA GENCO 200G;6,77;13,50;0,00;0,00;0
02798;PASTILHA MULTI ACAO 200G;8,04;13,50;0,00;0,00;0
02384;PONTEIRA P/MANGUEIRA DE PISCINA;5,10;12,00;0,00;0,00;0
02386;SULFATO HIDROAZUL 2KG;13,49;22,00;0,00;0,00;0
01511;ALCON BASIC 50 G;29,85;57,00;0,00;0,00;0
02477;ALCON COLOURS 10GR;8,85;17,00;0,00;0,00;0
02177;ANTICLORO 20ML;1,99;8,00;0,00;0,00;0
03093;AQUARIO BETEIRA ACRILICO COLORIDA;13,32;28,00;0,00;0,00;0
02334;AQUARIO GRANDE COM FILTRO E LAMPADA;150,00;350,00;0,00;0,00;0
01068;CARVAO ATIVADO SACO 250 GR;7,89;13,50;0,00;0,00;0
01562;DF REDE N1 7,50X8,5CM;5,59;10,50;0,00;0,00;0
00790;DF REDE N2 10X9CM;5,59;11,50;0,00;0,00;0
02024;ENFEITE BRUCE PEQUENO;5,69;11,50;0,00;0,00;0
02172;ENFEITE CORAL C/BALEIA E PLAANTA;12,99;23,50;0,00;0,00;0
00375;ENFEITE NEMO PEQUENO;3,99;8,00;0,00;0,00;0
03159;ENFEITE SAPO TORCEDOR;13,99;25,50;0,00;0,00;0
02026;ENFEITE TRONCO REF 1101;5,79;10,50;0,00;0,00;0
02821;IP TESTE PH AGUA DOCE COM 60 TESTES;10,49;18,90;0,00;0,00;0
00799;JENECA COMPRESSOR DE AR - AP 910 - SAIDA;29,99;56,00;0,00;0,00;0
02803;JENECA LUMINARIA - D1- 20 LEDS- 3W;57,99;92,50;0,00;0,00;0
02804;JENECA LUMINARIA - X3- 12 LEDS- 5W;59,99;95,50;0,00;0,00;0
01148;JENECA PEDRA POROSA -AS107;2,99;8,00;0,00;0,00;0
01966;LABCON ACID;9,03;16,50;0,00;0,00;0
01785;LABCON ANTI ALGAS;9,31;18,50;0,00;0,00;0
00957;LABCON AQUALIFE 15 ML;10,43;18,00;0,00;0,00;0
02907;LABCON BACTER 10 CAPSULAS;13,94;23,99;0,00;0,00;0
00566;LABCON CLEAN 15 ML;11,00;21,00;0,00;0,00;0
01856;LABCON CRISTAL;10,07;19,50;0,00;0,00;0
00702;LABCON ICTIO;11,20;23,00;0,00;0,00;0
02908;LABCON PROTECT PLUS 30 ML;10,33;20,00;0,00;0,00;0
03142;LABCON TEST AMONIA TOXICA-AGUA DOCE 50TESTES;36,52;60,50;0,00;0,00;0
02810;ME. ENFEITE CASARAO PEQUENO;16,50;31,50;0,00;0,00;0
02809;ME. ENFEITE CASTELO MINI;11,49;19,50;0,00;0,00;0
03049;ME. ENFEITE CORAL COM CONCHA E GOLFINHO;15,95;15,95;0,00;0,00;0
03048;ME. ENFEITE GOLFINHOS NO TIMAO;15,49;27,50;0,00;0,00;0
02808;ME. ENFEITE GRUTA DE PEDRA PEQUENA;16,49;29,50;0,00;0,00;0
02807;ME. ENFEITE PEQUENA SEREIA NA ESTRELA DO MAR;13,99;25,00;0,00;0,00;0
02806;ME. ENFEITE PLACA (NAO BATA NO VIDRO);6,99;12,50;0,00;0,00;0
02805;ME. ENFEITE PLACA NO TRONCO (NAO PESQUE);6,99;12,50;0,00;0,00;0
01655;MF ENFEITE ARCO DE PEDRA PEQUENA COM GRUTA;16,99;24,00;0,00;0,00;0
03038;MM PET FISH CARTELA 30 X 12GR.;3,26;8,00;0,00;0,00;0
03039;MM PROBETTA EXTRUSADA CARTELA 30 X 5GR.;2,07;6,00;0,00;0,00;0
02819;OCEANMAX BOMBA SUBMERSA 180 L/H - 110V;22,99;59,50;0,00;0,00;0
02818;OCEANMAX COMPRESSOR A PILHA 2-L/M;41,99;79,50;0,00;0,00;0
03157;OCEANMAX ENFEITE BAU ABERTO;5,99;10,50;0,00;0,00;0
03156;OCEANMAX ENFEITE BAU MARRON FECHADO;5,99;10,50;0,00;0,00;0
02812;OCEANMAX ENFEITE GOKU AZUL 7,5X6CM;16,99;26,50;0,00;0,00;0
02813;OCEANMAX ENFEITE GOKU VERMELHO 7,5X6CM;16,99;26,50;0,00;0,00;0
02811;OCEANMAX ENFEITE JELLYFISH 5 X 15 CM;14,99;26,50;0,00;0,00;0
02815;OCEANMAX ENFEITE PLASTICO AGUA VIVA;3,99;7,50;0,00;0,00;0
02814;OCEANMAX ENFEITE PLASTICO PEIXE SORTIDOS PQ;2,99;6,00;0,00;0,00;0
03155;OCEANMAX ENFEITE SEREIA CONCHA / BALEIA;8,99;14,90;0,00;0,00;0
03154;OCEANMAX ENFEITE SERIA DEITADA;8,99;14,90;0,00;0,00;0
02816;OCEANMAX ENFEITE TRONCO COM PLANTA 15X16X8CM;11,99;23,90;0,00;0,00;0
02802;OCEANMAX FILTRO INTERNO 1500/H - 110V - OC-F1;68,99;172,50;0,00;0,00;0
02799;OCEANMAX FILTRO INTERNO 450/H - 110V - OC-F45;32,99;82,50;0,00;0,00;0
02800;OCEANMAX FILTRO INTERNO 600/H - 110V - OC-F60;37,99;94,50;0,00;0,00;0
02801;OCEANMAX FILTRO INTERNO 800/H - 110V - OC-F80;51,99;129,50;0,00;0,00;0
03019;OCEANMAX PLANTA PLASTICA 10CM - OPL303;2,89;6,00;0,00;0,00;0
03020;OCEANMAX PLANTA PLASTICA 10CM - OPL353;2,89;6,00;0,00;0,00;0
03021;OCEANMAX PLANTA PLASTICA 10CM - OPL356;2,89;6,00;0,00;0,00;0
03022;OCEANMAX PLANTA PLASTICA 10CM - OPL359;2,89;6,00;0,00;0,00;0
03023;OCEANMAX PLANTA PLASTICA 10CM - OPL364;2,89;6,00;0,00;0,00;0
03024;OCEANMAX PLANTA PLASTICA 10CM - OPL730;2,89;6,00;0,00;0,00;0
03025;OCEANMAX PLANTA PLASTICA 11CM - OPL301;2,89;6,00;0,00;0,00;0
03026;OCEANMAX PLANTA PLASTICA 11CM - OPL302;2,89;6,00;0,00;0,00;0
03027;OCEANMAX PLANTA PLASTICA 11CM - OPL358;2,89;6,00;0,00;0,00;0
03028;OCEANMAX PLANTA PLASTICA 11CM - OPL361;2,89;6,00;0,00;0,00;0
03029;OCEANMAX PLANTA PLASTICA 11CM - OPL363;2,89;6,00;0,00;0,00;0
03030;OCEANMAX PLANTA PLASTICA 11CM - OPL366;2,89;6,00;0,00;0,00;0
03031;OCEANMAX PLANTA PLASTICA 11CM - OPL373;2,89;6,00;0,00;0,00;0
03032;OCEANMAX PLANTA PLASTICA 11CM - OPL374;2,89;6,00;0,00;0,00;0
03033;OCEANMAX PLANTA PLASTICA 11CM - OPL375;2,89;6,00;0,00;0,00;0
03034;OCEANMAX PLANTA PLASTICA 11CM - OPL540;2,89;6,00;0,00;0,00;0
03035;OCEANMAX PLANTA PLASTICA 12CM - OPL377;2,89;6,00;0,00;0,00;0
03036;OCEANMAX PLANTA PLASTICA 12CM - OPL378;2,89;6,00;0,00;0,00;0
02817;OCEANMAX PLANTA PLASTICA 5CM;1,99;4,50;0,00;0,00;0
03158;OCEANMAX PLANTA PLASTICA 9CM;2,89;5,50;0,00;0,00;0
00726;PEDRA PARA AQUARIO;6,47;11,50;0,00;0,00;0
01827;PEIXE A VAREJO;0,00;1,50;0,00;0,00;0
03040;PL BETEIRA PERSONAGEM ARANHA;20,99;35,00;0,00;0,00;0
03041;PL BETEIRA PERSONAGEM GELO;20,99;20,99;0,00;0,00;0
03042;PL BETEIRA PERSONAGEM MARAVILHA;20,99;20,99;0,00;0,00;0
03043;PL BETEIRA PERSONAGEM MAVALDO;20,99;20,99;0,00;0,00;0
03044;PL BETEIRA PERSONAGEM PATRULHA;20,99;20,99;0,00;0,00;0
03045;PL BETEIRA PERSONAGEM PEIXE PALHACO;20,99;20,99;0,00;0,00;0
03046;PL BETEIRA PERSONAGEM SEREIA;20,99;20,99;0,00;0,00;0
03047;PL BETEIRA PERSONAGEM VINGADORES;20,99;20,99;0,00;0,00;0
03037;PL BETEIRA RETANGULAR 16 X 9 X 12 - C/ FITA;13,99;24,00;0,00;0,00;0
02820;PL MANGUEIRA DE SILICONE 2M;4,99;9,50;0,00;0,00;0
03160;POYTARA BETTA 14GR POTE;7,49;13,50;0,00;0,00;0
02822;POYTARA PEIXE DE FUNDO 50GR.;12,89;21,50;0,00;0,00;0
02823;POYTARA TROPICAIS FLOCOS 10GR;7,69;13,50;0,00;0,00;0
02824;POYTARA TROPICAIS FLOCOS 30GR.;12,59;23,50;0,00;0,00;0
00943;PRO BETTA COMIDA;3,59;6,50;0,00;0,00;0
02858;TERMOMETRO DE CRISTAL LIQUIDO PARA AQUARIO EL;7,59;16,00;0,00;0,00;0
01610;CHURRASQUEIRA FERRO COSTA AZUL;45,00;74,50;0,00;0,00;0
02301;CHURRASQUEIRA FERRO MINI BAFO;59,00;97,50;0,00;0,00;0
02716;CHURRASQUEIRA GALAVIZADA 04;102,00;169,00;0,00;0,00;0
02652;CHURRASQUEIRA GALVANIZADA 00;65,00;107,50;0,00;0,00;0
02715;CHURRASQUEIRA GALVANIZADA 03;98,00;162,00;0,00;0,00;0
01399;CHURRASQUEIRA REDONDA E QUADRADA;110,00;182,00;0,00;0,00;0
02718;GRELHA DE PEIXE N 03;34,00;57,00;0,00;0,00;0
02717;GRELHA INOX 07 60X50 CABO DE MADEIRA;68,00;112,20;0,00;0,00;0
02043;GRELHA INOX CABO DE MADEIRA 60 X 40;65,00;110,00;0,00;0,00;0
02102;BANHO A SECO HAMISTER 1 KG;7,59;13,00;0,00;0,00;0
03053;BEBED.HAMSTER BICO VIDRO MED-C/12UN-R11;5,82;11,50;0,00;0,00;0
01117;BEBEDOURO HAMSTER BILHA GRANDE COLORIDO;9,50;16,00;0,00;0,00;0
02859;FENO PRENSADO 500G;9,90;17,00;0,00;0,00;0
03102;MINI GAIOLA HAMSTER TUBOS;69,29;124,90;0,00;0,00;0
02159;RODA DE HAMISTER;6,41;12,00;0,00;0,00;0
02922;HUMUS;7,50;15,00;0,00;0,00;0
02921;TERRA ADUBADA 3KG;3,50;7,00;0,00;0,00;0
02970;AREIA BIODEGRADAVEL-BIO GOLD GROSSA 2KG;13,99;28,50;0,00;0,00;0
00894;AREIA MIMOCAT TRADICONAL 4KG;4,17;7,50;0,00;0,00;0
02971;GRANULADO PREMIUM BLUE MOON 4KG;8,14;32,00;0,00;0,00;0
01897;JABUTI BABY 80G;25,18;41,00;0,00;0,00;0
03170;POYTARA JABUTI 75G;15,11;30,50;0,00;0,00;0
03172;POYTARA TIGRE D AGUA 90G;16,85;33,70;0,00;0,00;0
03173;POYTARA TIGRE D AGUA FILHOTE 30G;10,57;21,50;0,00;0,00;0
