Codigo;Descricao;Preco_Compra;Preco_Varejo;Preco_Atacado
2622;A/D;0.0;49.9;0.0
2430;ABACATE CAT NIP;5.49;12.0;0.0
1041;ADAPTADORP/ MANGUEIRA PISCINA;5.1;12.0;0.0
185;AEROSSOL MATACURA 100ML;11.99;20.0;0.0
2729;AFASTA GATO CITROMAX 300G;22.53;38.0;0.0
1981;AFASTA POMBO E MORCEGO;41.7;62.5;0.0
1704;AGAPORNIA;50.0;90.0;0.0
1709;AGEMOXI 50MG;49.6;79.5;0.0
1235;AGEMOXI CL 250 MG;82.95;132.0;0.0
859;AGUA COM GALAO 20 LITROS;18.5;36.0;0.0
776;AGUA ENTREGA;6.5;13.0;0.0
775;AGUA LOJA;6.5;11.0;0.0
1358;AIG NUTRPHARME;137.0;220.0;0.0
2774;AKB GLIFOSATO 480 MATA MATO 10ML/1L;2.19;6.5;0.0
435;ALANTOL BISNAGA 25G;43.11;71.5;0.0
849;ALÃ+APAO PEQUENO;10.0;15.0;0.0
1724;ALCON  COLOURS 10GR;7.7;14.5;0.0
1430;ALCON BASIC 10 GR;8.77;15.0;0.0
1511;ALCON BASIC 50 G;25.96;50.0;0.0
2193;ALCON CLUB BEIJA FLOR 150GR;14.54;26.0;0.0
2477;ALCON COLOURS 10GR;7.7;15.0;0.0
707;ALCON DU FISH GRANULADO 50 GR;7.1;12.5;0.0
711;ALCON HOLIDAY 15 DIAS;7.12;12.0;0.0
1896;ALCON PAPA FILHOTES PSITACIDEOS;16.77;29.5;0.0
1463;ALCON PAPA PARA FILHOTE 160G;16.0;29.5;0.0
2142;ALCON REPTOLIFE 30 G;8.5;14.9;0.0
664;ALCON SPIRULINA 10 GR;4.75;7.6;0.0
1466;ALERGOCORT;9.27;17.5;0.0
1189;ALERGOVET 0,7 MG;40.97;53.5;0.0
1190;ALERGOVET 1,4MG;43.73;85.0;0.0
1699;ALFAFA PRENSADA 500 GR-PRO ROE;13.9;23.5;0.0
1539;ALFAFA RAMA 500G;9.49;18.0;0.0
1440;ALGICIDA CHOQUE D PROF.1L HIDROAZUL;24.2;38.5;0.0
1691;ALGICIDA DE CHOQUE 1LTR;18.81;48.5;0.0
1176;ALGICIDA MANUTENCAO 1 LT HIDROAZUL;15.3;25.0;0.0
2228;ALGICIDA MATUTENCAO DA GENCO;13.87;22.0;0.0
2114;ALGICIDA MULTIACAO 1LT HIDRO AZUL;19.5;45.5;0.0
248;ALICATE DE CORTE DE UNHA MEDIO;14.99;23.0;0.0
1270;ALICATE DE CORTE PEQUENO DE UNHA;8.99;16.0;0.0
2945;ALICATE GUILHOTINA MEDIO;15.07;25.5;0.0
1743;ALICATE GUILHOTINA PQNO;13.98;23.0;0.0
2775;ALICATE PESCA;6.99;13.9;0.0
2144;ALICATE SOFT PEQUENO;19.69;33.0;0.0
1194;ALICATE UNHA GRANDE;16.9;27.0;0.0
1609;ALLAX 5ML;17.94;30.9;0.0
2852;ALLERMYL SIS 250ML;91.84;151.6;0.0
2061;ALMOFADA G;40.0;88.0;0.0
2209;ALMOFADA M;40.0;76.0;0.0
773;ALMOFADA P;40.0;64.0;0.0
74;ALPISTE VAREJO;6.45;14.0;0.0
2837;AMINOMIX PO 100GR;41.65;70.0;0.0
1152;AMITRAZ CARRAPATICIDA;4.99;9.5;0.0
1356;ANIMALISSIMO ACESSORIO PET -CANGURU;69.9;119.0;0.0
2513;ANIZEN 30 ML;65.5;106.0;0.0
2177;ANTICLORO 20ML;1.99;8.0;0.0
1237;ANTICLORO GRANDE 100ML;4.99;12.0;0.0
1732;ANTITOXICO ORAL BIOFARM;9.94;16.0;0.0
1803;ANZOL  2/0 MARE ALTA;1.68;2.9;0.0
2052;ANZOL 01 E 02 C/10 UNI;2.02;3.8;0.0
1344;ANZOL 4330 4/6/8/10/12 E;14.0;1.44;3.0
1878;ANZOL 4330 M/S N2 C;10.0;1.8;3.0
1802;ANZOL MAREALTA N 10 A;16.0;2.16;3.5
2080;ANZOL MARUSEIGO;10.0;12.0;14.0
2086;ANZOL MARUSEIGO 16 C/ 10 UNID;2.7;5.5;0.0
1877;ANZOL MARUSEIGO M/S N8 C10;2.25;4.5;0.0
2225;ANZOL MARUSEIGO N20;3.15;5.5;0.0
1850;ANZOL N2 C/10;1.8;3.0;0.0
1943;ANZOL RETO LARGO M/S N10;4.05;8.0;0.0
1972;ANZOL RETO LARGO M/S N12;2.7;5.5;0.0
2063;ANZOL RETO LARGO M/S N14;2.25;4.5;0.0
1888;ANZOL RETO LARGO M/S N8;4.5;9.0;0.0
2393;APLICADOR DE COMPRIMIDOS;4.44;19.9;0.0
1859;APOQUEL 5,4 MG - 20 COMPR.;126.96;126.96;0.0
3093;AQUARIO BETEIRA ACRILICO COLORIDA;13.32;28.0;0.0
2333;AQUARIO BETEIRA CUBO;20.0;46.0;0.0
1103;AQUARIO BETEIRA DIAMANTE;22.5;46.0;0.0
654;AQUARIO BETEIRA DUPLA;15.5;44.0;0.0
701;AQUARIO BETEIRA GIGANTE;22.5;46.0;0.0
1224;AQUARIO BETEIRA PEQ;12.0;22.0;0.0
895;AQUARIO BETEIRA TRIPLA;25.0;55.0;0.0
600;AQUARIO BETTEIRA C/PEIXE;12.0;35.0;0.0
2334;AQUARIO GRANDE COM FILTRO E LAMPADA;150.0;350.0;0.0
1312;AQUARIO RETANGULAR N1;25.0;44.0;0.0
1146;AQUARIO RETANGULAR N2;30.0;74.0;0.0
2270;AQUARIO RETANGULAR N3;35.0;82.0;0.0
2268;AQUARIO RETANGULAR N4;40.0;90.0;0.0
1145;AQUARIO RETANGULAR N5;55.0;110.0;0.0
1364;AQUARIO RETANGULAR N6;65.0;152.0;0.0
1302;AREIA BIOCAT 4 KG;9.26;15.0;0.0
2566;AREIA BIOCAT CAMPESTRE 10KG;31.93;47.9;0.0
1826;AREIA BIOCAT FINA CAMPESTRE 4KG;13.26;19.9;0.0
2336;AREIA BIOCAT FINA NATURAL 4 KG;11.93;18.0;0.0
2565;AREIA BIOCAT FLORAL 10KG;28.6;48.0;0.0
2526;AREIA BIOCAT FLORAL 4KG;13.26;19.9;0.0
737;AREIA BIOCAT ORIGINAL 10KG;23.26;34.9;0.0
523;AREIA BIODEGRADAVEL - BIO GOLD FINA 2KG;13.99;28.5;0.0
2970;AREIA BIODEGRADAVEL-BIO GOLD GROSSA 2KG;13.99;28.5;0.0
1911;AREIA BRANCA PARA PASSARO;4.5;6.5;0.0
1862;AREIA CARE CAT PERFUMADA;7.83;11.8;0.0
1544;AREIA CARECAT 4 KG;6.66;10.5;0.0
1006;AREIA CARECAT PERFUM. 4KG;9.9316;14.5;0.0
2478;AREIA CARECAT PERFUMADA 10 KG;23.32;43.0;0.0
1007;AREIA CARECAT TRAD 4KG;7.91;12.0;0.0
2337;AREIA CARECAT TRAD FINA 4 KG;7.18;11.0;0.0
1010;AREIA CARECAT TRAD FINA 4KG;6.5;11.0;0.0
1608;AREIA CARECAT TRADICIONAL 10 KG;18.82;34.5;0.0
2586;AREIA CARECAT TRADICIONAL FINA 10KG;17.89;31.5;0.0
2005;AREIA CAT LIFE DE MANDIOCA 4 KG;49.98;79.5;0.0
525;AREIA CINZA P/PASSARO;3.35;4.5;0.0
1889;AREIA GATO LIMPO ,PURY CAT E GOLDEN CAT 4 KG;3.44;6.0;0.0
894;AREIA MIMOCAT TRADICONAL 4KG;4.17;7.5;0.0
2120;AREIA PIPICAT CLASSIC;11.0;18.5;0.0
2758;AREIA PROGATO CLASSICA GRAOS PEQS. PERFUMADO;10.0;20.0;0.0
1986;AREIA PURY CAT 4 KG;3.18;6.0;0.0
2889;AREIA SILICA FINA 1,6KG;17.99;32.99;0.0
1824;ARGOLA PARA MORDER;10.76;17.5;0.0
1969;ARMADILHA DE DE BARATA;0.99;4.5;0.0
2953;ARRANHADOR BRINQUEDO COM MOLA;13.61;27.0;0.0
1069;ARRANHADOR CANTO DE CARPETE MARROM CASTOR;54.34;93.5;0.0
253;ARRANHADOR GATO REDONDO GRANDE MASTER;39.9;72.0;0.0
2723;ARRANHADOR PARA GATOS CIRCULAR;25.99;44.0;0.0
96;ARROZ COM CASCA CATETO;7.5;12.0;0.0
2844;ARTROS 30ML;64.29;109.0;0.0
2918;ARTROSIN 30G;77.59;131.5;0.0
1644;ARTROTABS 30 COMP;135.05;224.0;0.0
2152;ASA NUTRE ( TODOS) 250 GR;4.95;9.5;0.0
714;ASA NUTRI COLEIRO C/400 G;5.95;10.5;0.0
691;ASA NUTRI PASSARO PRETO;3.85;6.5;0.0
121;ASA NUTRI SUPER FARINHADA VAREJO;11.2;20.0;0.0
2028;ASA TROPICA PROTEIM VAREJO;25.44;44.0;0.0
2453;ASANUTRI FARINHADA ALTA PERFORMANCE VAREJO;23.28;38.0;0.0
2289;ASAPRIPICA MAMAO VAREJO;12.28;21.0;0.0
2999;ASATROPICA ECO GREEN PEQUENAS AVES;22.32;39.0;0.0
3000;ASATROPICA EXTRUSADA CALOPSITA COM FRUTAS;15.0;26.5;0.0
2230;ASATROPICA NATURAL GARRAFA 350 GR;13.15;21.0;0.0
1728;ASATROPICA NATURAL VAREJO;25.34;41.0;0.0
119;ASATROPICA OVOS E MEL VAREJO;12.2;20.0;0.0
2236;ASPIRADOR 8 RODAS;45.28;99.0;0.0
2510;ASPIRADOR NETUNO;48.84;75.0;0.0
2235;ASPIRADOR NYLON HIDRASUL;56.1;93.9;0.0
3078;ATIVI CART 40MG;120.01;851.9;0.0
360;ATRATEX -G  25G GRANULADO;2.66;4.5;0.0
1726;AURIGEN 15 G;54.64;93.0;0.0
2527;AURITOP 15 GR;53.51;81.0;0.0
2084;AURIVET 13G;76.41;114.7;0.0
1761;AURIVET CLEAN 50 ML;35.68;69.0;0.0
2179;AVECOX 15 ML;23.52;39.9;0.0
101;AVEIA KG;4.46;11.5;0.0
107;AVEVITA DE BANANA;5.68;11.0;0.0
1153;AVITRIN ANTIBIOTICO;11.33;25.0;0.0
988;AVITRIN CALCIO 15 ML;10.49;23.5;0.0
1301;AVITRIN CANTO;13.96;23.0;0.0
1450;AVITRIN COMPLEXO VITAMINICO 15 ML;9.6;21.8;0.0
1808;AVITRIN E 15ML;11.34;29.0;0.0
1182;AVITRIN FERRO;14.07;22.5;0.0
1154;AVITRIN MUDA;13.93;24.0;0.0
1300;AVITRIN PLUMAS 15ML;14.66;23.5;0.0
692;AVITRIN PS;13.93;22.9;0.0
1155;AVITRIN REPRODUCAO;14.36;28.5;0.0
1183;AVITRIN VERMIFUGO;10.49;25.0;0.0
2754;AVITRIN VIAS AEREAS 15ML;14.99;24.0;0.0
1100;AZICOX-2 200 MG;107.06;161.5;0.0
201;AZICOX-2 50MG;73.93;111.0;0.0
1017;B LINE NATURAL LIFE CORDEIRO 15 KG;127.77;188.0;0.0
2607;BABYFLORA 10G;79.07;126.5;0.0
2605;BABYOX 30ML;68.05;109.0;0.0
2330;BALDE CLORO GENCO 10 KG;168.9;260.0;0.0
481;BALDE CLORO SUALL 10 KG;99.9;160.0;0.0
2863;BALL FREE PASTA ORAL 70G;50.81;83.5;0.0
2725;BANDEJA COLOR ELITE BLACK E AZUL WC KING PLAS;16.46;35.0;0.0
2741;BANDEJA COLOR ELITE ROSA / AZUL/BLACK;19.3;32.59;0.0
493;BANHEIRA  PAS ACRILICA MEDIA;1.92;4.0;0.0
1582;BANHEIRA  PAS C/ GANCHO PEQ CRISTAL;1.72;3.5;0.0
1648;BANHEIRA C/PULEIRO MEDIA;2.79;5.5;0.0
2724;BANHEIRA DE CALOPSITA COM CHUVEIRO;35.69;61.0;0.0
2148;BANHEIRA GATO GIGANTE;8.99;15.5;0.0
492;BANHEIRA PAS ACRILICA PEQ;1.43;3.5;0.0
1537;BANHEIRA PAS C/GANCHO CRISTAL;2.61;5.0;0.0
494;BANHEIRA PAS CRISTAL GRANDE;2.52;5.9;0.0
2020;BANHEIRA PAS GIGANTE;5.68;10.5;0.0
2102;BANHO A SECO HAMISTER 1 KG;7.59;13.0;0.0
2218;BANHO A SECO NEUTRALIZADOR 500 ML;13.99;22.5;0.0
1019;BANHO A SECO XO GATINHO PET CLEAN 500ML;13.13;23.0;0.0
2743;BANHO SECO DIVERSOS PET CLEAN 240ML;18.07;31.0;0.0
461;BANNI 3 0,90ML;33.9;56.0;0.0
2929;BANQUETA DOBRAVEL 22CM;25.74;43.8;0.0
2930;BANQUETA DOBRAVEL 39CM;42.25;71.8;0.0
564;BARRILHA GENCO OU HIDROAZUL 2KG;24.85;37.5;0.0
1960;BASTAO DE CALOPSITA;7.9;13.5;0.0
1737;BEB. BEIJA FLOR CHAPEU 250ML-M.PET-R1305;7.5;13.0;0.0
3053;BEBED.HAMSTER BICO VIDRO MED-C/12UN-R11;5.82;11.5;0.0
570;BEBEDOURO AUTOMATICO PLATICO;3000.0;28.88;44.0
2214;BEBEDOURO BEIJA FLOR BANDEJA COM FLOR - JEL P;6.65;13.0;0.0
1504;BEBEDOURO BEIJA FLOR GOLD M 220ML;8.55;14.5;0.0
1919;BEBEDOURO CAO GARRAFA PET 500ML;4.32;8.9;0.0
568;BEBEDOURO COM FILTRO AUTOMATICO 2,3 LTS;55.9;95.0;0.0
1363;BEBEDOURO DE BEIJA FLOR C/ BANDEJA E ANTI FOR;5.49;13.5;0.0
486;BEBEDOURO DE BEIJA FLOR GRANDE;7.7;13.0;0.0
2041;BEBEDOURO DE BEIJA FLOR LUXO C/ CHAPEU E POLE;6.99;15.0;0.0
835;BEBEDOURO DE BEIJA FLOR S/ BANDEJA;3.49;12.0;0.0
2082;BEBEDOURO DE FRANGO 2,5 LITROS;12.09;21.8;0.0
1958;BEBEDOURO DE HAMISTER GRANDE;7.2;16.0;0.0
1630;BEBEDOURO DE HAMISTER PEQ;5.99;12.0;0.0
812;BEBEDOURO DE PINTO E CODORNA 800 ML;6.47;12.0;0.0
475;BEBEDOURO DUPLO AUTOMATICO;4.92;9.99;0.0
427;BEBEDOURO DUPLO LAMINADO 300ML;5.62;9.5;0.0
2116;BEBEDOURO E COMEDOURO AUT ZOOFRIENDS 4 LTS;25.99;42.0;0.0
819;BEBEDOURO E COMEDOURO DE BILHA DUPLO;69.99;112.0;0.0
2060;BEBEDOURO E COMEDOURO FLEX GOUMERT 1500 ML;24.75;42.0;0.0
918;BEBEDOURO FRANGO 2 LITROS;6.9;12.0;0.0
2081;BEBEDOURO FRANGO 5 LTS;16.19;28.0;0.0
837;BEBEDOURO FRANGO DE 1 LITRO;4.99;9.0;0.0
502;BEBEDOURO GRANDE MALHA LARGA E FINA;1.76;4.0;0.0
2036;BEBEDOURO HAMISTER  PEQ COLORIDO;3.08;11.0;0.0
1117;BEBEDOURO HAMSTER BILHA GRANDE COLORIDO;9.5;16.0;0.0
813;BEBEDOURO P/FRANGO 7,5 L;17.04;34.0;0.0
2995;BEBEDOURO PARA FRANGO 2,5 AGRODOG;13.69;23.0;0.0
1683;BEBEDOURO PAS CACULA GROSSO;1.2;3.5;0.0
2032;BEBEDOURO PAS MEDIO;1.28;3.0;0.0
2341;BEBEDOURO PAS PEQUENO AUT;1.41;3.5;0.0
1111;BEBEDOURO PAS SABIA;3.59;8.5;0.0
114;BEBEDOURO PAS TRINCA FERRO GRANDE;1.74;4.5;0.0
2340;BEBEDOURO PAS TRINCA FERRO MALHA LARGA OU FIN;1.96;4.5;0.0
2835;BEBEDOURO PAS TUBULAR GIGANTE;4.21;9.5;0.0
2833;BEBEDOURO PAS TUBULAR MEDIO MALHA FINA;1.87;4.0;0.0
2834;BEBEDOURO PAS TUBULAR MEDIO MALHA LARGA;2.4;5.5;0.0
639;BEBEDOURO PELOS LONGO 800 ML;5.24;10.0;0.0
2136;BEBEDOURO PORTATIL ACQUA CAO AZUL;22.98;39.0;0.0
1449;BEBEDOURO PORTATIL GD;14.49;23.9;0.0
2106;BEBEDOURO PORTATIL PEQUENO;10.35;16.8;0.0
1031;BEBEDOURO TRANSPORTE TRINCAO;1.67;3.2;0.0
2402;BEEFLEX BIFINHO DE 500 GR;15.9;25.0;0.0
1661;BENEFLORA 14G;53.13;80.0;0.0
2604;BENEFLORA DERME PASTA;113.83;183.0;0.0
2335;BETEIRA DELTA;20.0;46.0;0.0
748;BETTA;1.5;10.0;0.0
2458;BIFINHO BILLY DOG E QUARTZ DIVERSOS 65GR;1.77;10.0;0.0
1690;BILIDOG FILHOTE 1 KG;6.58;12.0;0.0
808;BILLY CAT CASTRADO 15 KG;86.95;136.5;0.0
2630;BILLY CAT CASTRADO 1KG;7.68;13.0;0.0
50;BILLY CAT CASTRADO VAREJO;5.4;10.5;0.0
394;BILLY CAT FILHOTE 15 KG;95.69;144.0;0.0
1903;BILLY CAT FILHOTE 1KG;8.74;14.0;0.0
55;BILLY CAT FILHOTE VAREJO;5.74;11.5;0.0
901;BILLY CAT MIX 1KG;7.08;12.0;0.0
2561;BILLY CAT MIX 25KG;133.84;207.5;0.0
42;BILLY CAT MIX VAREJO;3.47;9.0;0.0
2632;BILLY CAT PEIXE 10,1 KG;56.35;88.0;0.0
477;BILLY CAT PEIXE 15 KG;80.19;120.0;0.0
52;BILLY CAT PEIXE VAREJO;5.02;9.0;0.0
141;BILLY CAT SALMAO 1 KG;7.08;12.0;0.0
1102;BILLY CAT SALMAO 10,1 KG;56.35;88.0;0.0
1946;BILLY CAT SALMAO 15 KG;80.29;120.0;0.0
53;BILLY CAT SALMAO VAREJO;5.01;9.0;0.0
2761;BILLYDOG CASTRADOS 15KG;74.89;115.0;0.0
1337;BILLYDOG FILHOTE 10 KG;53.91;85.0;0.0
1944;BILLYDOG FILHOTE 25 KG;124.31;194.5;0.0
3;BILLYDOG FILHOTE VAREJO;4.86;8.9;0.0
1913;BILLYDOG MIX 15 KG;47.7;91.75;0.0
21;BILLYDOG NATURAL VAREJO;4.22;8.8;0.0
2459;BILLYDOG R PEQUENAS 10 KG;58.0;85.0;0.0
1090;BILLYDOG RACAS PEQ 1 KG;7.08;12.0;0.0
1367;BILLYDOG RACAS PEQ 10 KG;55.55;85.0;0.0
1011;BILLYDOG RACAS PEQ 15 KG;79.99;122.0;0.0
9;BILLYDOG RACAS PEQ VAREJO;5.21;9.0;0.0
2007;BILLYDOG REFEICAO 22 PORCENTO 15 KG;63.87;110.0;0.0
856;BILLYDOG REFEICAO DIARIA ADULTO 22% 1 KG;5.97;10.0;0.0
1947;BILLYDOG SELECT AD 15KG;43.99;81.0;0.0
17;BILLYDOG SELECT VAREJO;3.37;6.9;0.0
2119;BILY CAT PEIXE;10.1;65.0;105.95
2780;BIOA TORPEDO S/CHUMBO;1.75;7.5;0.0
2562;BIODEX 20 COMPRIOMIDOS;11.93;21.5;0.0
2475;BIOFLOXACIN 150MG CARTELA;23.86;54.5;0.0
2481;BIOFLOXACIN 50MG;12.73;21.5;0.0
2580;BIOMAX CERAMICA;500.0;18.0;29.9
1625;BIOTRIL 4 COMPRIMIDOS ( CARTELA );9.73;18.5;0.0
1369;BIOTRIN VET REPRODUTOR 20ML;4.02;9.99;0.0
2221;BISCOITO PET CROCK  250 GR DIVERSOS;6.27;12.0;0.0
2222;BISCOITO QUATREE 3 POR;2.0;0.95;2.0
1997;BISCOITO ROEDORES;7.9;13.5;0.0
1023;BISCROK ADULTO 1 KG;0.0;39.0;0.0
2077;BISCROK ADULTO 150G;5.07;10.5;0.0
2076;BISCROK ADULTO 500 GR;16.3;22.5;0.0
2891;BISCROK ADULTO R. GRANDES 500G (22);16.3;22.5;0.0
2892;BISCROK ADULTO R. PEQUENAS 500G (22);16.3;22.5;0.0
1594;BISCROK ADULTO RP BANANA 500G (22);17.16;25.0;0.0
1596;BISCROK ADULTO RP MACA 500G (22);17.16;25.0;0.0
2893;BISCROK FILHOTES 300G (24);13.15;21.0;0.0
1909;BLOCO MINEIRAL (CASCA DE OVO );1.67;4.0;0.0
2292;BOIA DE LAMBARI N 2 C/10;1.24;3.5;0.0
1008;BOIA DE LAMBARI N0 C/10;0.85;2.5;0.0
2066;BOIA LUMINOSA C/LED PILHA;9.72;17.0;0.0
2778;BOIA PEAO GR C/CHUMBO;2.8;7.5;0.0
2779;BOIA PEAO GR S/CHUMBO;0.0;0.0;0.0
2777;BOIA PEAO PQ S/CHUMBO;2.6;7.5;0.0
2776;BOIA PEAO PQ. C/CHUMBO;2.99;7.5;0.0
2745;BOLA ACRILICA PARA HAMSTER SAVANA;15.99;28.0;0.0
710;BOLA ALTERNATIVO PETISCO;12.9;20.9;0.0
2952;BOLA BORRACHA CAT BALL;2.35;5.0;0.0
2947;BOLA BORRACHA DOG BALL;4.07;8.0;0.0
2252;BOLA C/ GUIZO PEQ.;0.94;1.99;0.0
2062;BOLA C/4 UNIDADE;2.79;12.99;0.0
2217;BOLA COM GUIZO GRANDE;0.7;5.0;0.0
1619;BOLA CRAVO;2.49;7.0;0.0
969;BOLA CRAVO VINIL;1.75;7.0;0.0
560;BOLA DE BORRACHA;4.54;7.0;0.0
1388;BOLA DE GUIZO 7 CM;9.68;15.5;0.0
1604;BOLA DE PELO - GATOS;4.26;7.5;0.0
2160;BOLA DE PELO QUATREE;6.35;9.0;0.0
2250;BOLA FISIOTERAPIA COLORIDA;1.8;4.0;0.0
2994;BOLA INTELIGENTE LUNA;16.59;29.0;0.0
2493;BOLA INTERATIVA PARA GATO;19.99;34.0;0.0
2068;BOLA MACIÃ+A 60MM FURACAO;9.9;15.9;0.0
1164;BOLA MACICA MIXTA;2.96;6.5;0.0
2432;BOLA MODERNA C/ ESPINHO;14.8;23.8;0.0
2431;BOLA MULTICOR;9.38;15.0;0.0
1716;BOLA P/ RAÃ+AO;13.02;29.5;0.0
2034;BOLA PETISCO GRANDE;7.19;16.5;0.0
2433;BOLA PETISCO PEQUENA;5.31;12.0;0.0
1905;BOLA ROPE BALL;5.33;8.5;0.0
1908;BOLA RUGBY UNIDADE;6.75;14.5;0.0
2633;BOLINHA CAT NIP;16.86;28.9;0.0
1205;BOLINHA GUISO GATO;1.19;2.0;0.0
1952;BOLSA PASSEIO NÂº03;0.0;64.0;0.0
1207;BOLSA PASSEIO P/CAO P;27.5;44.0;0.0
2734;BOLSA TRANSPORTE DESMONTAVEL POP;33.99;60.0;0.0
2489;BOMBA C/ FILTRO EXTERNO 160 LTS;48.99;90.0;0.0
2490;BOMBA C/FILTRO EXTERNO 250 LTS;52.99;99.0;0.0
2492;BOMBA C/FILTRO INTERNO 800 LTS IPF;80.0;69.99;140.0
563;BOMBA FILTRO EXTERNO XP08 680L/H;89.99;170.0;0.0
2491;BOMBA FILTRO INTERNO 500 LTS PF;60.0;48.99;110.0
316;BOMBA SUBMERSA /FONTE PF 338 300L/H;40.99;70.0;0.0
1983;BOMBA SUBMERSA 1020 LTS;69.99;128.0;0.0
2487;BOMBA SUBMERSA 200 LTS;34.99;70.0;0.0
1522;BOMBA SUBMERSA 200 LTS MASTER;72.0;123.0;0.0
770;BOMBA SUBMERSA 450 LTS COD;448.0;52.99;98.0
2488;BOMBA SUBMERSA 720 LTS COD;728.0;67.99;122.5
2006;BOMBA SUBMERSA/FONTE 220LTS PF;228.0;36.99;65.0
2956;BONE APETTIT DENTAL CARE 7UN 280 GR;12.9;21.5;0.0
1700;BONE APETTIT DENTAL CARE P/M 7UN 110 GR;6.9;12.0;0.0
1783;BONIFICADO;2.76;11.28;0.0
562;BORRIFADOR PET MILLA;6.8;17.9;0.0
3122;BOTA VULCABRAS C/ SOLA AMARELA N;42.0;39.99;39.99
2951;BOTINHA BORRACHA MED;27.05;27.05;0.0
2950;BOTINHA BORRACHA PEQ;27.05;45.0;0.0
3070;BRINQ RAPOSA C/ CORDA;15.75;28.5;0.0
3068;BRINQ TUIM PATO;13.5;27.5;0.0
2539;BRINQQUEDO ARGOLA C/POMPOM;3.98;11.0;0.0
2054;BRINQUEDO CALOPSITA REDONDO;3.6;22.0;0.0
1593;BRINQUEDO COM FITA COLORIDA COD;7865.0;7.65;15.5
2220;BRINQUEDO DE ARGOLA PERIQ.;2.92;9.0;0.0
772;BRINQUEDO DE CALOPSITA SIMPLES;3.6;13.0;0.0
1292;BRINQUEDO DE CORDA (VARIOS);13.97;23.8;0.0
2072;BRINQUEDO DE GATO VARA;7.36;12.0;0.0
2376;BRINQUEDO DE PELUCIA TODOS;16.66;25.0;0.0
543;BRINQUEDO DIVERSOS;4.99;9.0;0.0
2861;BRINQUEDO FUNDO DO MAR PEIXE LARANJA P;17.29;32.0;0.0
2862;BRINQUEDO FUNDO DO MAR TUBARAO AZUL M;23.99;43.0;0.0
1760;BRINQUEDO IGUANA SAVANA;6.99;0.0;0.0
1191;BRINQUEDO IMPERATIVO QI;37.8;60.0;0.0
2719;BRINQUEDO INTERATIVO CAES E GATOS LENTO BL04;34.79;60.0;0.0
1115;BRINQUEDO JOANA, ABELHA E SIRI;10.23;18.9;0.0
2183;BRINQUEDO MACACO E SAPO DE PELUCIA;22.49;33.5;0.0
982;BRINQUEDO PEIXE E TUBARAO;9.49;14.2;0.0
1870;BRINQUEDO PETISCO NATURAL WEGGS SABORES;5.99;9.6;0.0
1791;BRINQUEDO ROPE  BAT;9.69;17.5;0.0
2557;BRINQUEDO ROPE CATCHBALL;8.52;13.7;0.0
2435;BRINQUEDO ROPE NO;2.76;5.0;0.0
2314;BRINQUEDO ROPO COIN;4.92;8.0;0.0
126;BULVITAN PLUS 120ML;29.4;45.0;0.0
736;BUTOX 25ML;3.16;6.0;0.0
1948;CAIXA DE LARVA MEDIA;21.67;36.8;0.0
1707;CAIXA DE TRANSP.PAPELAO CALOPSYTA 100 UN;120.0;48.0;0.0
1708;CAIXA DE TRANSP.PAPELAO CANARIO C/100 UN;45.9;18.36;0.0
2873;CAL-D-MIX PET LIQUIDO 100ML;24.21;40.0;0.0
796;CALCINHA DESCARTAVEL  C/ 3  QUALQUER TAMANHO;7.48;12.99;0.0
974;CALCIO BLOCO BANANA C/24UN 32G -PLUS;0.8;2.0;0.0
2593;CALD-MIX;37.71;75.0;0.0
1029;CALMAVET 30 ML;26.03;42.0;0.0
1255;CALMINEX VET 100G;16.76;30.0;0.0
965;CALOPSITA;45.0;100.0;0.0
1599;CALOPSITA PASSARO FORT 500 GR;4.27;8.5;0.0
2387;CALOPSITA SUPRA MIX 500G;3.89;8.0;0.0
2419;CAMA BLUCAO LUXO;85.57;145.5;0.0
2880;CAMA CEREJA TAMANHO M;104.49;178.0;0.0
275;CAMA GUSTAVO PET N1;23.0;35.5;0.0
276;CAMA GUSTAVO PET N2;23.0;50.0;0.0
774;CAMA GUSTAVO PET N3;23.0;55.0;0.0
272;CAMA GUSTAVO PET N4;23.0;68.0;0.0
2310;CAMA GUSTAVO PET N5;23.0;72.0;0.0
1950;CAMA LUXO ROSA N1;58.66;93.9;0.0
1927;CAMA LUXO ROSA N2;58.66;99.9;0.0
688;CAMA LUXO ROSA N3;58.66;106.0;0.0
689;CAMA NUVEM  REDONDA M;62.21;105.9;0.0
2635;CAMA NUVEM REDONDA P;32.66;58.9;0.0
1901;CAMARAO PREMIUM 6,5 CM;2.29;3.9;0.0
1902;CAMARAO PREMIUM 7,5CM;2.42;4.5;0.0
1618;CAMARAO VAREJO;2.0;4.5;0.0
924;CANARIO BELGA;50.0;120.0;0.0
1458;CANARIO BELGA CANTANDO;0.2;150.0;0.0
1445;CANARIO BELGA FILHOTE;25.0;60.0;0.0
2324;CANECA COM GANCHO PEQUENA;3.25;6.0;0.0
789;CANECA DE PAPAGAIO  GRANDE;4.98;14.5;0.0
788;CANECA DE PAPAGAIO MEDIA;4.32;11.0;0.0
787;CANECA DE PAPAGAIO PEQ;4.06;6.0;0.0
2325;CANECA MEDIA COM GANCHO;4.32;7.5;0.0
2903;CANECA PLASTICA C/ABA E GANCHO 100ML;2.91;5.0;0.0
1752;CANEX COMPOSTO;3.99;10.0;0.0
125;CANEX COMPOSTO 4 COMPRIMIDOS;3.99;10.0;0.0
2281;CANEX ORIGINAL;3.0;9.0;0.0
892;CANJIQUINHA 15 KG;35.0;57.0;0.0
2286;CANJIQUINHA COM MEL ( VAREJO );6.32;11.5;0.0
112;CANJIQUINHA VAREJO;2.81;4.5;0.0
3094;CANTO FORTE CARDEAL MIX 500GR;7.8;14.5;0.0
3095;CANTO FORTE PASSARO PRETO MIX 500GR;6.68;12.5;0.0
120;CANTO LINDO VIAS AERES 10ML;12.96;22.0;0.0
891;CANTORIL;9.79;20.0;0.0
2647;CAPA DE CHUVA PET GG;29.71;50.0;0.0
2648;CAPA DE CUVA TAMANHO G;27.12;45.0;0.0
1568;CAPA DE GAIOLA;19.0;32.0;0.0
1566;CAPA DECORADA OU DOIS FECHOS;19.0;32.0;0.0
3074;CAPACHO FIBRA DE COCO 30CM X 60CM SORTIDO;15.2;15.2;0.0
3018;CAPSTAR 11,4 MG 6CP (AZUL);11.62;19.5;0.0
304;CAPSTAR 11,4MG COM 6 COMPRIMIDOS;14.15;22.5;0.0
305;CAPSTAR 57 MG 1 COMPRIMIDO ADULTO;13.35;21.5;0.0
2014;CARBOVET 20 COMPRIMIDOS;24.91;42.5;0.0
3114;CARPROFEN 100MG;54.67;98.0;0.0
3112;CARPROFEN 25MG;25.18;45.5;0.0
3113;CARPROFEN 75MG;42.25;78.0;0.0
2149;CARPROFENO IBASA 75MG;49.27;89.0;0.0
899;CARPROFLAN 100MG AGENER;92.83;129.0;0.0
1514;CARPROFLAN 25M AGENER;56.0;84.0;0.0
1285;CARPROFLAN 75MG AGENER;77.93;116.0;0.0
1286;CARPROVET 100MG;62.5;100.0;0.0
2206;CARPROVET 25MG;25.28;56.0;0.0
905;CARPROVET 75MG;35.9;70.0;0.0
1005;CARRAPATOX 20ML;1.99;7.0;0.0
95;CARTAMO VAREJO KG;6.84;15.0;0.0
682;CARVAO 2,5 KG;9.0;13.0;0.0
1068;CARVAO ATIVADO SACO 250 GR;7.89;13.5;0.0
1967;CARVAO ATIVADO TROPICLEN 220G;16.99;28.9;0.0
1987;CASA DE HAMISTER;8.0;12.8;0.0
2004;CASA PLASTICA N2;39.9;64.0;0.0
1930;CASA STONE N1;21.06;42.0;0.0
289;CASA STONE N2;21.0;53.0;0.0
631;CASA STONE N3;58.51;97.0;0.0
1929;CASA STONE N4;105.59;170.0;0.0
1345;CASA STONE N5;176.21;260.0;0.0
1701;CASCO BOVINO C/1UND-BULLS PET;5.9;10.0;0.0
2350;CASINHA DE HAMSTER;8.99;16.5;0.0
65;CAT CHOW ADULTO CARNE KG VAREJO;11.24;18.5;0.0
1004;CAT CHOW PS ADULTOS CARNE 10,1KG N2 BR;119.46;174.0;0.0
1759;CAT NIP C/ 2 TUBOS DE 5G;12.27;20.9;0.0
2251;CAT TOY INTELIGENTE;19.8;32.9;0.0
1812;CAVALO MARINHO  PEQUENO  A035;9.39;15.0;0.0
1058;CC 2030 SACO 1KG;22.2;34.0;0.0
109;CC2030 VAREJO 1KG;20.95;34.0;0.0
3089;CEFA SID 110MG C/10 COMP;31.09;59.0;0.0
3090;CEFA SID 220MG C/10 COMP;49.01;93.0;0.0
3091;CEFA SID 440MG C/10 COMP;90.44;162.0;0.0
3092;CEFA SID 660MG C/10 COMP;113.02;203.5;0.0
1622;CEFAWOORD 600MG;37.59;68.0;0.0
2392;CEFAWORLD 150MG;22.4;35.9;0.0
2226;CEFAWORLD 300MG;24.58;44.5;0.0
2914;CEFEX 500 MG 10 COMP (12);71.96;119.5;0.0
3004;CEFEX SUSPENSAO 60 ML (12) UN;1.0;67.71;108.5
1268;CELESPORIM 150 MG;53.54;85.7;0.0
2227;CELESPORIN 600MG;110.51;183.5;0.0
1734;CEVAMIX / CEVAMIX SUPLEMENTO ANIMAL;5.18;8.5;0.0
1659;CHEMITAL PUPPY 20 ML;18.49;40.0;0.0
719;CHICOTE 0,60 C/;5.0;2.96;5.5
715;CHICOTE C/ANZOL  12/14/16;2.99;4.5;0.0
724;CHICOTE COMUM  C/5 0,30 / 0,40 E;0.5;2.54;4.5
368;CHICOTE DE BAIACU C/3 HASTES;4.78;7.2;0.0
2000;CHICOTE PARA ESPADA;5.01;8.5;0.0
1702;CHIFRE BOVINO C/1UN-PROCANINE;6.9;12.0;0.0
2720;CHOCAOTONE E PANETONE DOOGS 80G;5.39;10.0;0.0
700;CHUMBO VARIADO KG;19.8;33.0;0.0
1610;CHURRASQUEIRA FERRO COSTA AZUL;45.0;74.5;0.0
2301;CHURRASQUEIRA FERRO MINI BAFO;59.0;97.5;0.0
2716;CHURRASQUEIRA GALAVIZADA;4.0;102.0;169.0
2652;CHURRASQUEIRA GALVANIZADA;0.0;65.0;107.5
2715;CHURRASQUEIRA GALVANIZADA;3.0;98.0;162.0
1399;CHURRASQUEIRA REDONDA E QUADRADA;110.0;182.0;0.0
1179;CHURU C/4;19.9;35.0;0.0
619;CHURU UNIDADE;5.1;8.0;0.0
3111;CICATRIZANTE CMR VET 190G;48.1;81.5;0.0
333;CIKADOL 50GR SYNTEC;26.17;54.0;0.0
2450;CINO CONTROL 30 ML;72.43;109.0;0.0
2132;CINTO DE SEGURANÃ+A DA CHALESCO;22.69;36.5;0.0
1271;CINTO DE SEGURANCA PRETO;7.99;15.0;0.0
2516;CIPROVET GOTAS 5ML;128.14;182.0;0.0
484;CIST CONTROL;69.6;112.0;0.0
2642;CISTIMICIN VET 30 COMPRIMIDOS;85.27;145.0;0.0
2038;CITRONELA PROCANINE 500 ML;12.99;24.0;0.0
1834;CLARIFICANTE GENFLOC GENCO;15.07;25.5;0.0
2864;CLEAN UP 100ML;48.44;80.0;0.0
1515;CLORADOR  FLUTUADOR GRD;23.9;50.8;0.0
2356;CLORADOR MARGARIDA M;23.95;36.0;0.0
847;CLORO  BOMBA 6 LTS;4.95;12.0;0.0
1275;CLORO 2 LTS GARRAFA;1.7;3.5;0.0
745;CLORO ATCLORO  VAREJO 1KG;17.7;30.0;0.0
2332;CLORO FAZ HIDROAZUL 4X1 BALDE 10KG;199.97;290.0;0.0
2331;CLORO MULTIACAO HIDROAZUL BD 10KG;166.18;260.0;0.0
975;CLORO PASTILHA UNIDADE;0.7;3.0;0.0
751;CLORO SMART MULTI AÃ+AO 7,5KG;132.0;198.0;0.0
628;CLORO ULTRACLOR FACIL 3 EM;1.0;159.49;240.0
990;CLORO WEEKEND 4KG;55.99;89.9;0.0
2238;CMR PET 15GR;58.41;97.0;0.0
1846;COBERTOR SOFT ESTAMPADO PEQ;19.9;34.0;0.0
1350;COCCIDEX AARAO AVES C/ UNIDADE;2.66;4.0;0.0
252;COCCIDEX ITALIANO UNIDADE;1.6;4.0;0.0
942;COCCINOM 1 COMPRIMIDOS;1.66;4.0;0.0
1687;CODORNA;56.94;79.9;0.0
71;CODORNA VAREJO;2.85;4.5;0.0
1076;COELHO 20KG;54.05;77.0;0.0
78;COELHO VAREJO;2.59;4.6;0.0
2016;COLAR CHATO 3,5X50CM;10.9;18.5;0.0
2173;COLAR CHATO 3,5X70 CM;13.9;24.0;0.0
994;COLAR ELIZABETANO C/VELCRO N7;30.28;49.5;0.0
1447;COLAR ELIZABETANO GATO;8.99;12.0;0.0
1249;COLAR ELIZABETANO N;1.0;8.15;12.5
531;COLAR ELIZABETANO N;2.0;8.15;13.5
532;COLAR ELIZABETANO N;3.0;8.15;14.5
533;COLAR ELIZABETANO N;4.0;8.15;15.5
534;COLAR ELIZABETANO N;5.0;8.15;16.5
535;COLAR ELIZABETANO N;6.0;8.15;17.5
536;COLAR ELIZABETANO N;7.0;8.15;18.5
537;COLAR ELIZABETANO N;8.0;8.15;19.5
538;COLAR ELIZABETANO N;9.0;8.15;22.5
539;COLAR ELIZABETANO N10;8.15;23.5;0.0
1066;COLAR ELIZABETANO P/ GATO;10.55;16.5;0.0
1922;COLAR ELO CHATO DUPLO 3,5X70 CM;28.63;48.9;0.0
2017;COLAR REDONDO 3,5 X 60 CM;8.32;14.0;0.0
2018;COLAR REDONDO 4,0 X 60 CM;10.35;17.8;0.0
1963;COLCHONETE  COM ZIPER TECIDO;17.9;35.0;0.0
1964;COLCHONETE G;37.47;73.5;0.0
1965;COLCHONETE GG;37.5;79.9;0.0
1370;COLCHONETE LAVAVEL GUSTAVO G;28.4;70.0;0.0
228;COLCHONETE LAVAVEL GUSTAVO GG;28.4;95.0;0.0
385;COLCHONETE LAVAVEL GUSTAVO M;28.4;58.5;0.0
1684;COLCHONETE LAVAVEL GUSTAVO P;28.4;48.0;0.0
1658;COLCHONETE LAVAVEL GUSTAVO PP;28.4;36.9;0.0
1962;COLCHONETE P SOLT E CORINO;23.99;43.5;0.0
1713;COLCHONETE PORTATIL G;45.99;78.0;0.0
1787;COLCHONETE PORTATIL M;39.99;68.0;0.0
1407;COLCHONETE PORTATIL P;29.99;50.9;0.0
2598;COLCHONETE SOFT/CORINO ESTAMPADO P CLUB;23.99;48.0;0.0
1992;COLEIRA ANT PULGAS DUGS;9.91;20.0;0.0
1542;COLEIRA C/ GUIA;3.8;11.5;0.0
1933;COLEIRA COURO N10;12.26;25.0;0.0
1637;COLEIRA COURO N2;2.88;6.0;0.0
284;COLEIRA COURO N4;4.67;9.0;0.0
2169;COLEIRA COURO N8;9.92;19.0;0.0
2472;COLEIRA COURO NATURAL CLOVIS NUMERO;3.0;2.87;6.0
2877;COLEIRA COURO NATURAL NUMERO;9.0;13.87;27.0
1845;COLEIRA COURO NUMERO;7.0;13.9;27.5
404;COLEIRA COURO NUMERO;8.0;13.9;27.5
1372;COLEIRA COURO NUMERO;9.0;16.9;33.0
2875;COLEIRA DE COURO NATURAL NUMERO;5.0;4.99;11.0
2876;COLEIRA DE COURO NATURAL NUMERO;7.0;7.65;16.0
2253;COLEIRA DUPLA P/PET (G);4.09;13.0;0.0
296;COLEIRA FREE DOG CARRAPATO GATO E CAO;6.6;11.9;0.0
204;COLEIRA GATO C/GUIZO;1.99;6.0;0.0
2860;COLEIRA INTERATIVA LASER GATO BG-50;16.39;30.0;0.0
1354;COLEIRA LEO N 5 REFORCADA;6.6;13.0;0.0
1049;COLEIRA LEO N3;2.6;6.0;0.0
1971;COLEIRA LEO N6 REFORCADA;7.0;14.0;0.0
2171;COLEIRA LEO N7 REFORCADA;7.4;15.0;0.0
1686;COLEIRA LEO N8 REFORCADA;8.9;17.5;0.0
171;COLEIRA LEO N9 REFORCADA;9.5;19.5;0.0
2162;COLEIRA NILON DUPLO PAO PASTOR;15.95;27.0;0.0
2509;COLEIRA NYLON 0 - CLOVIS COD;604.0;1.19;4.0
2704;COLEIRA NYLON 1 LEO;1.6;4.0;0.0
1844;COLEIRA NYLON 2 CODIGO 604 CLOVIS;1.66;4.5;0.0
297;COLEIRA NYLON CLOVIS COD 604 N10;14.97;21.0;0.0
2878;COLEIRA NYLON CLOVIS NUMERO 5 COD;604.0;6.71;14.0
2879;COLEIRA NYLON CLOVIS NUMERO;7.0;12.51;22.0
836;COLEIRA NYLON COD 604 CLOVIS N;6.0;6.99;13.0
1636;COLEIRA NYLON COD 604 CLOVIS N;8.0;11.6;19.0
2471;COLEIRA NYLON COD 613 NUMERO 8 E;10.0;14.0;24.0
1359;COLEIRA NYLON N4 COD 604 CLOVIS;3.35;7.0;0.0
1149;COLEIRA NYLON POLIESTER REFORCADA;3.46;10.5;0.0
1923;COLEIRA NYLON REFORÃ+ADA GROSSA;4.09;14.5;0.0
123;COLEIRA POLIESTE PREMIUM N2;3.28;7.0;0.0
1801;COLEIRA POLIESTER FECHO PLASTICO;3.51;7.2;0.0
168;COLEIRA POLIESTER PREMIUM N5;4.95;10.0;0.0
2254;COLEIRA PREVIM ANT PULGAS;21.57;34.5;0.0
1546;COLEIRA REFORCADA 40 N8,N9 E N10;13.0;29.0;0.0
2713;COLIRIO BIOFARM 20ML;18.2;31.0;0.0
2854;COLIRIO CINERARIA MARITIMA 10ML;40.96;77.06;0.0
1627;COLIRIO PET BIOFARM 20ML;21.99;37.5;0.0
1122;COLIRIO SIMOES 10 ML;17.47;34.0;0.0
2208;COLONIA DEO COLONIA;14.27;24.5;0.0
1840;COLONIA REX ( VARIOS );11.32;20.0;0.0
2031;COLOSSO PULV 25 ML;7.04;14.0;0.0
1793;COMBO BANNI 3 0,30 ML C/ 3 FLACONETES;33.19;53.0;0.0
1722;COMED.GATO ELEVADO ADULTO AZUL 150ML;4.76;9.5;0.0
1727;COMED.GATO ELEVADO ADULTO ROSA 150ML;4.76;1.904;0.0
1730;COMED.GATO ELEVADO ADULTO VERMELHO 150ML;4.76;9.5;0.0
1711;COMED.GATO ELEVADO FILHOTE AZUL 100ML;2.32;5.5;0.0
1715;COMED.GATO ELEVADO FILHOTE ROSA 100ML;2.32;5.5;0.0
1717;COMED.GATO ELEVADO FILHOTE VERMELH 100ML;2.32;5.5;0.0
215;COMEDOURO  ALUMINIO PESADO GRANDE;23.75;40.5;0.0
2104;COMEDOURO  ALUMINIO PESADO MINI PEQ;7.5;12.9;0.0
213;COMEDOURO  ALUMINIO PESADO PQ;14.17;24.0;0.0
225;COMEDOURO  CALOPSITA AÃ+O BRANCO;17.0;28.0;0.0
780;COMEDOURO  PLAST PLUS PEQUENO;9.36;15.9;0.0
1710;COMEDOURO 2 FURO COLEIRO C/ GANCHO;2.61;5.5;0.0
1396;COMEDOURO 2 FUROS COLORIDO;1.58;4.0;0.0
2721;COMEDOURO ACQUAFOOD (CINZA, IMBUIA E MARFIN);8.39;15.0;0.0
1781;COMEDOURO AJUSTAVEL INOX CHALESCO;123.04;203.0;0.0
2722;COMEDOURO ALTO CAES 12CM 300ML (ROSA E VERMEL;5.59;9.5;0.0
2511;COMEDOURO ALUMINIO GIGANTE;28.0;47.6;0.0
1866;COMEDOURO ALUMINIO PESADO FILHOTE 350 ML;7.49;12.8;0.0
214;COMEDOURO ALUMINIO PESADO MEDIO;21.25;36.5;0.0
569;COMEDOURO ANTI DERRAPANTE 500ML;4.19;7.2;0.0
920;COMEDOURO ANTI FORMIGA GRANDE;6.74;13.5;0.0
1168;COMEDOURO ANTI FORMIGA MEDIO 600ML;4.5;9.5;0.0
1392;COMEDOURO ANTIFORMIGA 900 ML;7.99;16.0;0.0
1523;COMEDOURO AUTO SERTAO ITALIANO;3.98;7.0;0.0
2551;COMEDOURO AVES N 3 CHALESCO;13.81;23.0;0.0
2730;COMEDOURO CALHA LINEAR PLASTICO VERMELHO 30 C;9.99;17.0;0.0
1170;COMEDOURO CALOPSITA JET PLAST;11.23;19.5;0.0
622;COMEDOURO CANARIO BELGA;1.76;4.0;0.0
2638;COMEDOURO CARA DE CACHORRO;1.0;8.88;17.0
2631;COMEDOURO CARA DE CACHORRO;2.0;11.85;24.0
2352;COMEDOURO CARA DE CACHORRO DUPLO N2;13.49;27.0;0.0
1131;COMEDOURO CARA DE GATO PEQ 100 ML;1.99;4.0;0.0
1473;COMEDOURO DE ALUMINIO GIGANTE;28.33;48.0;0.0
2113;COMEDOURO DE ALUMINIO GIGANTE 2800ML;25.99;45.0;0.0
1156;COMEDOURO DE AVE 1 INOX CHALESCO;11.62;19.9;0.0
2476;COMEDOURO DE AVES INOX 4 CHALESCO;13.81;23.5;0.0
1841;COMEDOURO DE PLASTICO HAMISTER;0.89;3.0;0.0
212;COMEDOURO DUPLO CARA DE GATO N3;17.49;34.0;0.0
1391;COMEDOURO DUPLO COM GARRAFA PET 700 ML;6.24;12.5;0.0
1165;COMEDOURO DUPLO DE PATINHA  1000 ML;5.54;10.0;0.0
1487;COMEDOURO DUPLO GARRAFA PET ANTI FORMIGA;6.24;12.5;0.0
1314;COMEDOURO DUPLO INOX;1.0;21.25;34.0
1313;COMEDOURO DUPLO INOX;2.0;25.76;44.0
1315;COMEDOURO DUPLO INOX;3.0;35.16;60.0
673;COMEDOURO DUPLO INOX;4.0;52.45;89.5
1382;COMEDOURO DUPLO PEQ;4.99;9.0;0.0
432;COMEDOURO DUPLO TA NA MESA;36.75;66.0;0.0
738;COMEDOURO DUPLO VARIAS CORES;4.99;10.0;0.0
330;COMEDOURO E BEBDOURO PELOS LONGOS MMP PET;39.8;80.0;0.0
2348;COMEDOURO E BEBEDOURO  AUT PRATICO 3 LTS;22.99;44.0;0.0
2639;COMEDOURO E BEBEDOURO  DE INOX COM GANCHO N1;8.81;16.0;0.0
2640;COMEDOURO E BEBEDOURO DE INOX  COM GANCHO N2;12.45;24.0;0.0
2641;COMEDOURO E BEBEDOURO DE INOX COM GANCHO N3;16.51;34.0;0.0
1380;COMEDOURO EDUCATIVO ANT STRESS;6.99;16.0;0.0
1169;COMEDOURO FILHOTE 300ML ANTIFORMIGA;3.9;6.9;0.0
1043;COMEDOURO FRANGO 2 KG;7.99;16.5;0.0
337;COMEDOURO FUN COLOR 120 ML BOLINHA;6.59;11.2;0.0
1891;COMEDOURO GARFIEL 100 ML;2.45;5.0;0.0
2349;COMEDOURO GATO 160ML GATO;2.11;4.5;0.0
334;COMEDOURO GATO ACRILICO 160ML;2.59;6.0;0.0
232;COMEDOURO GATO ALTO ANTIFORMIGA 130ML;4.99;9.99;0.0
3105;COMEDOURO GATO DUPLO REGULAVEL POLIDO-150ML;67.72;108.5;0.0
1381;COMEDOURO GLITTER FILHOTE 300ML;3.99;8.0;0.0
832;COMEDOURO GLITTER GRANDE 1900ML;8.99;18.0;0.0
680;COMEDOURO GLITTER MEDIO 1000ML;6.42;13.0;0.0
2002;COMEDOURO KIT  C/ SUPORTE BLACK/CRISTAL;13.9;22.5;0.0
2726;COMEDOURO LENTO INTERATIVO C-12;10.99;18.0;0.0
2727;COMEDOURO LENTO INTERATIVO PARA CAES E GATOS;14.19;24.0;0.0
1390;COMEDOURO LUXO PEROLIZADO RACA PEQUENA 600ML;5.29;9.5;0.0
1365;COMEDOURO MADEIRA C/ PULEIRO M;2.12;9.5;0.0
2575;COMEDOURO MELANINA 1 180ML CHALESCO;10.79;18.0;0.0
2576;COMEDOURO MELANINA 2 360ML CHALESCO;19.12;31.0;0.0
3106;COMEDOURO MINI DUPLO RAGULAVEL POLIDO-300ML;67.72;105.0;0.0
224;COMEDOURO NEON FILHOTE 300 ML;4.25;8.5;0.0
231;COMEDOURO NEON GATO 160 ML;2.75;5.5;0.0
1394;COMEDOURO NEON GRANDE 1900ML;9.43;23.5;0.0
1384;COMEDOURO NEON MEDIO 1000ML;6.49;13.5;0.0
915;COMEDOURO PAPAGAIO UN R1321 MR P;1.96;4.5;0.0
2735;COMEDOURO PARA CAES ABACAXI C-1;6.99;14.0;0.0
2905;COMEDOURO PARA PINTO/CODORNA R-202;7.48;14.0;0.0
1890;COMEDOURO PATINHA 1000 ML;3.58;10.9;0.0
922;COMEDOURO PATINHA 1900 ML;2.99;14.8;0.0
919;COMEDOURO PATINHA GDE 2750 ML (COLORIDOS);6.4;14.99;0.0
226;COMEDOURO PATINHAS FILH 300 AZUL PET AZUL;1.5;3.0;0.0
2355;COMEDOURO PATINHAS GRANDE;7.99;16.0;0.0
396;COMEDOURO PATINHAS PEQUENO 300 ML;2.68;6.5;0.0
505;COMEDOURO PET PLASTICO 300 ML;9.56;16.5;0.0
2354;COMEDOURO PLAST PLUS GRANDE;12.96;22.0;0.0
2857;COMEDOURO PLAST. GIGANTE 2500ML;9.85;18.0;0.0
1584;COMEDOURO PLASTICO ANTIFORMIGA 1,5LT;7.5;20.0;0.0
1393;COMEDOURO PLASTICO ANTIFORMIGA 300ML;1.9;7.0;0.0
1375;COMEDOURO PLASTICO ANTIFORMIGA 450ML;3.9;8.9;0.0
2347;COMEDOURO PLASTICO ANTIFORMIGA150ML;2.9;6.0;0.0
2904;COMEDOURO PLASTICO BICO TORTO 500ML TOCO;8.9;16.5;0.0
1807;COMEDOURO PLASTICO COLORIDO HAMSTER;0.79;3.0;0.0
1092;COMEDOURO PLASTICO GATO 130 ML / 150ML;1.69;5.0;0.0
344;COMEDOURO PLASTICO MEDIO 1000ML;5.71;12.0;0.0
1677;COMEDOURO PLASTICO MINI 300ML;2.96;6.5;0.0
908;COMEDOURO PLASTICO PEQUENO 600ML;3.91;9.0;0.0
1389;COMEDOURO SIMPLES 1000 ML;4.55;12.5;0.0
203;COMEDOURO SIMPLES 300 ML;2.0;6.5;0.0
2342;COMEDOURO SIMPLES 500ML;3.55;9.0;0.0
1166;COMEDOURO SINGLE B1 300 ML;2.9;6.0;0.0
1377;COMEDOURO SINGLE B2 500 ML;4.7;9.99;0.0
1839;COMEDOURO SLIM COMA MELHOR;9.99;16.0;0.0
1383;COMEDOURO TUBULAR 2 KGP/ FRANGO;8.79;14.5;0.0
1892;COMEDOURO VERDE C/PULEIRO PEQNO;1.92;4.8;0.0
2378;COMFORTIS 140 MG 2,3 A;4.5;26.44;34.0
713;COMFORTIS 560MG DE 9 A 18 KG;32.57;42.0;0.0
818;COMIDA DE PEIXE;0.29;5.0;0.0
279;COMIDA DE PEIXE BETTA SACO;1.0;6.0;0.0
1998;COMIDA DE PEIXE LAGO VAREJO;3.0;6.0;0.0
1973;COMIDA DE PEIXE PRO MARINE CARTELA PCT;2.97;6.0;0.0
759;CONDICIONADOR PET CLEAN  500ML;10.39;18.0;0.0
2599;CONDROPLEX 1000 60COMPRIMIDOS;66.2;125.0;0.0
2766;CONDROPLEX 1000 MG 60 CAPS;61.86;105.5;0.0
1681;CONDROPLEX 500MG 60 COMP;59.99;111.0;0.0
2765;CONDROPLEX 500MG CAPS;41.98;69.0;0.0
2601;CONDROPLEX LB;112.85;188.0;0.0
3054;CONDROPLEX PASTA 60 G;81.23;139.0;0.0
2482;CONDROTON 500MG;123.4;185.5;0.0
2197;CONJ PANELAS ANTIADER 5PC PANELUX - REF;5152.0;190.83;190.83
2285;CONJUNTO GUIA PEITORAL GATO CONFORT;26.97;46.0;0.0
2438;CONTROLADOR DE METAIS 1 LT;42.51;68.0;0.0
407;COPROVET ORAL 20 COMP;42.24;71.5;0.0
2296;COPROX ANTICOPROFAGICO 60G;37.2;57.0;0.0
1490;COQUEIRO ENFEITE 12X10;3.99;8.0;0.0
636;CORDONA VAREJO;1.5;2.5;0.0
2125;CORRENTE N;0.0;15.03;28.0
309;CORRENTE N;1.0;11.37;23.0
310;CORRENTE N;2.0;7.92;17.5
572;CORRENTE N;3.0;7.05;14.0
311;CORRENTE N;4.0;5.87;13.5
573;CORRENTE N;5.0;5.02;12.0
312;CORRENTE N;6.0;3.75;8.5
313;CORRENTE N;7.0;3.52;7.0
574;CORRENTE N;8.0;3.09;6.5
1580;CORRENTE N2/0;14.62;29.0;0.0
1571;CORRENTE PAPAGAIO;2.88;8.5;0.0
2338;CORRUPIAO MIX 400GR;10.0;19.5;0.0
1297;CORT VET PET CAIXA  0,5 MG;9.99;24.99;0.0
1174;CORT- TRAT COMPRIMIDO;11.99;22.0;0.0
2574;CORTADOR DE UNHA CHALESCO;70130.0;18.72;31.0
2498;CORTADOR DE UNHA CHALESCO GUILHOTINA;13.86;24.0;0.0
2497;CORTADOR DE UNHA CORT SOFT;22.5;37.0;0.0
2075;CORTADOR DE UNHA DE GATO PEQUENO;11.21;18.0;0.0
350;CORTADOR DE UNHA GATO GRANDE;13.5;22.0;0.0
2913;COV.AVITRIN PROMUNE - 15ML;8.95;21.0;0.0
244;CREDELI 1,3 A 2,5 KG;35.36;56.0;0.0
2186;CREDELI 11 A 22 KG;46.82;78.0;0.0
2210;CREDELI 2,5 A 5KG;37.89;61.5;0.0
2187;CREDELI 22 A 45 KG;62.17;102.5;0.0
2185;CREDELI 5 A 11 KG;40.1;66.5;0.0
1414;CREDELI GATO 2,1 A 8,0 KG;41.92;63.0;0.0
1418;CREDELI GATOS 0,9 A 2,0 KG;37.27;55.0;0.0
2308;CREMA 6A BISNAGA 15GR;51.68;86.0;0.0
810;CREME DENTAL PET CLEAN 60G NEUTRO;9.93;16.0;0.0
2993;CREME DENTAL PET CLEAN TODOS OS SABORES 90G;9.93;16.0;0.0
277;CRESCIMENTO;49.56;70.0;0.0
79;CRESCIMENTO KG;2.35;4.0;0.0
2486;CRIADEIRA DE BETTA;21.99;36.0;0.0
2240;CUPINICIDA 1000 ML KELLDRIN;34.9;70.0;0.0
1784;CUPINICIDA KELLDRIN 100ML;4.64;11.5;0.0
2015;CURINFEC 100 ML;41.05;65.5;0.0
1780;CURRUPIAO MIX 400 GR;9.55;16.5;0.0
1448;DANES SUPER PREMIUM 15KG;135.0;180.0;0.0
1254;DANETTRIL 50MG;10.0;23.5;0.0
3052;DC LIMPA PATAS 70 120ML;26.57;42.5;0.0
1821;DEDEIRA 2 UNIDADE;4.99;9.0;0.0
1733;DEFEND PRO CAES + 10 A 20KG;23.36;39.0;0.0
1426;DEFEND PRO CAES +20 A 40 KG - 2,68ML;27.29;42.0;0.0
2096;DEFEND PRO CAES +40KG 4,02ML;30.42;47.5;0.0
834;DEFEND PRO CAES ATE 10KG - 0,67ML;19.11;29.0;0.0
1517;DEFEND PRO GATOS 0,5ML;19.11;29.0;0.0
2381;DEFENSYN SUPLEMENTO;7.28;14.0;0.0
2584;DEMEVERT 30 CAPSULAS;32.51;53.0;0.0
2434;DENTAL BONE GR;5.87;9.5;0.0
2436;DENTAL BONE MD;5.84;9.5;0.0
2181;DENTALIFE RAÃ+ PEQ 18G;4.63;7.8;0.0
2764;DERMAPET 30 CAPSULAS;34.71;59.0;0.0
2198;DERMOCLEAN MOUSSE ANIMAL HEALTH 19X150ML IBAS;52.33;89.0;0.0
1875;DERMOTRAT AEROSOL 110 ML;97.14;161.0;0.0
2900;DERMOTRAT AEROSOL 75G/110ML;97.14;115.0;0.0
2035;DERMOTRAT CREME 20 GR;83.15;125.0;0.0
2901;DERMOTRAT CREME 20G;83.15;98.5;0.0
848;DESEMBARACANTE E HIDRATANTE VETS 250 ML;23.75;38.0;0.0
804;DESEMBARACANTE PROPREMIUM 500ML;19.9;38.99;0.0
2944;DESEMBOLADOR CABO DE PLASTICO;13.65;24.5;0.0
1172;DESEMBOLADOR CABO MAD/PLAS;14.5;22.5;0.0
395;DESINFETANTE 2 LITROS;1.9;4.5;0.0
1412;DESINFETANTE PROCAO 3X1 CITRONELA 2LT;17.58;29.9;0.0
1404;DESINFETANTE UFE CREOLINA;12.97;23.5;0.0
321;DEXATABS VITA C/12 COMP;26.42;43.5;0.0
2141;DEXAVET 20 COMPLIDOS;6.59;14.0;0.0
1562;DF REDE N1 7,50X8,5CM;5.39;10.5;0.0
790;DF REDE N2 10X9CM;5.59;11.5;0.0
2460;DIMINUIDOR PH E ALCANILIDADE 1LT;15.47;25.0;0.0
1814;DIMY 10-10-10 500GR;6.96;13.9;0.0
2311;DIPIRONA GOTAS;21.5;34.5;0.0
2339;DISPENSER DE SEMENTE 4 DIVISORIAS;5.5;11.0;0.0
3096;DISPENSER DE SEMENTES 2 BICOS;5.5;10.5;0.0
3097;DISPENSER DE SEMENTES C/DIVISORIA 4 BICOS;6.23;11.5;0.0
2845;DISPLASIA 30ML;68.78;114.0;0.0
1003;DOG CHOW ADLT PS PEQ EXTRA LIFE FRG/ARZ 15KG;124.97;182.0;0.0
652;DOG CHOW ADULTO FR&ARROZ TDS PORTES 15KG;116.45;176.5;0.0
729;DOG CHOW ADULTO RACAS PQ CARNE&ARROZ 15KG;120.99;179.5;0.0
12;DOG CHOW ADULTO RP VAREJO;8.78;14.5;0.0
2101;DOG CHOW FILHOTE MINIS/PQNOS FRAN&ARROZ 15KG;131.95;205.28;0.0
36;DOG CHOW FILHOTE VAREJO;9.29;15.3;0.0
2404;DOG CHOW RACAS PEQ 1 KG;18.3;24.7;0.0
1723;DOG EXCELLENCE RP ADULTO CORDEIRO 1KG;9.22;18.5;0.0
2964;DOG EXCELLENCE RP ADULTO FRANGO 1KG;9.22;18.5;0.0
2965;DOG EXCELLENCE RP ADULTO LIGHT 1KG;9.58;22.0;0.0
2966;DOG EXCELLENCE RP ADULTO SALMAO 1KG;9.22;18.5;0.0
2963;DOG EXCELLENCE RP FILHOTE 1KG;9.38;20.0;0.0
2967;DOG EXECELENCE RP ADULTO SENIOR 1KG;9.58;22.0;0.0
2968;DOG EXECELLENCE SENIOR FRANGO E ARROZ RMG 1KG;8.64;22.0;0.0
308;DOLEMIL POMADA 10GR;17.99;34.0;0.0
1494;DORMINHOCO E LUXO UNI.;2.47;4.99;0.0
906;DORMINHOCO FRONTAL DUPLO 19 CM;3.65;8.0;0.0
1077;DORMINHOCO FRONTAL LUA CORTIA+A ESCURA;1.42;5.0;0.0
389;DOXICICLINA 80 MG;22.01;38.0;0.0
1317;DOXIFIN DE 200 MG 1 CARTELA;14.81;49.0;0.0
2768;DOXIFIN TABS CART 100 MG 14 COMPR;45.79;73.0;0.0
2767;DOXIFIN TABS CART 50 MG 14 COMPR;22.9;36.5;0.0
131;DOXINEW 100MG;21.96;44.8;0.0
1849;DOXINEW 200MG;34.01;57.0;0.0
1316;DOXINEW 50MG;17.77;33.7;0.0
132;DOXITABS 100MG CARTELA;22.91;39.0;0.0
677;DOXITABS 200MG CARTELA;31.64;52.5;0.0
133;DOXITABS 50MG CARTELA;20.26;34.5;0.0
2515;DOXITEC 100 MG;17.99;35.5;0.0
2514;DOXITEC 200 MG;24.99;47.9;0.0
2555;DOXITEC 50 MG;15.99;30.5;0.0
173;DOXITRAT 200 MG COM 24 COMPRIMIDOS;92.33;152.5;0.0
989;DOXITRAT 80 MG;16.9;30.0;0.0
2612;DOXY SUSPENSAO 300MG;74.35;116.9;0.0
2176;DREAMIES CARNE 40 GR;3.58;8.0;0.0
2124;DREAMIES PETISCO PEDIGREE 80 G;4.03;6.5;0.0
1643;DRONTAL PLUS 10 KG;24.96;43.0;0.0
2454;DRONTAL PLUS 35 KG;61.04;91.5;0.0
2123;DRONTAL PUPPY 20ML;55.22;90.0;0.0
1652;DUOTRIL 10 COMPLIMIDO 50 MG CARTELA;12.22;21.0;0.0
1653;DUOTRILL  150 MG C/ 10 COMPRIMIDO (CARTELA);27.8;45.0;0.0
2522;EASOTIC 10 ML;137.06;158.99;0.0
2731;EDUCADOR DE MORDIDAS 150ML/120G;12.48;22.0;0.0
2596;EDUCADOR MORDIDA NO BITE AMORGO;9.89;18.9;0.0
2737;EDUCADOR PIPI NAO PODE 150ML 120G;15.65;26.0;0.0
2738;EDUCADOR PIPI PODE 150ML 105G;15.65;26.0;0.0
1736;ELASTRICOT;2.86;5.0;0.0
175;ELETROLITICO PET 10G;5.2;9.5;0.0
1540;ELEVADOR DE ALCANALIDADE 2KG;20.71;34.5;0.0
2115;ELEVADOR PH HIDROAZUL 1LT;16.49;29.0;0.0
712;ELIMINADOR DE ODORES HERBAL 2 LTS;9.19;16.0;0.0
2117;ELIMINADOR DE OLIOSIDADE 1LT HIDROAZUL;29.49;52.6;0.0
884;ELIMINADOR SANOL DOG ( TODOS);11.12;19.9;0.0
2479;EMDEDRON 10MG;64.9;97.5;0.0
2480;EMEDRON 10MG;59.55;99.5;0.0
2865;EMEDRON 20MG X 10COMPRIMIDOS;67.98;113.0;0.0
624;EMEDRON 5 MG;33.63;59.8;0.0
880;EMEZIM 30ML HOMEOPATIA;58.33;83.0;0.0
1078;ENCASTROADOR 10 CM C/;10.0;4.41;7.0
1284;ENDOGARD 2,5 KG;15.81;24.9;0.0
1649;ENDOGARD 30KG;86.22;142.5;0.0
2306;ENDOGARD DE 10 KG;33.04;52.0;0.0
1792;ENERGY PET 125 ML;36.44;72.0;0.0
1656;ENFEITE;8.99;15.0;0.0
259;ENFEITE  CARAVELA MEDIA;8.49;15.5;0.0
1070;ENFEITE ANEMOLA;7.99;14.5;0.0
436;ENFEITE AQUARIO ( FAROL, CANHAO, FONTE E NAO;15.8;25.5;0.0
2012;ENFEITE AQUARIO BARCO A VELA;19.9;31.9;0.0
687;ENFEITE BOIA DIVERSOS;9.6;23.5;23.5
2024;ENFEITE BRUCE PEQUENO;5.69;11.5;0.0
746;ENFEITE CARAVELA B092;7.89;12.0;0.0
2147;ENFEITE COQUEIRO N1;4.89;9.0;0.0
1289;ENFEITE COQUEIRO N2;6.89;12.5;0.0
1552;ENFEITE COQUEIRO N3;8.89;16.0;0.0
2172;ENFEITE CORAL C/BALEIA E PLAANTA;12.99;23.5;0.0
1790;ENFEITE DE BARCO ENCALHADO B006;18.0;29.0;0.0
317;ENFEITE DE BAU MEDIO Y122;19.89;29.5;0.0
661;ENFEITE DE CAVEIRA;18.95;29.0;0.0
2145;ENFEITE MOITA CAPIM;6.92;13.99;0.0
375;ENFEITE NEMO PEQUENO;3.99;8.0;0.0
2146;ENFEITE PLANTA 18 CM;4.21;8.5;0.0
1749;ENFEITE SAPO COQUEIRO ENVELHECIDO;9.99;16.0;0.0
1405;ENFEITE SINO DO VENTO;2.65;8.0;0.0
374;ENFEITE TRONCO  HORIZONTAL GRANDE;28.0;45.0;0.0
1038;ENFEITE TRONCO CERAMICA COD;1103.0;13.69;24.5
1880;ENFEITE TRONCO COD;1102.0;12.49;22.5
2026;ENFEITE TRONCO REF;1101.0;5.79;10.5
2361;ENFORCADOR DUPLO 50 CM;17.27;29.5;0.0
1451;ENFORCADOR DUPLO CHATO 50 CM;23.24;39.5;0.0
781;ENFORCADOR DUPLO GRANDE 60 CM;27.34;43.9;0.0
817;ENFORCADOR ELO CHATO 3,5 X;60.0;14.1;24.0
1349;ENFORCADOR ELO REDONDO 3,5X6,5CM;11.2;19.0;0.0
1410;ENFORCADOR ELO REDONDO 4,0 MM 75 CM;16.78;28.5;0.0
1978;ENFORCADOR ELO REDONDO 4,0MMX65CM;12.97;22.0;0.0
1467;ENROFLEC 10 ML;11.22;21.0;0.0
1851;ENRONEW 150 MG;17.76;30.0;0.0
1429;ENRONEW 50 ML (CARTELA);6.9;15.0;0.0
1751;ENTEREX (UNITARIO SACHE );13.81;23.0;0.0
1027;ENXOFRE PO;1.75;4.5;0.0
2134;ENZICLIM 220ML;27.49;44.0;0.0
1794;ENZYMASE 30COMP;55.18;91.5;0.0
2353;EPI CONTROL;61.39;102.0;0.0
2377;EPIOTIC 100ML;70.48;99.0;0.0
2461;ERITROS CAT PASTA 27 ML;78.05;129.5;0.0
2083;ERITROS DOG TABS 18G;65.55;109.0;0.0
2058;ERLI CONTROL 30 ML;66.86;102.5;0.0
795;ESCADA DE CALOPSITA;7.0;16.0;0.0
1959;ESCADA DE HAMISTER;1.66;4.5;0.0
2437;ESCADA DOG JUMP;184.69;277.0;0.0
2578;ESCOVA A VAPOR 3EM;1.0;12.64;25.5
798;ESCOVA C/ALÇA;3.85;7.0;0.0
831;ESCOVA CABO LONGO SORTIDOS;4.39;6.6;0.0
2248;ESCOVA DE DENTE C/2 CAES E GATOS ED-01 NAPI;7.14;13.5;0.0
830;ESCOVA DUPLA OVAL GRANDE;11.51;19.0;0.0
829;ESCOVA DUPLA OVAL PEQ;10.66;17.0;0.0
1309;ESCOVA PISCINA;30.0;51.0;0.0
807;ESCOVA PISCINA RETA;23.85;40.5;0.0
2577;ESCOVA PORTA SHAMPOO PET;8.21;15.0;0.0
155;ESCOVA REMOVEDORA DE PELOS PETOS PET VAPOR;14.49;24.0;0.0
833;ESCOVA SEM BOLINHA GRANDE;51.45;77.2;0.0
1810;ESCOVA SEM BOLINHA MEDIA;40.95;62.0;0.0
3001;ESPECIAL APRONTA COLEIRO 400GR;7.8;14.0;0.0
3067;ESPECIAL APRONTA COLEIRO 400GR;7.8;14.0;0.0
2936;ESPECIAL TICO TICO MEL E PROPOLES 5KG;6.5;22.5;0.0
459;ESPEDO DUPLO GALVANIZADO;11.5;19.0;0.0
2543;ESPETO CORACAO GALVANIZADO;11.5;19.0;0.0
900;ESTOJO DE TESTE ALCALINIDADE-NETUNO;27.52;45.5;0.0
1475;ESTOJO DE TESTE NETUNO;26.14;42.5;0.0
2613;EVITAK 2,5 MG;13.54;21.9;0.0
2614;EVITAK 5,0 MG;15.08;24.9;0.0
757;FAISCA 15KG;43.7;66.0;0.0
1493;FAISCA 25 KG;72.86;134.5;0.0
1945;FAISCA 7 KG;23.2;37.0;0.0
19;FAISCA VAREJO;2.76;6.2;0.0
2960;FARDO AREIA GATOZIM LAVANDA 4KG;5.98;12.0;0.0
2959;FARDO AREIA GATOZIM TRADICIONAL 4KG;3.98;9.0;0.0
2211;FARINHA DE OSSO DIMY 500GR;6.96;13.9;0.0
2027;FELINPET HOMEOPATIA 30ML;58.36;83.0;0.0
2440;FEMUR SUINO;6.48;10.5;0.0
2859;FENO PRENSADO 500G;9.9;17.0;0.0
2538;FENO SOLTO 400G PAIOL DO BICHO;9.9;17.0;0.0
1873;FERROFOOD 15 ML;13.62;17.0;0.0
2923;FERT-VIT AARAO 130MG 30 COMPRIMIDOS;0.0;3.0;0.0
3079;FIBER ACTIVE 120 GRS;96.71;155.0;0.0
1729;FIO DE NYLON ( METRO ) GRAMA ROCADEIRA;0.38;3.0;0.0
2133;FLAMAVET 0,2 MG;8.99;22.0;0.0
2866;FLAMAVET 0,5MG DISPLAY;16.71;29.9;0.0
2954;FLAMAVET;2.0;25.6;42.0
1937;FLOC PLUS 2 EM 1 HIDRAZUL;13.37;24.5;0.0
2473;FLUIDO IBASA SPRAY * 12X200ML IBASA;48.25;80.0;0.0
318;FLUIDO IBASA100 ML;31.74;53.0;0.0
1882;FLUTUADOR DE CLORO PISCINA - GRANDE;27.0;50.8;0.0
2207;FLUTUADOR GRANDE BETEL;22.99;38.0;0.0
1307;FLUTUADOR MEDIO BETEL;16.0;29.0;0.0
156;FLUTUADOR MINI BETEL;14.59;24.0;0.0
2322;FOCIEIRA REGULAVEL G;12.47;22.5;0.0
2323;FOCIEIRA REGULAVEL GG;12.47;24.5;0.0
2321;FOCIEIRA REGULAVEL M;12.47;20.5;0.0
2320;FOCIEIRA REGULAVEL P;12.47;18.7;0.0
329;FOCINHEIRA DE GATO N1;5.99;9.99;0.0
850;FOCINHEIRA DE GATO N2;5.99;12.9;0.0
844;FOCINHEIRA DE GATO N3;5.99;15.9;0.0
2108;FOCINHEIRA DE POLIPROPILENO;1.0;4.5;7.5
1776;FOCINHEIRA DE POLIPROPILENO;2.0;3.98;8.9
1772;FOCINHEIRA DE POLIPROPILENO;3.0;3.98;9.9
1773;FOCINHEIRA DE POLIPROPILENO;4.0;3.98;10.9
1777;FOCINHEIRA DE POLIPROPILENO;5.0;3.98;11.9
1353;FOCINHEIRA METAL N2;14.9;25.5;0.0
839;FOCINHEIRA METAL N3;16.99;33.0;0.0
1863;FOCINHEIRA METAL N4;17.99;29.0;0.0
1639;FOCINHEIRA METAL N5;19.99;37.0;0.0
1287;FOCINHEIRA METAL N6;21.0;39.0;0.0
2013;FOCINHEIRA REFORCADA PRETA N1;5.24;25.9;0.0
1640;FOCINHEIRA REFORCADA PRETA N2;10.48;28.9;0.0
1453;FOCINHEIRA REFORCADA PRETA N3;15.71;31.9;0.0
1638;FOCINHEIRA REFORCADA PRETA N4;20.95;35.9;0.0
2991;FOCINHEIRA REFORCADA PRETA N5;26.19;39.9;0.0
2992;FOCINHEIRA REFORCADA PRETA N6;31.43;44.9;0.0
1632;FOLI B SUSPENSO ORAL 30ML;62.95;104.0;0.0
2634;FONTE  CAT E DOG 110V;70.0;119.0;0.0
1883;FONTE  GATO 110 V;34.9;60.0;0.0
2536;FONTE PETIT PLAST PET;58.79;99.9;0.0
2736;FONTE SLIMS POP USB;37.99;70.0;0.0
2418;FOOD SENSITIVE HILLS;315.05;457.0;0.0
347;FORMICIDA MIREX GRAN 50G;0.6;3.0;0.0
1116;FORMILINE 500 ML;16.0;39.0;0.0
1067;FORRO TNT DE FUNDO DE GAIOLA;2.83;7.0;0.0
1991;FORTH FLORES 400 GR;10.99;17.6;0.0
658;FORTH FRUTAS 400GR;10.99;17.6;0.0
963;FORTH JARDIM 400 GR;10.99;17.6;0.0
448;FORTH ORQUIDEAAS FLORACAO E MANUTENCAO;16.95;27.0;0.0
1617;FORTH PLANTIO 400GR;10.99;17.6;0.0
1336;FOSTER 15KG;65.9;89.9;0.0
30;FOSTER VAREJO;4.19;8.5;0.0
250;FRALDA DESCARTAVEL FEMEA E MACHO TAM P/M/G/GG;12.4;20.5;0.0
2931;FRALDA DESCARTAVEL M C/12;31.11;54.6;0.0
2932;FRALDA DESCARTAVEL P C/12;28.74;50.5;0.0
2933;FRALDA DESCARTAVEL PP C/12;26.61;46.8;0.0
2938;FRALDA MACHO G 65X20,5 CMS;21.0;37.0;0.0
2937;FRALDA MACHO M 55X20,5 CMS;17.8;31.5;0.0
2935;FRALDA MACHO P 42X17,5 CMS;14.8;26.5;0.0
2934;FRALDA MACHO XG 85X20,5 CMS;24.4;43.0;0.0
233;FRANGO GRITANDO GRANDE BBB AMARELO;8.4;20.0;0.0
2047;FRANGO GRITANDO MEDIO BBB AMARELO;5.46;14.5;0.0
3073;FRONHA ESSENCE LISO AVULSA - AREIA;7.84;7.84;0.0
2602;FRONTLINE PLUS ATE 10 KG;38.08;61.0;0.0
2600;FRONTLINE PLUS CAO 10 A 20 KG;44.1;70.5;0.0
2519;FRONTLINE PLUS GATO;32.15;51.0;0.0
2591;FRONTLINE SPRAY 100ML;106.96;160.0;0.0
2520;FRONTLINE TS CAO 1 ATE 10 KG;23.78;40.5;0.0
2518;FRONTLINE TS GATO;21.33;34.5;0.0
348;FUCINHEIRA  DE FERRO N;5.0;21.0;34.0
1483;FUNNY BUNNY;9.89;16.5;0.0
2874;FURANIL BISNAGA 50 G;36.81;61.0;0.0
1531;FURBA BANHEIRO DE GATO;25.99;44.5;0.0
2484;FUROLISIN 10MG;8.83;14.6;0.0
765;FUROLISIN 20MG;12.33;20.5;0.0
735;FUSFELIS 30ML;60.21;90.5;0.0
2732;FUSS CAT MOLA E BOLA;9.13;15.0;0.0
2733;FUSS CAT MOLA E PENA;8.95;15.0;0.0
3050;G.P H MAIS BARRILHA 2 KG;28.43;28.43;0.0
753;GAIOLA;50.0;90.0;0.0
2772;GAIOLA ARCO 03 QUATIGA;49.0;82.5;0.0
2771;GAIOLA ARCO 05 QUATIGA;75.0;120.0;0.0
2773;GAIOLA CACULINHA LUXO VIVO PET;56.9;91.0;0.0
2558;GAIOLA CALOPSITA;97.5;170.0;0.0
2882;GAIOLA CHALESCO COLORIDA (ROSA /BRANCA);49.59;99.0;0.0
2202;GAIOLA DE CALOPSITA VIVOPET;99.9;170.0;0.0
2118;GAIOLA DE FERRO COLORIDA;51.92;93.0;0.0
1595;GAIOLA DE HAMISTER BASICA;29.99;58.0;0.0
1847;GAIOLA DE HAMISTER HOME 2 ANDARES;95.0;152.0;0.0
1528;GAIOLA DE HAMISTER LABIRINTO AZUL;100.31;170.0;0.0
2649;GAIOLA DE HAMISTER POP STAR;34.28;60.0;0.0
158;GAIOLA DE PIRIQUITO C/NINHO;67.9;115.0;0.0
1857;GAIOLA ESMERALDA PIU PIU;118.9;189.0;0.0
323;GAIOLA FERRO DE PIRIQUITO C/ BANDEJA;56.0;104.0;0.0
1989;GAIOLA HAMISTER COM TUBO 3 ANDARES;133.34;226.9;0.0
2128;GAIOLA HAMISTER TETO DE PLASTICO;39.9;135.0;0.0
609;GAIOLA ONDULADA CALOPSITA POP;82.31;170.0;0.0
291;GAIOLA P/ COELHO;124.11;220.0;0.0
869;GAIOLA PAPAGAIO DOBRAEL;33.0;69.0;0.0
1999;GAIOLA PIRIQUITO C/ NINHEIRA;52.0;104.0;0.0
2219;GAIOLA PORQUINHO DA INDIA;60.75;106.0;0.0
294;GAIOLA REDONDA GRANDE ADESIVADA;60.0;110.0;0.0
1035;GAIOLA REDONDA PEQUENA;40.0;70.0;0.0
693;GAIOLA TIZIL;50.0;90.0;0.0
1869;GALO DA CAMPINA E CARDEAL 400GR;8.5;17.5;0.0
684;GANGORRA PARA HAMISTER;33.54;54.0;0.0
956;GARATEIA C/2;4.74;7.9;0.0
960;GASTROBLOCK 10MG HOSPITALAR;12.07;21.0;0.0
1782;GAVIZ 5MG;8.55;20.0;0.0
1443;GAVIZ V 10 MG;17.99;30.0;0.0
380;GAVIZ V 20MG;20.75;34.0;0.0
967;GEL ATTACK PARA BARATAS E FORMIGAS ( TODOS );5.99;9.5;0.0
2103;GEL TRAUMA PET 50G;58.33;83.0;0.0
1422;GEL VERRUGAS PET 50G;58.33;83.0;0.0
485;GENFLOC CLARIFICANTE;17.16;24.5;0.0
2615;GIARDICID 50 MG;51.98;86.5;0.0
3005;GIARDICID 500 MG C/ 10 COMP UN;1.0;109.91;176.0
2917;GIARDICID 500 MG C/ 5 COMP;60.66;110.5;0.0
2616;GIARDICID SUSPENSAO 50 ML;68.33;113.5;0.0
722;GIRADOR N 1 C/10;3.25;5.5;0.0
723;GIRADOR N 3 C/10;4.87;8.5;0.0
565;GIRADOR N5 C10;6.0;10.2;0.0
105;GIRASSOL GRAUDO VAREJO;9.04;20.0;0.0
104;GIRASSOL PEQUENO VAREJO;8.24;17.0;0.0
151;GLICOCIL PET 30ML;9.8;21.0;0.0
195;GLICOPAN GOLD 125ML;53.25;90.0;0.0
3014;GLICOPAN GOLD 30 COMPRIMIDOS;65.91;112.0;0.0
1712;GLICOPAN GOLD 30 ML;35.76;60.0;0.0
1820;GLICOPAN PET 125 ML;34.99;63.5;0.0
139;GLICOPAN PET 30 ML;23.99;42.6;0.0
2762;GLICOPET 30ML;18.59;32.53;0.0
1624;GLICOVET 30 ML;8.87;17.0;0.0
1056;GLICOVET 60 ML;11.92;28.0;0.0
1351;GLIFOTOP  MATA MATO 1LT;29.0;48.0;0.0
717;GLOBION PET 30 COMP;48.25;73.0;0.0
2796;GLOBION PET BLST 1.000MG;25.91;41.5;0.0
2797;GLOBION PET BLST 500MG;18.14;30.0;0.0
973;GLOBO COM SUPORTE DE HAMISTER;35.99;58.0;0.0
2608;GLOBO DE HAMSTER;18.99;36.9;0.0
878;GOLD PAPA P/FILHOTE 400GR;12.9;22.0;0.0
2067;GOLDEN ADULTO CARNE E ARROZ 15KG;129.36;187.6;0.0
426;GOLDEN ADULTO CARNE MINIBITS 1KG;16.15;26.5;0.0
419;GOLDEN ADULTO CARNE MINIBITS 3 KG;43.71;66.5;0.0
413;GOLDEN ADULTO FRANGO 15 KG;112.65;188.0;0.0
44;GOLDEN ADULTO MINI BITS FRANGO VAREJO;8.04;14.5;0.0
7;GOLDEN ADULTO MINI BITS SALMAO VAREJO;9.6;15.4;0.0
2521;GOLDEN ADULTO SALMAO MINI BITS 1 KG;18.61;25.0;0.0
29;GOLDEN ADULTO VAREJO;7.39;12.5;0.0
2688;GOLDEN ADULTOS CAO SALMAO 15,0 KG;132.62;200.0;0.0
2669;GOLDEN ADULTOS CARNE MINI BITS 15,0 KG;128.7;151.7;0.0
2681;GOLDEN ADULTOS FRANGO MINI BITS 1,0 KG;16.15;26.5;0.0
2678;GOLDEN ADULTOS FRANGO MINI BITS 15,0 KG;115.83;182.0;0.0
2682;GOLDEN ADULTOS FRANGO MINI BITS 3,0 KG;44.64;68.9;0.0
2687;GOLDEN ADULTOS SALMAO MINI BITS 15,0 KG;135.56;204.7;0.0
43;GOLDEN CARNE MINIBITS VAREJO;8.52;14.5;0.0
907;GOLDEN COOKIE ( TODOS );11.91;19.5;0.0
1413;GOLDEN COOKIE CAES 750 GR;25.25;36.0;0.0
2691;GOLDEN COOKIE CAES ADULTOS RACAS PEQUENAS MAC;13.1;19.5;0.0
2624;GOLDEN COOKIE KRYPTO LTD;14.56;21.0;0.0
2700;GOLDEN COOKIES CAES ADULTOS PORTE PEQUENO CAR;12.95;19.5;0.0
886;GOLDEN FILHOTE FRANGO MINI BITS 3 KG;45.68;69.5;0.0
411;GOLDEN FILHOTE FRANGO MINIBITS 1KG;17.73;28.5;0.0
912;GOLDEN FILHOTE FRANGO VERMELHA 15 KG;129.81;198.5;0.0
1607;GOLDEN FILHOTE MINI BITS CARNE 3KG;44.43;69.9;0.0
39;GOLDEN FILHOTE MINI BITS VAREJO;9.69;16.5;0.0
37;GOLDEN FILHOTE RAC GRANDE VAREJO;10.06;15.0;0.0
412;GOLDEN FILHOTE RACAS GR FRANGO VERMELHO 3KG;34.62;51.5;0.0
2670;GOLDEN FILHOTES CARNE MINI BITS 1,0KG;18.11;28.5;0.0
2668;GOLDEN FILHOTES CARNE MINI BITS 10,1 KG;105.2;154.0;0.0
2671;GOLDEN FILHOTES FRANGO MINI BITS 10,1 KG;104.6;154.0;0.0
2831;GOLDEN FORMULA CAES SENIOR PORTE PEQUENO SABO;43.94;71.0;0.0
1441;GOLDEN FRANGO AD MINIBITS 10KG;102.0;147.9;0.0
438;GOLDEN GATO CARNE 10,1KG;110.57;163.9;0.0
606;GOLDEN GATO FILHOTE 10,1KG;125.81;178.0;0.0
2200;GOLDEN GATO FILHOTE 1KG;22.77;35.0;0.0
49;GOLDEN GATO FILHOTE VAREJO;9.9;23.0;0.0
66;GOLDEN GATO FRANGO VAREJO;10.47;17.5;0.0
67;GOLDEN GATO SALMAO CASTRADO VAREJO;10.47;19.8;0.0
439;GOLDEN GATO SPECIAL 10,1KG;110.13;164.0;0.0
51;GOLDEN GATO SPECIAL VAREJO;10.9;17.5;0.0
2693;GOLDEN GATOS AD CAST PEIXE 1 KG;24.25;36.6;0.0
2665;GOLDEN GATOS ADULTOS CARNE 1,0 KG;21.59;33.5;0.0
2672;GOLDEN GATOS ADULTOS FRANGO 1,0 KG;21.13;33.5;0.0
2673;GOLDEN GATOS ADULTOS FRANGO 10,1 KG;110.57;167.0;0.0
2684;GOLDEN GATOS ADULTOS SALMAO 1,0 KG;22.97;36.5;0.0
2666;GOLDEN GATOS CASTRADOS CARNE 1,0KG;23.24;36.5;0.0
2667;GOLDEN GATOS CASTRADOS CARNE 10,1 KG;120.63;187.5;0.0
3077;GOLDEN GATOS CASTRADOS CARNE 3,0 KG;53.64;81.0;0.0
2674;GOLDEN GATOS CASTRADOS FRANGO 1,0 KG;24.25;36.5;0.0
2675;GOLDEN GATOS CASTRADOS FRANGO 10,1 KG;120.63;188.0;0.0
2898;GOLDEN GATOS CASTRADOS FRANGO 3,0 KG;53.64;81.0;0.0
20;GOLDEN GATOS CASTRADOS SABOR CARNE;6.623;19.8;0.0
2685;GOLDEN GATOS CASTRADOS SALMAO 1,0 KG;24.18;37.5;0.0
2686;GOLDEN GATOS CASTRADOS SALMAO 10,1 KG;127.34;197.9;0.0
2899;GOLDEN GATOS CASTRADOS SALMAO 3,0 KG;54.34;85.0;0.0
2676;GOLDEN GATOS CASTRADOS SENIOR 1,0 KG;24.69;37.5;0.0
2689;GOLDEN GATOS FILHOTES 1 KG;22.25;35.0;0.0
2690;GOLDEN GATOS FILHOTES 10,1 KG;119.29;180.0;0.0
2189;GOLDEN LIGHT 15 KG;106.75;200.0;0.0
913;GOLDEN POWER TRAINIG FILHOTE 15KG;146.55;197.84;0.0
440;GOLDEN POWER TRAINING ADULTO 15 KG;131.24;184.0;0.0
1719;GOLDEN SELECAO NATURAL RP 1KG;19.65;28.5;0.0
2677;GOLDEN SELEÇÃO NATURAL CÃES FILHOTES MINI BIT;19.02;30.5;0.0
2680;GOLDEN SENIOR 15,0 KG;131.21;198.0;0.0
2679;GOLDEN SENIOR MINI BITS 10,1 KG;105.52;160.0;0.0
2683;GOLDEN SENIOR MINI BITS 3,0 KG;43.0;89.0;0.0
418;GOLDEN SPECIAL 15KG;104.74;160.0;0.0
610;GOLDEN SPECIAL ADULTO PEQ PORTE 15 KG;115.3;178.0;0.0
2695;GOLDEN SPECIAL CAES ADULTOS PORTE PEQUENO;15.0;112.26;175.0
2070;GOLDEN SPECIAL FILHOTE PORTE PEQ 15 KG;129.36;185.0;0.0
2694;GOLDEN SPECIAL GATOS ADULTOS 10,1 KG;103.87;162.0;0.0
4;GOLDEN SPECIAL MINI BITS ADULTO VAREJO;7.79;12.9;0.0
1651;GOSMIL LIQUIDO 30ML;16.6;27.0;0.0
885;GRADE BRANCA;78.0;128.0;0.0
3119;GRAMPO 26/6 SL C/5000 NIQUELADO;8.7;8.7;0.0
718;GRAMPO SM N-1;3.5;6.0;0.0
1867;GRAMPO SM N-3;4.09;7.0;0.0
720;GRAMPO SM N-4;4.67;8.0;0.0
2394;GRANPO N 3 C/10;3.68;5.5;0.0
405;GRANULADO DE MADEIRA 10 KG;31.13;60.0;0.0
1961;GRANULADO DE MADEIRA CAT WHELL 2 KG;7.5;15.0;0.0
2750;GRANULADO DE MADEIRA CLEAN PELLETS 15KG;30.8;58.0;0.0
2751;GRANULADO P/ GATOS VAREJO;3.33;0.0;0.0
2971;GRANULADO PREMIUM BLUE MOON 4KG;8.14;32.0;0.0
1872;GRAVATAS PARA CACHORRO;2.0;5.0;0.0
2045;GRELHA DE PEIXE 56 CM N1;28.01;50.5;0.0
2046;GRELHA DE PEIXE 57X18,50 CM;23.0;37.0;0.0
2718;GRELHA DE PEIXE N;3.0;34.0;57.0
1887;GRELHA DUPLA PARA PEIXE 68X19;28.0;45.0;0.0
176;GRELHA DUPLA PARA PEIXE 75X24;31.0;49.9;0.0
2717;GRELHA INOX 07 60X50 CABO DE MADEIRA;68.0;112.2;0.0
1970;GRELHA INOX 40X40;56.0;92.4;0.0
1843;GRELHA INOX 50X40;58.0;95.7;0.0
2042;GRELHA INOX 50X50;62.0;99.0;0.0
2043;GRELHA INOX CABO DE MADEIRA 60 X;40.0;65.0;110.0
1921;GRELHA INOX N1;51.0;84.5;0.0
2928;GUARDA SOL SARDENHA 1,8 M;74.0;74.0;0.0
665;GUIA  16 MM;12.5;24.0;0.0
1276;GUIA  GROSSA C/ MOSQUETAO;13.54;24.0;0.0
1864;GUIA C/MOSQUETAO 40, 60 E;80.0;13.69;23.0
243;GUIA CORDA 1 MT;13.59;23.0;0.0
142;GUIA CORDA 1,2 MTS;18.45;32.0;0.0
1920;GUIA DO FLUMINENSE;0.0;16.9;0.0
1818;GUIA MOSQUETAO 60CM - VARIAS CORES;9.4;15.99;0.0
2926;GUIA POLIESTER 1M;12.99;22.0;0.0
242;GUIA RETRACTIL 25 KG;28.11;46.5;0.0
1750;GUIA RETRATIL  15 KG;19.37;32.0;0.0
2552;GUIA RETRATIL 1,50 20 KG FITA SLIM;22.14;37.6;0.0
256;GUIA RETRATIL FITA 3 MTS 3 KG;11.15;19.0;0.0
2795;HALITO DINE SPRAY 100ML;34.06;61.0;0.0
1338;HAMISTER;12.0;30.0;0.0
2782;HAMSTER 500G;3.8;9.0;0.0
2452;HARMONY TRINCA NATURAL 300 GR;11.0;17.5;0.0
1150;HBFEL 70 GR;29.84;48.0;0.0
2955;HELFINE PLUS CAES;26.68;42.0;0.0
1280;HEMOCIL 30ML;10.5;22.0;0.0
2360;HEMOLIPET;37.66;60.5;0.0
1642;HEMOLIPET SUSPENSAO 30 ML;23.35;43.0;0.0
1279;HEMOLITAN GOLD 30 COMPRIMIDOS;65.91;112.0;0.0
2485;HEMOLITAN GOLD 60 ML;56.9;91.0;0.0
3015;HEMOLITAN PET 30 COMPRIMIDOS;46.55;79.5;0.0
140;HEMOLITAN PET GOTAS 30ML;28.22;44.6;0.0
150;HEMOLITAN PET GOTAS 60 ML;44.52;67.0;0.0
2327;HEPACTIL 30 COMPRIMIDOS;30.9;67.0;0.0
2204;HEPATOL 20 ML;4.86;14.0;0.0
1626;HEPATOX 20ML;13.6;22.5;0.0
397;HEPGUARD C/30 COMPRIMIDOS;65.59;105.0;0.0
1762;HEPVET 30 COMPRIMIDOS;85.27;136.5;0.0
1460;HEPVET SUSPENSAO 60ML;82.63;132.5;0.0
2135;HERBAL VET TA 1L;84.05;124.0;0.0
2867;HIDRAPET LOCAO;78.44;118.0;0.0
2059;HIDRATA FOCINHO PET CLEAN;11.24;21.0;0.0
2363;HIDRATANTE DE PATINHAS;15.9;30.0;0.0
353;HIDROVIT GOTAS 50 ML;23.67;38.5;0.0
2329;HIGICARE GEL DENTAL BISNAGA 50G;36.09;69.5;0.0
2094;HOT CAT MIX 10KG;54.2;106.0;0.0
2195;HOT CAT MIX 20 KG S/CORANTE;111.23;199.9;0.0
1616;HOT CAT PEIXE 10KG;54.2;106.0;0.0
2553;HOT CAT PEIXE 20 KG;111.23;199.9;0.0
28;HOT CAT PEIXE VAREJO;6.53;11.9;0.0
68;HOT CAT VAREJO;6.53;11.9;0.0
2567;HOT DOG AD 20KG;111.09;154.0;0.0
2188;HOT DOG ADULTO 15 KG;68.22;119.0;0.0
2157;HOT DOG FILHOTE 10KG;56.92;104.0;0.0
2156;HOT DOG FILHOTE 20 KG;107.72;195.9;0.0
2;HOT DOG FILHOTE VAREJO;6.5;10.9;0.0
24;HOT DOG VAREJO VAREJO;5.6;9.9;0.0
2451;HPHAR 120 30 COMPRIMIDOS;65.37;104.6;0.0
1124;HPHAR SUSP 60 ML;63.94;102.5;0.0
2922;HUMUS;7.5;15.0;0.0
3108;IBASA SABONETE ANTIPULGA/CARRAP AMOR 80G UN;0.0;11.08;19.5
3109;IBASA SPRAY ANTIPULGAS/CARRAPATOS 100ML UN;0.0;24.86;36.5
3110;IBASA TALCO ANTIPULGAS 100G UN;1.0;22.99;33.5
3120;IDEAL - GAIOLA P/ CALOPSITA C/ POL FUNDO PLA;88.35;148.0;0.0
644;ILT 25MG;66.98;113.9;0.0
2849;IMDERME 1.000 45 CAPS;75.13;125.0;0.0
2850;IMDERME 500 45 CAPS;55.47;93.0;0.0
2912;IN.SPRAY PULKILL 250ML;19.71;32.0;0.0
2753;INDU - AVEMIL PRONTOVIT 20ML;9.82;19.7;0.0
301;INIBIDEX;1.9;7.0;0.0
2846;INTESTIN 30ML;61.23;102.0;0.0
2821;IP TESTE PH AGUA DOCE COM 60 TESTES;10.49;18.9;0.0
1660;ISCANIL / GRAO FORTE 50 G;0.78;2.5;0.0
2105;ITL 100 MG ITRACONAZOL;135.0;220.0;0.0
1745;ITL 25MG;70.33;113.9;0.0
1602;ITRACONAZOL 100 MG 10 COMP;146.69;220.0;0.0
2790;ITRACONAZOL 50 MG 10 COMP (12);98.24;170.0;0.0
946;IVERTRIL 1 MG LITTLEIVER;4.99;14.0;0.0
332;IVERTRIL DE 6 MG 4 COMPRIMIDOS;6.33;16.5;0.0
1806;IVERTRILL 12 MG;4.99;19.5;0.0
361;IVERTRILL 3MG;5.42;15.0;0.0
143;IVOMEC INJETAVEL 1 ML NA SIRINGA;1.6;7.0;0.0
792;JABUTI 315GR;53.98;93.0;0.0
1897;JABUTI BABY 80G;25.18;41.0;0.0
799;JENECA COMPRESSOR DE AR - AP 910 - SAIDA;29.99;56.0;0.0
2803;JENECA LUMINARIA - D1- 20 LEDS- 3W;57.99;92.5;0.0
2804;JENECA LUMINARIA - X3- 12 LEDS- 5W;59.99;95.5;0.0
1148;JENECA PEDRA POROSA -AS107;2.99;8.0;0.0
1009;JIG HEAD FISHING;1.8;3.5;0.0
390;K-OTRINE SC;25.0;13.79;23.0
1912;KAOPEK 100 GR;18.66;29.0;0.0
1500;KELLDRIN/BELHRINE 30ML;6.25;13.0;0.0
1647;KELLMAT FORMICIDA;0.79;3.0;0.0
1037;KERAVIT PET 5G;72.95;110.0;0.0
2164;KETOFEN 20 MG;46.99;78.0;0.0
1434;KETOFEN 5MG;30.6;50.5;0.0
2022;KIKO CAT 25 KG;109.55;169.9;0.0
48;KIKO CAT VAREJO;4.19;7.5;0.0
2397;KIT  SAQUINHO CATA CATA C/3;3.0;6.0;0.0
806;KIT 2 DEDEIRA CAT DOG;6.52;10.5;0.0
802;KIT BANDEJA COLORIDAS;12.69;22.5;0.0
1175;KIT BANHEIRO CAT CLEAN C/3 PCS;25.99;41.0;0.0
2744;KIT BANHO PET CLEAN;27.19;46.5;0.0
1406;KIT BEBEDOURO HAMISTER;8.2;20.0;0.0
3098;KIT CABECINHA MALHA FINA MAD DESENHADO PRETO;5.04;9.0;0.0
3099;KIT CABECINHA MALHA LARGA MAD;4.8;8.5;0.0
3100;KIT CABECINHA MALHA LARGA MAD DESENHADO PRETO;5.04;9.0;0.0
3101;KIT CABECINHA POLEIRO COLEIRO PLASTICO;6.82;12.0;0.0
1444;KIT COMEDOURO LILOPET 750 ML;15.9;24.0;0.0
2512;KIT COMEDOURO LILOPETY 1000ML;12.99;25.0;0.0
1123;KIT COMEDOURO LILOPETY 300ML;12.99;21.0;0.0
2752;KIT DE FACAS PARA CHURRASCO 6 PECAS;24.89;49.9;0.0
381;KIT MAMADEIRA C/ BICOS;13.0;26.0;0.0
1735;KIT MAMADEIRA CHALESCO;11.76;22.0;0.0
2841;KIT SANOL BANHO;25.9;46.5;0.0
2840;KIT SANOL FEMEA LABELLE;26.49;51.0;0.0
2449;KIT SHOMPOO E CONDICIONADOR VEGANO;24.99;42.5;0.0
2894;KITEKAT SACHE AD CARNE 70G (48);0.5;4.0;0.0
876;LA SINTETICA PACOTE;3.49;6.5;0.0
1966;LABCON ACID;9.03;16.5;0.0
734;LABCON ALCALI;8.81;15.0;0.0
1785;LABCON ANTI ALGAS;9.31;18.5;0.0
2260;LABCON ANTICLOR;8.81;15.0;0.0
957;LABCON AQUALIFE 15 ML;10.43;18.0;0.0
2907;LABCON BACTER 10 CAPSULAS;13.94;23.99;0.0
566;LABCON CLEAN 15 ML;9.57;18.0;0.0
1835;LABCON CLORO TEST;12.34;21.0;0.0
1856;LABCON CRISTAL;10.07;19.5;0.0
702;LABCON ICTIO;9.74;21.0;0.0
2908;LABCON PROTECT PLUS 30 ML;10.33;20.0;0.0
703;LABCON SANI 15 ML;9.41;16.5;0.0
1979;LABCON TEST PH TROPICAL;12.5;20.5;0.0
134;LACO DIVERSOS;2.0;5.0;0.0
2855;LACRI COLIRIO 15ML;48.74;81.0;0.0
3080;LACTOBAC CAT PLUS 12 ML;37.32;60.0;0.0
3081;LACTOBAC DOG PLUS 13 ML;35.05;57.0;0.0
3082;LACTOBAC MULTIESPECIE 100 GRS;20.32;35.0;0.0
2297;LARVA TENEBRIO;2.5;5.0;0.0
709;LATA 280 GR PEDIGREE E WHISKAS;10.07;13.5;0.0
2439;LATA BOMGUY PREMIUM AD CARNE 280GR;4.49;9.0;0.0
2969;LATA CHANIN PREMIUM PEIXE 280GR;4.49;9.0;0.0
518;LENÃ+O UMIDECIDOS GENIAL;6.9;11.9;0.0
3072;LENCOL ESSENCE LISO AVULSO SOLTEIRO - FENDI;24.96;24.96;0.0
2939;LENCOS UMED CHALESCO C/ 80 TOALHAS;10.37;18.5;0.0
1848;LIMP E HIDRAT 100 ML;57.18;90.0;0.0
2902;LIMP HIDRAT PLUS 100ML;62.6;106.5;0.0
2375;LIMPA BORDA HIDROAZUL 1LT;16.45;28.0;0.0
2364;LIMPA CARINHA PET CLEAN;16.99;31.0;0.0
803;LIMPA ORELHA PET CLEAN;10.88;17.5;0.0
2095;LIMPA PATAS PET CLEAN 120 ML;8.89;13.6;0.0
1778;LIMPADOR CONCENTRADO CASA KLINER 140ML CHA TO;6.99;0.0;0.0
2039;LIMPADOR DE LAGRIMAS PET CLEAN 60G;10.9;19.0;0.0
2305;LINHA NYLON;0.2;1.5;5.0
1020;LINHA NYLON;0.3;3.45;6.5
496;LINHA NYLON;0.35;3.54;7.0
172;LINHA NYLON;0.4;5.15;8.5
553;LINHA NYLON;0.5;5.0;13.5
2010;LINHA NYLON;0.6;12.0;18.0
1613;LINHA NYLON 0,70 MM;8.33;18.5;0.0
2009;LINHA NYLON;0.8;8.43;22.5
1611;LINHA NYLON 0,90 MM;11.5;25.0;0.0
2008;LINHA NYLON;1.0;12.6;27.5
1813;LINOPLUS 180 ML;15.99;26.5;0.0
2560;LINOPLUS 400ML;24.51;42.0;0.0
128;LINOVIT 200ML;10.97;21.0;0.0
805;LIXA DE UNHA;6.22;11.0;0.0
923;LUVA ESCOVA TIRA PELOS CAES E GATOS 23,CM;9.7;18.4;0.0
3051;MA.NUTRISANA CISPET 30 COMP;49.83;84.9;0.0
1352;MACACAO CIRUGICA CAO E GATO N;10.0;47.25;88.0
820;MACACAO CIRURGICO CAO E GATO N;0.0;25.52;38.5
821;MACACAO CIRURGICO CAO E GATO N;1.0;27.18;44.0
822;MACACAO CIRURGICO CAO E GATO N;2.0;29.96;50.0
823;MACACAO CIRURGICO CAO E GATO N;3.0;32.75;57.0
824;MACACAO CIRURGICO CAO E GATO N;4.0;32.6;60.0
827;MACACAO CIRURGICO CAO E GATO N;5.0;37.27;62.0
825;MACACAO CIRURGICO CAO E GATO N;6.0;38.4;65.0
216;MACACAO CIRURGICO CAO E GATO N;7.0;39.65;69.0
826;MACACAO CIRURGICO CAO E GATO N;8.0;39.99;72.0
1871;MACACAO CIRURGICO CAO E GATO N9;40.65;77.0;0.0
3124;MACACAO CIRURGICO CAO N;10.0;42.05;82.0
1682;MACROGARD 30 COMPRIMIDOS;109.41;175.5;0.0
1693;MACROGARD PASTA 60 G;73.86;111.0;0.0
1685;MACROGARD SMALL SIZE 30 COMPRIMIDOS;60.3;100.5;0.0
2190;MAGRITOX;27.9;46.0;0.0
2423;MALA COMPANY  DOURADA;97.2;145.8;0.0
2424;MALA FLEX PLUS AZUL;75.6;113.4;0.0
2422;MALA VISION MODERNA;100.7;151.0;0.0
302;MALATHION 100ML;4.99;12.0;0.0
2637;MAMADEIRA PARA FILHOTES 50ML;8.99;20.0;0.0
2044;MANDARIM;12.0;25.0;0.0
1513;MANGUEIRA DE AQUARIO 1 METRO;1.55;3.0;0.0
2385;MANGUEIRA DE PISCINA FLUANTE ( METRO );7.43;13.0;0.0
2383;MANGUEIRA DE PISCINA SILICONADA (METRO);8.8;15.0;0.0
2609;MANGUEIRA POP 10 MTS;19.9;32.0;0.0
2610;MANGUEIRA POP 15 MTS;27.96;44.9;0.0
2611;MANGUEIRA POP 20 MTS;35.62;57.0;0.0
1091;MANOLETE MEDIO;8.8;14.0;0.0
1251;MANTA M;19.79;32.0;0.0
2312;MANTA P;16.05;25.7;0.0
1771;MARAVALHA FLOCADA C/ 350 GR;4.5;8.5;0.0
292;MARAVALHA PRENSADA 800 GR;8.59;15.0;15.0
2129;MARROBONE 500 GR;16.3;27.0;0.0
1953;MASSAGEADOR DE GATO C/CATNIP;9.68;16.0;0.0
529;MASTER PAINCO PORTUGUES 100G;3.5;5.0;0.0
2791;MASTER VIAGRINHA 200GR;2.86;6.0;0.0
359;MATA BICHEIRA;9.99;15.0;0.0
1881;MATA BICHEIRA LABGARD 500 ML;9.25;15.0;0.0
2029;MATA BICHEIRA ORGANNACT 500ML;29.26;37.6;0.0
319;MATA BICHEIRA PRATA 200ML;13.39;22.5;0.0
1039;MATA MATO GLIFOTOP;18.85;34.99;0.0
1932;MATA RATO BLOCO RATCEL;23.0;40.0;0.0
2977;MATISSE CAT WET MOUSSE FRANGO/SALMAO E SARDIN;6.6;13.0;0.0
2547;MATT PULGAS CARRAPATO E PIOLHO 200 GR;6.99;12.0;0.0
2011;MATT PULGOES;1.02;2.5;0.0
1225;MAXICAN 0,05 MG C/ 10 COMPRIMIDOS;20.2;34.0;0.0
1226;MAXICAN 2,0 MG C/ 10 COMPRIMIDOS;42.99;66.9;0.0
2131;MAXX GEL FORMIGA E BARATA;4.8;9.5;0.0
2810;ME. ENFEITE CASARAO PEQUENO;16.5;31.5;0.0
2809;ME. ENFEITE CASTELO MINI;11.49;19.5;0.0
3049;ME. ENFEITE CORAL COM CONCHA E GOLFINHO;15.95;15.95;0.0
3048;ME. ENFEITE GOLFINHOS E PLANTA;12.99;12.99;0.0
2808;ME. ENFEITE GRUTA DE PEDRA PEQUENA;16.49;29.5;0.0
2807;ME. ENFEITE PEQUENA SEREIA NA ESTRELA DO MAR;13.99;25.0;0.0
2806;ME. ENFEITE PLACA (NAO BATA NO VIDRO);6.99;12.5;0.0
2805;ME. ENFEITE PLACA NO TRONCO (NAO PESQUE);6.99;12.5;0.0
2825;MECTIMAX 12MG;15.5;26.5;0.0
2832;MECTIMAX 3 MG C/4 COMP;10.93;18.0;0.0
2304;MEGA ZOO CALOPSITA E RING NECKS 300G EXTRUSAD;23.85;39.99;0.0
2962;MEGA ZOO EXTRUSADA MINI BITS PAPAGAIO 600G;39.45;65.5;0.0
2961;MEGA ZOO EXTRUSADA REGULAR BITS PAPAGAIO 600G;39.45;65.5;0.0
2563;MEGAZOO CALOPSITA E RING NECKS 700G;39.9;65.0;0.0
1696;MEIAS PARA CAES;7.2;15.5;0.0
1811;MELLIS VET 0,2MG;12.34;21.0;0.0
603;MELLIS VET 0,5MG;20.04;35.0;0.0
520;MELLIS VET 2 MG;31.05;54.5;0.0
1486;MELLIS VET 3MG;35.64;57.0;0.0
1481;MELLIS VET 4MG;38.31;63.5;0.0
1195;MELOXIFARM 2MG;12.34;21.0;0.0
2258;MELOXIFLEX 0,5MG;14.0;25.0;0.0
2259;MELOXIFLEX 2,0 MG;12.31;26.0;0.0
706;MELOXINEW;2.0;33.89;56.0
1697;MELOXITABS 2MG 10 COMPORIMIDOS;27.0;49.9;0.0
1105;MELOXITTABS 0,05 CARTELA 10 COMPRIMIDOS;14.4;26.7;0.0
1106;MELOXIVET 2MG;32.85;48.99;0.0
1438;MELOXIWOLD 0,5 CARTELA;9.52;21.0;0.0
137;MERCEPTON ORAL 20ML;18.85;30.5;0.0
1468;METACELL 50 ML;39.45;80.0;0.0
1650;METICORTEN 20 MG;39.99;60.0;0.0
791;METICORTEN 5MG;19.71;31.5;0.0
1655;MF ENFEITE ARCO DE PEDRA PEQUENA COM GRUTA;16.99;24.0;0.0
2883;MGZ MIX CALOPSITA 300G;19.58;34.0;0.0
2884;MGZ MIX PAPAGAIOS 350G;24.83;42.5;0.0
2842;MICODINE SHAMPOO 225ML;53.83;89.5;0.0
148;MILBEMAX ATE 5KG 2 COMPRIMIDOS;29.29;48.0;0.0
1125;MILBEMAX DE 5 A 25 KG;50.17;83.0;0.0
98;MILHO ALVO COMUM KG;5.18;19.0;0.0
99;MILHO ALVO PRETO KG;8.36;19.0;0.0
100;MILHO ALVO VERDE KG;10.05;19.0;0.0
97;MILHO ALVO VERMELHO KG;8.06;17.0;0.0
76;MILHO KG;1.82;3.5;0.0
991;MILHO PICADO 15 KG;38.7;66.5;0.0
77;MILHO PICADO KG;2.58;4.9;0.0
1822;MILHO SACO;28.0;39.5;0.0
3102;MINI GAIOLA HAMSTER TUBOS;69.29;124.9;0.0
2597;MINI GULLIVER P;39.23;66.9;0.0
2868;MIRTZ 2MG;75.32;125.0;0.0
72;MISTURA CALOPSITA KG;4.78;10.0;0.0
2229;MISTURA DE BICUDO, CURIO E AZULAO;6.5;16.5;0.0
75;MISTURA DE CANARIO BELGA KG;7.14;15.5;0.0
70;MISTURA DE COLEIRO;5.14;11.5;0.0
1899;MISTURA DE CURIO MEL 500G - AGUIA;6.08;10.0;0.0
118;MISTURA DE CURIO VAREJO;7.62;16.5;0.0
106;MISTURA DE PAPAGAIO;7.38;16.0;0.0
3002;MISTURA ESPECIAL FARINHADA SILVESTRE 250GR;2.95;6.5;0.0
2287;MISTURA P/MELRO 400 G ASA NUTRI;3.85;7.5;0.0
2231;MISTURA TICO TICO 500G AGUIA;3.52;8.0;0.0
32;MISTURAO;3.14;6.5;0.0
1853;MIX TRINCA FERRO;3.92;6.8;0.0
3038;MM PET FISH CARTELA 30 X 12GR.;3.13;8.0;0.0
3039;MM PROBETTA EXTRUSADA CARTELA 30 X 5GR.;2.07;6.0;0.0
1631;MOLHO ESPECIAL;4.5;8.5;0.0
1151;MOLINETE PRO 200 TECFISH;31.48;50.5;0.0
860;MOLINETE PROREEL TEC FISH 3 ROLAMENTOS;67.06;99.0;0.0
136;MONOVIN A;28.86;47.0;0.0
2256;MORDEDOR ARGOLA COM CORDA TRANCADA;2.97;8.0;0.0
2255;MORDEDOR ARGOLA COM CRAVO;4.04;8.5;0.0
340;MORDEDOR ARGOLA DE BORRACHA;1.78;7.5;0.0
1805;MORDEDOR BOLA DUPLA CRAVO M-150;14.19;23.5;0.0
343;MORDEDOR CHUPETA;2.25;8.0;0.0
339;MORDEDOR DE PLASTICO C/ CORDA REF.;907890.0;7.65;15.99
338;MORDEDOR PARA CAES OSSO VAZADO;4.04;9.0;0.0
1679;NALYT 100 PLUS 10 GR;16.2;30.5;0.0
1680;NALYT BABY 10 GR;15.89;27.0;0.0
1033;NATIVOS COM BANANA 500GR;10.71;18.5;0.0
2203;NATU VERM VERMIFUGO C/ 4 COMPRIMIDOS;4.3;12.0;0.0
742;NATU VERME 4 COMPRIMIDOS;3.0;12.0;0.0
2140;NATUFLIM 50 MG;7.93;15.0;0.0
2121;NATUVERM PLUS 25KG C/2 COMPRIMIDOS;8.1;16.0;0.0
1984;NAUSETRAT ORAL 20 ML;7.92;16.99;0.0
2978;ND TROPICAL CAN ADT MINI CORD 2+0,5KG;87.35;133.0;0.0
2979;ND TROPICAL CAN ADT MINI FGO 2+0,5KG;73.66;120.0;0.0
2980;ND TROPICAL CAN PUP MINI CORD 2+0,5KG;95.58;150.0;0.0
3066;NECTAR BEIJA FLOR 250G ASANUTRE;7.3;14.5;0.0
2284;NECTAR BEIJA FLOR PASSARITOS 250G SACHE;10.09;18.0;0.0
2749;NECTAR PARA BEIJA FLOR IPET 500ML;7.47;13.0;0.0
2847;NEO CONTROL 30ML;60.77;103.0;0.0
1477;NEO SULMETINA SM 15ML;12.71;23.5;0.0
1427;NEODEXA F CREME;44.89;74.0;0.0
1895;NEODEXA SPRAY;44.84;67.5;0.0
2232;NEOPET 2,68ML CAES 20,1 ATE 40 KG;28.49;45.0;0.0
263;NEXGARD 10 A 25 KG;56.8;103.0;0.0
269;NEXGARD 2 A 4 KG;53.17;88.0;0.0
264;NEXGARD 25 A 50 KG;71.57;111.0;0.0
267;NEXGARD 4 A 10 KG;51.21;93.0;0.0
2517;NEXGARD CAT COMBO 0,8 A 2,5 KG;63.89;102.0;0.0
2168;NEXGARD CAT COMBO 2,5 A 7,5 KG UNIDADE;46.2;78.5;0.0
2316;NEXGARD SPECTRA 15,1 A 30 KG G;89.11;142.0;0.0
1876;NEXGARD SPECTRA 2-3,5KG PP;50.3;73.9;0.0
608;NEXGARD SPECTRA 3,6 A 7,6 P;56.46;82.5;0.0
1371;NEXGARD SPECTRA 30,1-60KG GG;94.01;149.5;0.0
2315;NEXGARD SPECTRA 7,6 A 15KG M;64.26;97.0;0.0
760;NINHO CALOPSITA GRANDE;13.32;24.5;0.0
507;NINHO CARPETE VERTICAL;4.23;10.0;0.0
465;NINHO DE CALOPSITA E AGAPORNIA;10.01;25.0;0.0
522;NINHO DE CORDA COLEIRO E CURIO;4.2;10.0;0.0
497;NINHO DE PIRIQUITO;5.2;10.0;0.0
755;NINHO FIBRA DE COCO;5.77;11.5;0.0
1242;NINHO SISAL TRINCA FERRO;6.99;12.0;0.0
2890;NIVEA SABONETE HID PROT LEITE 85G (96);2.07;2.07;0.0
1327;NOKALT 40ML;9.54;19.0;0.0
2919;NUTRAMUNO CAES 6G;54.1;89.5;0.0
2920;NUTRAMUNO GATOS 6G;50.31;89.5;0.0
2049;NUTRI NAT CAES 300G;29.0;43.5;0.0
2851;NUTRICALM 30 COMP;46.47;78.0;0.0
1432;NUTRICON  TURTLE 270 G;55.35;103.5;0.0
1765;NUTRICON JABUTI 80 G;19.4;33.0;0.0
1957;NUTRICON TURTLE 25 GR;8.55;15.5;0.0
1894;NUTRICON TURTLE 75G;19.59;32.5;0.0
1769;NUTRICON TURTLE BABY 10G;8.49;15.0;0.0
1766;NUTRIFLAKES NUTRICON CARTELA;4.9;8.0;0.0
2079;NUTRINAT GATO;29.0;43.5;0.0
200;NUTRISAME NUTRPHAMER;112.0;190.5;0.0
2789;NUTRITIVA DE PESSEGO KG;11.5;21.0;0.0
2792;NUTRITIVA INSETO KG;31.75;62.0;0.0
2793;NUTRITIVA INTEGRAL KG;21.92;40.0;0.0
1597;NUTROPICA CALOPSITA NATURAL MINI BITS 300G (2;25.37;40.95;0.0
1956;NUTROPICA NATURAL 300 GR;27.66;44.5;0.0
2627;NUTROPICA NATURAL VAREJO;47.05;87.0;0.0
280;NUTROPICA TRINCA-FERRO POWER 300G (20);30.15;50.5;0.0
2819;OCEANMAX BOMBA SUBMERSA 180 L/H - 110V;22.99;59.5;0.0
2818;OCEANMAX COMPRESSOR A PILHA 2-L/M;41.99;79.5;0.0
2812;OCEANMAX ENFEITE GOKU AZUL 7,5X6CM;16.99;26.5;0.0
2813;OCEANMAX ENFEITE GOKU VERMELHO 7,5X6CM;16.99;26.5;0.0
2811;OCEANMAX ENFEITE JELLYFISH 5 X 15 CM;14.99;26.5;0.0
2815;OCEANMAX ENFEITE PLASTICO AGUA VIVA;3.99;7.5;0.0
2814;OCEANMAX ENFEITE PLASTICO PEIXE SORTIDOS PQ;2.99;6.0;0.0
2816;OCEANMAX ENFEITE TRONCO COM PLANTA 15X16X8CM;11.99;24.0;0.0
2802;OCEANMAX FILTRO INTERNO 1500/H - 110V - OC-F1;68.99;172.5;0.0
2799;OCEANMAX FILTRO INTERNO 450/H - 110V - OC-F45;32.99;82.5;0.0
2800;OCEANMAX FILTRO INTERNO 600/H - 110V - OC-F60;37.99;94.5;0.0
2801;OCEANMAX FILTRO INTERNO 800/H - 110V - OC-F80;51.99;129.5;0.0
3019;OCEANMAX PLANTA PLASTICA 10CM - OPL303;2.89;6.0;0.0
3020;OCEANMAX PLANTA PLASTICA 10CM - OPL353;2.89;6.0;0.0
3021;OCEANMAX PLANTA PLASTICA 10CM - OPL356;2.89;6.0;0.0
3022;OCEANMAX PLANTA PLASTICA 10CM - OPL359;2.89;6.0;0.0
3023;OCEANMAX PLANTA PLASTICA 10CM - OPL364;2.89;6.0;0.0
3024;OCEANMAX PLANTA PLASTICA 10CM - OPL730;2.89;6.0;0.0
3025;OCEANMAX PLANTA PLASTICA 11CM - OPL301;2.89;6.0;0.0
3026;OCEANMAX PLANTA PLASTICA 11CM - OPL302;2.89;6.0;0.0
3027;OCEANMAX PLANTA PLASTICA 11CM - OPL358;2.89;6.0;0.0
3028;OCEANMAX PLANTA PLASTICA 11CM - OPL361;2.89;6.0;0.0
3029;OCEANMAX PLANTA PLASTICA 11CM - OPL363;2.89;6.0;0.0
3030;OCEANMAX PLANTA PLASTICA 11CM - OPL366;2.89;6.0;0.0
3031;OCEANMAX PLANTA PLASTICA 11CM - OPL373;2.89;6.0;0.0
3032;OCEANMAX PLANTA PLASTICA 11CM - OPL374;2.89;6.0;0.0
3033;OCEANMAX PLANTA PLASTICA 11CM - OPL375;2.89;6.0;0.0
3034;OCEANMAX PLANTA PLASTICA 11CM - OPL540;2.89;6.0;0.0
3035;OCEANMAX PLANTA PLASTICA 12CM - OPL377;2.89;6.0;0.0
3036;OCEANMAX PLANTA PLASTICA 12CM - OPL378;2.89;6.0;0.0
2817;OCEANMAX PLANTA PLASTICA 5CM;1.99;4.5;0.0
3055;OGRAX ARTRO 10KG 30 CAPSULAS;157.49;260.0;0.0
2650;OGRAX ARTRO 20KG 30 CPS;168.8;280.5;0.0
1692;OGRAX ARTRO 5KG 30 CAPSULAS;147.18;221.0;0.0
2975;OGRAX DERME 10KG 30 CAPSULAS;83.48;141.0;0.0
1688;OGRAX GATOS 30 CAPSULAS;71.39;107.0;0.0
1678;OGRAX PLUS 5 CAP X;30.0;85.91;141.0
1968;OGRAX-3 1000MG 30 CAPSULAS;92.66;148.5;0.0
2990;OGRAX-3 1500MG 30CAPASULAS;105.0;174.0;0.0
758;OGRAX-3 500MG 30 CAPSULAS;61.19;102.0;0.0
861;OLEO DE NEEM KELDRIM 10ML;2.79;5.0;0.0
3084;OMEGA 3 DOG 1000MG 12X30 GRS;84.14;135.0;0.0
3083;OMEGA CAT 3,6+D 30ML;55.64;89.0;0.0
3085;OMEGA3 DOG 500MG C/30-15 GRS;68.37;109.99;0.0
992;ONKOSPET HOMEOPATIA 30ML;65.36;92.8;0.0
2895;OPTIMUM SACHE DOG AD CARNE RP&MD 100G (36);0.5;4.0;0.0
2548;OPTIVET CLEAN 100 ML;35.11;53.5;0.0
1629;OPTIVET TEARS 10ML VETNIL;84.51;135.5;0.0
2617;ORALGUARD 150 MG 14 COMP;65.04;107.0;0.0
2618;ORALGUARD 50 MG;45.92;76.5;0.0
2441;ORELHA BOVINA;3.32;6.5;0.0
2295;ORGA MILK 100 GR;44.79;68.0;0.0
2463;ORGA MILK 60 GRS;44.79;80.0;0.0
851;ORGA MILK 60GRS;44.79;73.9;0.0
630;ORGACALM HOMEOPATIA 30ML;52.5;83.0;0.0
980;ORGACIST HOMEOPATIA 30ML;50.4;79.99;0.0
1110;ORGACURI  HOMEOPATIA 30ML;58.33;83.0;0.0
2298;ORGACURI TOP 100ML;58.36;83.0;0.0
2237;ORGADERM HOMEOPATIA 30ML;58.33;83.0;0.0
1767;ORGAFIG HOMEOPATIA 30ML;58.33;83.0;0.0
1075;ORGAIMUNI  HOMEOPATIA 30ML;58.33;83.0;0.0
1768;ORGAINFECTO  HOMEOPATIA 30ML;58.33;83.0;0.0
2457;ORGANEW PET 100GR;23.67;48.0;0.0
2568;ORGANEW PROBIOTICO PASTA 12G;23.69;37.0;0.0
2151;ORGAPAX  HOMEOPATIA 30ML;58.33;83.0;0.0
1403;ORGARIM  HOMEOPATIA 30ML;49.7;79.9;0.0
2446;OSSINHOS SUINO;2.73;5.0;0.0
854;OSSO ATTACK ROPE MEDIO;8.55;14.5;0.0
852;OSSO BEEFBONE SUINO 23 CM;8.99;19.0;0.0
2496;OSSO CHALESCO GRANDE;27.9;46.0;0.0
2495;OSSO CHALESCO MEDIO;18.9;32.0;0.0
2494;OSSO CHALESCO PEQUENO;11.34;19.0;0.0
728;OSSO DE BALEIA;86.0;200.0;0.0
2175;OSSO DE SIBA CARTELA;2.29;6.5;0.0
2300;OSSO DE SIBA MALHA LARGA;3.17;7.5;0.0
285;OSSO DEFUMADO  FEMUR GIGANTE PROCANINE;23.9;40.0;0.0
2249;OSSO FEMUR  23 CM BEEFONE;9.99;16.0;0.0
167;OSSO FEMUR BOVINO NATTU PET -PROCANINE GRANDE;19.0;40.0;0.0
166;OSSO FEMUR SUINO - PROCANINE;6.53;13.0;0.0
220;OSSO NO 3/4;2.64;5.0;0.0
2927;OSSO NO 3/4 1KG;0.0;0.0;0.0
1538;OSSO NO 3/4 COM ( 2 UNIDADE);3.9;8.0;0.0
964;OSSO NO 4/5 UNITARIO;2.9;7.5;0.0
219;OSSO NO 5-6;4.99;10.0;0.0
1491;OSSO NO 5-6 PREMIUM 1KG;52.9;120.0;0.0
1770;OSSO NO 6-7;8.11;16.0;0.0
2126;OSSO NO 6/7 PREMIUM - 1KG;52.9;120.0;0.0
1094;OSSO PALITO 3 UNIDADE;0.4;1.0;0.0
815;OSSO PALITO COL./BRA. PETISCAO COM 1 KG 8MM;13.9;31.0;0.0
164;OSSO PALITO COLORIDO E BRANCO 06MMC/10 UNID;1.5;3.5;0.0
816;OSSO PALITO PROCANINE 10MM;1.7;2.99;0.0
958;OSSO PET PRODUCT C/ 5 OSSOS;1.78;6.99;0.0
283;OSSO SUINO NATURAL;2.49;5.5;0.0
1753;OTO TOP CLEAN 100ML;17.3;28.5;0.0
2869;OTOCALM 14ML;70.81;118.0;0.0
1433;OTOCANIS 10 ML;22.17;37.9;0.0
2403;OTOCANIS CLEAN 100ML;17.12;30.8;0.0
1754;OTOCANISS MAX 15 ML;33.55;57.0;0.0
135;OTODERMIN GOTAS 20ML;29.66;48.0;0.0
2619;OTOGUARD 20 ML;90.19;153.5;0.0
1298;OTOLIN 15 ML;19.39;42.0;0.0
2362;OTOVET 20ML;24.05;38.5;0.0
1415;OTOVET KIT OTOVET LIMP;44.65;73.5;0.0
690;OTOVET LIMP 100 ML;20.29;34.5;0.0
2996;OVO DE PASCOA DOOGS CARNE E FRANGO 200G;20.9;36.0;0.0
1635;OVO INDES UNIDADE;0.18;1.0;0.0
1641;OXCELL 1000 MG 30 CAPSULAS;135.98;225.99;0.0
1633;OXCELL 500 MG 30 CAPSULAS;79.06;131.5;0.0
857;PA HIGIENICA CARA DE GATO COLORIDAS;2.47;5.0;0.0
208;PA HIGIENICA GRANDE;3.13;14.0;0.0
2756;PA HIGIENICA PARA GATOS ACO INOXIDAVEL;12.6;24.0;0.0
2997;PACOQUITA SANTA HELENA ROLHA EMB.15G (100);0.32;0.36;0.0
480;PAINÃ+O PORTUGUES 100 GR PASSARO FORT;2.71;5.0;0.0
108;PAINCO MILHETO VAREJO;3.52;8.0;0.0
674;PAINCO PORTUGUES SACO DE PANO;3.5;6.0;0.0
2110;PAINCO VERDE 200 G;2.6;6.0;0.0
1980;PALHA DE NINHO CARTELA;1.33;3.0;0.0
2442;PALITO BOVINO;7.74;12.5;0.0
400;PALITO DE CARNE PRO CANINE;3.0;0.53;1.0
2302;PAN CONTROL 30 ML;64.52;110.5;0.0
2154;PAPA DE FILHOTE ASANUTRI;7.0;14.0;0.0
1858;PAPA DE REINO DAS AVES400 GR;12.9;22.5;0.0
1879;PAPA FILHOTE REINA DAS AVES - POTEC SERINGA;20.41;34.5;0.0
2787;PAPA MIX DE FRUTA 500 G;10.0;18.0;0.0
678;PAPAGAIO KG;9.65;15.0;0.0
2071;PAPINHA PROPASSARO;13.21;23.9;0.0
1437;PARQUE DE CALOPSITA;30.0;80.0;0.0
1042;PASSAGUA MALHA FINA;21.51;34.5;0.0
1993;PASSAGUA P/TATUI MALHA;8.0;23.93;36.0
1906;PASSARO PRETO SUPLA MIX 500 GR;3.74;6.5;0.0
482;PASTILHA GENCO 200G;6.77;13.5;0.0
2798;PASTILHA MULTI ACAO 200G;8.04;13.5;0.0
2948;PATINHO BRINQ SWEET;16.2;26.0;0.0
1250;PED DENTASTIX R MED 3 STICKS 77G (18);8.98;14.5;0.0
1579;PED DENTASTIX R PEQ 3 STICKS 45G (18);7.65;12.5;0.0
968;PED DENTASTIX R PEQ 7 STICKS 110G (10);13.24;21.5;0.0
1600;PED NUTRICAO ESSENCIAL AO LEITE 15KG;88.25;115.0;0.0
2896;PED. FILEZITOS AD CARNE 60G (20);0.5;0.5;0.0
1598;PED. MARROBONE 200G (24);11.89;19.5;0.0
2021;PEDIGREE ADULTO 20 KG;142.74;199.99;0.0
1578;PEDIGREE ADULTO CARNE E VEGETAIS 15 KG;133.49;195.0;143.19
34;PEDIGREE ADULTO VAREJO;9.08;14.5;0.0
211;PEDIGREE FILHOTE 15 KG;133.49;195.5;0.0
1577;PEDIGREE FILHOTE 20 KG;208.86;298.6;0.0
38;PEDIGREE FILHOTE VAREJO;9.08;14.5;0.0
15;PEDIGREE R PEQ VAREJO;9.08;13.9;0.0
474;PEDIGREE RACAS PEQ 15 KG;133.49;195.0;0.0
1332;PEDIGREE RACAS PEQUENA 900 GR;11.88;19.5;0.0
910;PEDRA DE CALCIO PARA ROEDORES;5.9;10.0;0.0
726;PEDRA PARA AQUARIO;6.79;11.5;0.0
3071;PEGA MOSQUITO;63.52;102.5;0.0
2429;PEGA PELO ROLO;7.59;12.0;0.0
2469;PEITORAL CLOVIS COD 327 NUMERO 0,2,4 E;6.0;12.0;21.0
2466;PEITORAL CLOVIS ESPECIAL COD 344 TAMANHO P.M;27.0;46.0;0.0
1385;PEITORAL DE CALOPSITA;9.9;17.0;0.0
1917;PEITORAL DE CETIM;5.0;11.34;19.5
483;PEITORAL DE COELHO;12.4;21.5;0.0
524;PEITORAL GATO SEDA;18.36;31.5;0.0
2556;PEITORAL LEO 40 G;35.0;60.0;0.0
2401;PEITORAL N5 E N6;12.25;29.9;0.0
2399;PEITORAL NUMERO 00 A;4.0;6.99;13.0
2465;PEITORAL NYLON CLOVIS COD 311 P,M E G;15.0;25.5;0.0
2464;PEITORAL NYLON CLOVIS MOSQUETÃO FORTE COD;343.0;24.0;38.5
2051;PEITORAL NYLON CLOVIS TAMANHO G COD;340.0;14.5;45.5
2050;PEITORAL NYLON CLOVIS TAMANHO M COD;340.0;13.99;30.0
2055;PEITORAL NYLON CLOVIS TAMANHO P COD;340.0;13.5;25.5
1982;PEITORAL REFORCADO LEO P,M E G;27.0;50.0;0.0
2545;PEITORAL STILO G;30.0;51.0;0.0
1827;PEIXE A VAREJO;0.0;1.5;0.0
2701;PELO E DERME 1500MG DHA+EPA 30 CAP;79.11;124.0;0.0
1435;PELO E DERME 750 MG;53.91;86.5;0.0
1306;PENEIRA DE PLASTICO CATA FOLHA;24.99;42.0;0.0
2946;PENTE ANTI-PULGAS 6X5,50CM;6.58;16.0;0.0
1506;PENTE CABO PLASTICO 40 E 52 DENTES;11.86;19.0;0.0
1507;PENTE DUPLO COMFORT;8.99;18.0;0.0
1508;PENTE GRANDE CHALESCO;11.1;18.5;0.0
2499;PENTE PRA PULGA;9.19;16.0;0.0
2740;PERFUME 60 ML PET CLEAN;10.69;18.0;0.0
2742;PERFUME MACHO OU FEMEA PET CLEAN 120 ML;10.84;20.0;0.0
1907;PERIOVET GEL;45.81;76.0;0.0
2215;PERIOVET SPRAY 100ML;33.3;55.0;0.0
966;PERIQUITO / PIRIQUITO;12.0;35.0;0.0
462;PET MILK 100 GR;51.7;102.0;0.0
3016;PET MILK 300G;119.31;234.0;0.0
2748;PET PIRA PEDRA MINERAL ROEDORES;8.51;14.0;0.0
2531;PETISCO LONG CARE ( TODOS );5.29;8.9;0.0
2107;PETR;67.9;100.0;0.0
2127;PETRUS DOG SABOR CARNE E FRANGO 19%;65.36;100.0;0.0
2163;PETRUS PREMIUM GATO 10,1KG;66.9;110.0;0.0
63;PETRUS PREMIUM GOLD JUNIOR VAREJO;6.29;11.0;0.0
2182;PETRUS PREMIUM ORIG AD 15KG;65.36;100.0;0.0
16;PETRUS PREMIUM ORIG AD VAREJO;4.52;8.5;0.0
2003;PETSKO NATURAL;9.96;16.9;0.0
1107;PETSPORIN 300 MG;54.76;85.0;0.0
1109;PETSPORIN 600MG;69.37;108.9;0.0
1108;PETSPORIN 75MG;24.53;42.0;0.0
2853;PHISIODERM SHAMPOO PELE SENSIVEL 250 ML;93.75;154.7;0.0
2714;PIPETA TEA GATOS 4,1 A 8KG -1ML;12.07;19.9;0.0
2505;PIPETA TEA UNIDADE ATE 4 KG;10.85;18.0;0.0
2506;PIPETE TEA UNIDADE 4 A 8 KG;7.81;15.0;0.0
246;PIPI PARK ( CONE );8.89;15.0;0.0
883;PIPI SIM / PIPI NAO -EDUCADOR;11.9;20.5;0.0
1030;PIPIDOG ORIGINAL;10.6;19.7;0.0
1014;PIUSANA PAPICK 100 ML;31.31;50.5;0.0
3040;PL BETEIRA PERSONAGEM ARANHA;20.99;35.0;0.0
3041;PL BETEIRA PERSONAGEM GELO;20.99;20.99;0.0
3042;PL BETEIRA PERSONAGEM MARAVILHA;20.99;20.99;0.0
3043;PL BETEIRA PERSONAGEM MAVALDO;20.99;20.99;0.0
3044;PL BETEIRA PERSONAGEM PATRULHA;20.99;20.99;0.0
3045;PL BETEIRA PERSONAGEM PEIXE PALHACO;20.99;20.99;0.0
3046;PL BETEIRA PERSONAGEM SEREIA;20.99;20.99;0.0
3047;PL BETEIRA PERSONAGEM VINGADORES;20.99;20.99;0.0
3037;PL BETEIRA RETANGULAR 16 X 9 X 12 - C/ FITA;13.99;24.0;0.0
2820;PL MANGUEIRA DE SILICONE 2M;4.99;9.5;0.0
1925;PLACA BIOLOGIC;2.16;4.0;0.0
1988;PLACA REDUTORA 14X14;2.99;5.0;0.0
1977;PLANTA DE AQUARIO;4.79;9.5;0.0
1898;PLANTA DE AQUARIO SIMPLES;3.49;6.5;0.0
1253;PLANTA ENFEITE DE AQUARIO 16 CM;7.49;15.5;0.0
909;PLANTA ROXA E VERDE ENFEITE AQUARIO;2.21;6.0;0.0
771;PLASIVET 20ML;21.5;34.5;0.0
3006;PNEU CARRO 205/55R16 ALTIMAX ONE;513.45;616.98;0.0
2165;PNEU MOTO CG 125 2.75-18 PREDATOR MAGGION;127.1;127.1;0.0
2196;PNEU MOTO CG 125 90/90-18 PANDA SUP MAX II MA;136.6;136.6;0.0
2848;PNEUMO CONTROL 30ML;61.97;105.0;0.0
1495;PO DE BANHO HAMISTER;5.5;11.5;0.0
2455;PO HEMOSTATICO PET 25G;43.0;64.5;0.0
2303;PODEROSO MOSQUICIDA 30G;2.59;5.0;0.0
2199;POMADA CICATRIZANTE 18X100G * IBASA;52.72;87.5;0.0
2384;PONTEIRA P/MANGUEIRA DE PISCINA;5.1;12.0;0.0
2428;POP BAG GEL;17.55;26.0;0.0
1747;PORTA  GILO;1.0;3.0;0.0
2294;PORTA CATA CACA;2.16;6.0;0.0
749;PORTA FRUTA;1.5;3.5;0.0
1990;PORTA LARVA;1.81;3.6;0.0
1591;PORTA OVO JEL PLAST PL-R502;0.61;2.0;0.0
1296;PORTA REMEDIO PEQ;0.9;1.5;0.0
1583;PORTA TIRIRICA PEQ;1.06;2.5;0.0
2019;PORTA TIRIRICA PEQ KING PRETO;1.2;3.0;0.0
1865;PORTA UNHAO CURIO;0.8;2.0;0.0
2191;PORTA UNHAO TRINCA FERRO;1.38;2.5;0.0
2033;PORTA VERDURA;0.57;1.2;0.0
1521;PORTA VITA UNHA PEQUENO E CURIO;0.58;1.3;0.0
489;PORTA VITAMINA ACRILICO PEQUENO DIVERSOS;1.23;2.5;0.0
249;PORTA VITAMINA C/ TAMPA;2.31;4.5;0.0
1244;PORTA VITAMINA CRISTAL MEDIO;1.48;3.5;0.0
1366;PORTA VITAMINA DE CALOPSITA COLORIDO;2.19;5.0;0.0
1246;PORTA VITAMINA GARRA TRINCAO;2.22;4.5;0.0
490;PORTA VITAMINA GRANDE;1.99;4.5;0.0
488;PORTA VITAMINA LEITOSO JEL R-501;0.55;2.0;0.0
1581;PORTA VITAMINA TRINCAO;1.0;1.8;3.0
862;PORTAO DE SEGURANCA (MOLA) / PORTAO COM ALONG;69.99;119.0;0.0
3086;POSTBIOTC 60 GRS;54.44;88.0;0.0
1488;POSTINHO LARANJA;7.2;13.0;0.0
278;POSTURA 20 KG;47.45;70.19;0.0
73;POSTURA KG;2.3;4.0;0.0
1204;POTE DE BOLINHA GUISO PET JUNIOR P;0.9;2.0;0.0
2180;POTE DE ESCOVA COM 40 UNIDADES;2.47;4.5;0.0
1420;POTE DE RACAO 2,000 LTS;9.88;16.1;0.0
1419;POTE DE RACAO 2LTS;7.18;11.9;0.0
1462;POTE DE RACAO 900 ML;7.18;11.7;0.0
750;POTEMIM B12 SUPLIMENTO;11.99;24.0;0.0
3121;POYTARA BETTA ENVELOPE 6G;3.38;6.0;0.0
2822;POYTARA PEIXE DE FUNDO 50GR.;12.89;21.5;0.0
2823;POYTARA TROPICAIS FLOCOS 10GR;7.69;13.5;0.0
2824;POYTARA TROPICAIS FLOCOS 30GR.;12.59;23.5;0.0
179;PREDICORTEM 05MG;14.5;21.75;0.0
1795;PREDICORTEM 20MG;40.47;69.0;0.0
1188;PREDIDERM 05 MG;12.77;23.0;0.0
1071;PREDIDERM 20MG;36.17;65.0;0.0
1914;PREDINISOLONA 5MG;15.24;24.5;0.0
1954;PREDITABS 10 MG C/10 COMP;17.47;29.8;0.0
571;PREDITABS 20MG;32.63;55.7;0.0
2153;PREDITABS 5 MG C/10COMP;11.47;19.9;0.0
2870;PREDNON 30ML;33.17;55.0;0.0
11;PREMIER ADULTO RP VAREJO;12.47;20.0;0.0
1744;PREMIER ADULTOS RACAS MEDIAS E GRANDES;190.84;277.0;0.0
2663;PREMIER AMB INT ADULTOS 1,0 KG;30.27;48.0;0.0
2757;PREMIER AMB INT ADULTOS 2,5 KG;65.32;113.5;0.0
996;PREMIER AMB INT CASTRADO 1,0 KG;36.32;53.0;0.0
2299;PREMIER AMB INT FILHOTE 1,0 KG;33.31;52.0;0.0
2573;PREMIER AMB INT FILHOTES 2,5 KG;71.79;113.0;0.0
2636;PREMIER AMB INT PAPINHA DESMAME;37.08;54.5;0.0
2828;PREMIER AMB INT SENIOR 1,0 KG;31.92;52.5;0.0
2829;PREMIER AMB INT SENIOR 2,5 KG;68.8;125.0;0.0
2657;PREMIER BULLDOG FRANCES ADULTOS 1,0 KG;33.03;50.5;0.0
2540;PREMIER BULLDOG FRANCES FILHOTE 1KG;35.71;51.5;0.0
2546;PREMIER COOKIE CAES ADULTOS 250G;13.5;21.0;0.0
2653;PREMIER COOKIE CAES ADULTOS COCO E AVEIAA  PE;13.83;21.6;0.0
2972;PREMIER COOKIE CAES ADULTOS PORTE PEQUENO PAS;13.5;23.0;0.0
2541;PREMIER FILHOTE RACAS PEQ VAREJO;14.52;21.0;0.0
1572;PREMIER FILHOTE VAREJO;14.5;21.0;0.0
2589;PREMIER GASTROINTESTINAL RACA PEQUENA 2,0KG;68.3;115.0;0.0
2654;PREMIER NC CAES DIABETES PEQUENO PORTE 2,0 KG;71.27;106.2;0.0
2826;PREMIER NC CAES HIPOALERGENICO CORDEIRO PEQ P;75.11;117.5;0.0
2655;PREMIER NC CAES OBESIDADE PEQUENO PORTE 2,0 K;74.25;113.0;0.0
2656;PREMIER NC GATOS RENAL 1,5 KG;74.25;116.0;0.0
2542;PREMIER NC GATOS URINARIO 500 GR;32.62;51.0;0.0
2692;PREMIER NUTRICAO CLINICA RENAL CAES PORTE PEQ;72.11;108.0;0.0
2664;PREMIER RACAS PEQUENAS ADULTOS 20,0KG;224.58;358.0;0.0
2659;PREMIER SHIH TZU ADULTOS 1,0 KG;33.42;50.0;0.0
2827;PREMIER SHIH TZU ADULTOS 2,5 KG;69.49;110.0;0.0
2658;PREMIER SHIH TZU FILHOTES 1,0 KG;35.17;52.0;0.0
2544;PREMIER SHIH TZU FILHOTES 2,5 KG;76.15;119.0;0.0
2122;PREMIER SN ADULTO RP BATATA DOCE 1,0 KG;37.11;44.9;0.0
2111;PREMIER SN FILHOTE RP BATATA DOCE 1.0 KG;37.9;45.9;0.0
2660;PREMIER SPITZ ALEMAO ADULTOS 1,0 KG;31.66;50.0;0.0
2470;PREMIER SPITZ ALEMAO FILHOTE;33.32;51.5;0.0
2662;PREMIER YORKSHIRE ADULTOS 1,0 KG;31.66;50.0;0.0
2661;PREMIER YORKSHIRE FILHOTES 1,0 KG;34.26;52.5;0.0
2957;PREVE-GEST 20MG;96.79;145.0;0.0
2958;PREVE-GEST 5MG;57.82;92.5;0.0
2564;PRIMATA MEGA ZOO;62.54;94.0;0.0
1304;PRIMOCICLIN 100MG;23.27;37.9;0.0
1305;PRIMOCICLIN 50 MG;16.81;26.0;0.0
943;PRO BETTA COMIDA;3.59;6.5;0.0
2395;PRO COLUNA;68.07;113.0;0.0
1605;PRO DERMA 30ML;56.87;100.0;0.0
893;PRO FIGADO 30ML;54.93;91.5;0.0
519;PRO RIM 30 ML;64.56;110.5;0.0
2620;PROACT+14G;36.32;58.5;0.0
3087;PROBIOT PET ORGANNACT 6X13 ML;24.03;35.0;0.0
2781;PROBIOTICO PROBMASTER;13.99;25.0;0.0
1918;PROBIOTICO PROBVET E BIOX;12.49;25.0;0.0
2569;PROBIOTICO VETNIL 14G;31.43;66.0;0.0
1612;PRODUTO DESATIVADO;93.77;93.77;0.0
2326;PRODUTO DESATIVADOS;80.01;133.0;0.0
1442;PROGARD PLUS;50.0;11.9;18.99
1874;PROMUN CAT PASTA 27 ML;43.34;67.5;0.0
1456;PROMUN CAT PO 50GRS;57.61;86.4;0.0
2973;PROMUN DEFENSE BOOST CAT 3 ML;42.1;71.5;0.0
2974;PROMUN DEFENSE BOOST DOG 3 ML;42.1;71.5;0.0
2523;PROMUN DOG 50 GR;46.04;74.0;0.0
2524;PROMUN DOG NEO P 60 GRS;52.32;78.5;0.0
2525;PROMUN DOG TABS 52,5 GRS;62.6;93.9;0.0
1553;PROTETOR DE CANTO 50CM ARRANHADOR;26.9;45.0;0.0
1321;PROTETOR DE CANTO 60CM ARRANHADOR;29.9;50.0;0.0
3075;PROTETOR DE COLCHAO IMPERMEAVEL QUEEN 158X198;77.48;77.48;0.0
2088;PUCA MALHA 50CM C/CHUMBO;13.45;24.5;0.0
458;PULEIRO DE PAPAGAIO;34.4;62.0;0.0
110;PULEIRO DIVERSOS TAM;2.53;6.0;0.0
295;PULEIRO P/PAPAGAIO;23.53;45.99;0.0
1147;PULEIROS DE CORTICA;7.67;12.5;0.0
2048;PULVERIZADOR 1,5 LTS;15.0;43.0;0.0
2178;PULVERIZADOR 2,0 LTS;21.92;36.5;0.0
2643;PULVERIZADOR 5 LITOS;58.8;112.0;0.0
1955;PULVERIZADOR COLORIDO 500 ML;3.6;9.5;0.0
2184;PULVERIZADOR GARRAFA PET;6.6;17.9;0.0
3056;PURESNACKS OSSO DEFUMADO 100NATURL;15.0;35.0;0.0
3057;PURESNACKS OSSO MASTIGAVEL;10.0;22.0;0.0
1825;QUARTZ ESSENCIAL 15KG;73.33;120.0;0.0
26;QUARTZ ESSENCIAL VAREJO;4.3;9.5;0.0
1915;QUARTZ FILHOTE R PEQUENA 10 KG;64.38;105.0;0.0
1;QUARTZ FILHOTE RACAS GR VAREJO;6.09;11.0;0.0
1936;QUARTZ FILHOTE RACAS GRANDE 15 KG;92.42;154.0;0.0
1995;QUARTZ FILHOTE RACAS PEQUENA 15KG;91.48;154.0;0.0
352;QUARTZ FILHOTE RP VAREJO;6.25;11.0;0.0
1940;QUARTZ GATO CASTRADO;10.1;78.22;124.5
1942;QUARTZ GATO CASTRADO 15 KG;111.16;183.5;0.0
54;QUARTZ GATO CASTRADO VAREJO;7.01;13.7;0.0
1941;QUARTZ GATO VAREJO;4.64;11.9;0.0
1615;QUARTZ GATOS CAST. FRANGO 10,1KG UN;1.0;82.57;132.0
2760;QUARTZ HARD TRAINING 15KG;88.18;170.0;0.0
1416;QUARTZ RACAS PEQUENA 10,1 KG;65.2;105.0;0.0
1996;QUARTZ RACAS PEQUENA 15 KG;91.47;146.0;0.0
10;QUARTZ RACAS PEQUENA VAREJO;6.24;10.5;0.0
2357;QUARTZ SENIOR 1KG;9.3;16.5;0.0
425;QUARTZ SENIOR RP 10,1 KG;66.14;110.0;0.0
797;QUARTZ SENIOR RP 15 KL;92.69;154.5;0.0
47;QUARTZ SENIOR VAREJO;5.73;15.0;0.0
2057;QUARTZ SUPREME ADULTO 15KG;85.24;140.0;0.0
33;QUARTZ SUPREME ADULTO VAREJO;5.68;10.5;0.0
2158;QUATREE AD CARNE 15KG;68.52;120.0;0.0
25;QUATREE AD CARNE VAREJO;5.46;9.9;0.0
1417;QUATREE ADULTO RMG 20 KG;163.05;236.4;0.0
2100;QUATREE BIFINHOS E PALITOS;2.53;4.9;0.0
1439;QUATREE CARNE 25 KG;147.02;210.0;0.0
57;QUATREE GATO CARNE VAREJO;8.78;14.9;0.0
59;QUATREE GATO CASTRADO MIX COM NUGGETS VAREJO;11.6;18.7;0.0
1994;QUATREE GATO MIX DE CARNE-CAST NUGET 10,1KG;88.72;174.9;0.0
18;QUATREE GATOS CASTRADOS DELICIAS DO MAR VAREJ;9.466;16.9;0.0
2264;QUATREE GOUMERT ADULTO RP 1KG;8.68;19.9;0.0
14;QUATREE GOUMERT ADULTO RP VAREJO;6.73;11.9;0.0
2369;QUATREE GOUMERT FILHOTE 20 KG;121.43;235.9;0.0
5;QUATREE GOUMERT FILHOTE VAREJO;7.55;12.9;0.0
2447;QUATREE GOUMERT GATO FILHOTE 1 KG;9.57;22.9;0.0
27;QUATREE GOUMERT VAREJO;6.37;10.9;0.0
2093;QUATREE GOURMET 15 KG;78.0;140.0;0.0
1910;QUATREE GOURMET AD RP 3KG;22.62;51.9;0.0
2371;QUATREE GOURMET ADULTO RP 10,1KG;60.02;115.9;0.0
2370;QUATREE GOURMET ADULTO RP 20KG;114.76;213.9;0.0
2097;QUATREE GOURMET FILHOTE 10 KG;64.42;124.9;0.0
2626;QUATREE GOURMET FILHOTE 15 KG;120.33;180.9;0.0
180;QUATREE GOURMET FILHOTE 1KG;9.14;21.0;0.0
1725;QUATREE GOURMET FILHOTES 3 KG;23.83;53.9;0.0
1938;QUATREE GOURMET GATO AD CARNE,PEIXE E MIX 1 K;9.09;21.9;0.0
1621;QUATREE GOURMET GATO CARNE 20KG;135.5;265.9;0.0
1758;QUATREE GOURMET GATO CASTRADO MIX CARNES 20KG;168.82;330.9;0.0
69;QUATREE GOURMET GATO FILHOTE VAREJO;7.3;14.9;0.0
2448;QUATREE GOURMET GATO MIX CASTRADO 1 KG;11.7;26.9;0.0
58;QUATREE GOURMET GATO MIX VAREJO;8.26;14.9;0.0
2091;QUATREE GOURMET GATO MIX, CARNE E PEIXE 10,1K;71.22;144.0;0.0
2317;QUATREE GOURMET GATO MIX, CARNE E PEIXE 20KG;135.5;265.9;0.0
1620;QUATREE GOURMET GATO PEIXE 20KG;135.5;265.9;0.0
56;QUATREE GOURMET GATO PEIXE VAREJO;8.78;14.9;0.0
2374;QUATREE GOURMET GATOS CASTRADOS DELICIAS DO M;76.09;149.9;0.0
2244;QUATREE GOURMET GATOS CASTRADOS DELICIAS DO M;10.53;23.9;0.0
3061;QUATREE GOURMET GATOS CASTRADOS DELICIAS DO M;144.77;152.39;0.0
1934;QUATREE GOURMET GATOS CASTRADOS MIX DE CARNES;220.78;330.9;0.0
2372;QUATREE GOURMET GATOS FILHOTES 10,1KG;72.59;144.9;0.0
1614;QUATREE GOURMET GATOS FILHOTES 20KG;139.56;289.8;0.0
2099;QUATREE LIFE 1 KG R.PEQ ARROZ&FRANGO;12.23;27.0;0.0
2233;QUATREE LIFE ADULTO RACAS PEQUENAS FRANGO;10.0;81.47;148.0
2092;QUATREE LIFE ADULTO RMG 15 KG;115.17;220.5;0.0
2367;QUATREE LIFE ADULTO RMG 20 KG;134.99;287.0;0.0
2090;QUATREE LIFE ADULTO RP FRANGO 20 KG;144.34;294.5;0.0
2239;QUATREE LIFE FILHOTE 10 KG;83.85;153.0;0.0
2089;QUATREE LIFE FILHOTE 20 KG;146.99;254.9;0.0
2064;QUATREE LIFE FILHOTE RP 1KG;12.84;29.0;0.0
2559;QUATREE LIFE FILHOTE RP 3KG;35.02;75.9;0.0
35;QUATREE LIFE FILHOTE VAREJO;8.5;14.5;0.0
2065;QUATREE LIFE GATO ADULTO 1 KG;14.33;31.9;0.0
62;QUATREE LIFE GATO CAST VAREJO;10.83;18.5;0.0
2309;QUATREE LIFE GATO CASTRADO FRANGO;10.1;125.08;195.6
2087;QUATREE LIFE GATO CASTRADO SALMAO 20 KG;204.6;392.9;0.0
2368;QUATREE LIFE GATO CASTRADO SALMAO& ARROZ 1KG;14.77;32.8;0.0
2098;QUATREE LIFE GATO CASTRADO10 KG SALMAO OU FR;106.52;195.6;0.0
1718;QUATREE LIFE GATO FILHOTE 1KG;14.56;35.0;0.0
1884;QUATREE LIFE GATO SALMAO FRANGO CASTRADO;20.0;216.7;392.9
2257;QUATREE LIFE GATOS CASTRADOS FRANGO 1KG;14.27;32.8;0.0
2398;QUATREE LIFE GATOS FILHOTE 10,1 KG;122.29;198.5;0.0
41;QUATREE LIFE RACAS PEQ VAREJO;8.14;13.9;0.0
2504;QUATREE LIFE RP 3 KG;33.35;73.0;0.0
3115;QUATREE MIAOW ATUM E SALMAO 56G;12.11;19.9;0.0
3007;QUATREE ORAL STICKS CAES RACAS PEQUENAS 450G;29.08;52.7;0.0
2262;QUATREE SELECT AD FRANGO RMG 15KG;89.52;173.0;0.0
2279;QUATREE SELECT AD RP CARNE E FRANGO 1KG;10.71;23.5;0.0
2344;QUATREE SELECT ADULTO CARNE RMG 15KG;89.52;173.0;0.0
2345;QUATREE SELECT ADULTO CARNE RP 15 KG;89.52;173.0;0.0
2030;QUATREE SELECT ADULTO RP CARNE 10,1 KG;62.09;119.6;0.0
2265;QUATREE SELECT ADULTO RP FRANGO 15KG;89.52;173.0;0.0
1800;QUATREE SELECT ADULTO RP FRANGO 3KG;29.54;66.5;0.0
22;QUATREE SELECT ADULTOS RMG VAREJO;7.38;12.9;0.0
2263;QUATREE SELECT ADULTOS RP CARNE 3KG;27.62;66.5;0.0
13;QUATREE SELECT ADULTOS RP VAREJO;7.42;12.9;0.0
23;QUATREE SELECT CARNE  VAREJO;7.37;12.9;0.0
2278;QUATREE SELECT FILHOTE RP 20KG;132.47;263.9;0.0
2346;QUATREE SELECT FILHOTE RP 3KG;27.29;70.5;0.0
2267;QUATREE SELECT FILHOTES RMG 15KG;95.46;179.5;0.0
3008;QUATREE SELECT FILHOTES RMG 20KG;123.47;218.9;0.0
8;QUATREE SELECT FILHOTES RMG VAREJO;7.83;13.5;0.0
2269;QUATREE SELECT FILHOTES RP 10,1KG;68.96;134.9;0.0
2280;QUATREE SELECT FILHOTES RP 1KG;10.95;25.6;0.0
2283;QUATREE SELECT FILHOTES RP 20KG;152.44;235.9;0.0
6;QUATREE SELECT FILHOTES RP VAREJO;7.91;13.9;0.0
2241;QUATREE SELECT GATO CAST MIX DE CARNE 10KG;101.81;194.0;0.0
2358;QUATREE SELECT GATO CASTRADO FRANGO 3KG;41.9;80.7;0.0
61;QUATREE SELECT GATO CASTRADO FRANGO VAREJO;10.48;17.9;0.0
2592;QUATREE SELECT GATO CASTRADO SENIOR 10KG;113.69;174.8;0.0
60;QUATREE SELECT GATOS AD VAREJO;9.89;16.9;0.0
2271;QUATREE SELECT GATOS ADULTOS 10,1KG;76.9;152.5;0.0
3116;QUATREE SELECT GATOS ADULTOS 1KG;11.83;27.5;0.0
2272;QUATREE SELECT GATOS CAST. FRANG E CAR 10 KG;99.43;172.0;0.0
3117;QUATREE SELECT GATOS CASTRADOS MIX DE CARNES;13.95;32.6;0.0
2924;QUATREE SELECT GATOS CASTRADOS MIX DE CARNES;193.49;386.5;0.0
3009;QUATREE SELECT ONE ADULTOS TODAS AS RACAS FRA;79.04;150.0;0.0
2216;QUATREE SELECT POWER AD TODAS AS RACAS 15 KG;108.39;199.5;0.0
2651;QUATREE SELECT RP FRANGO 10,1 KG;62.09;119.6;0.0
3118;QUATREE SELECT SENIOR 7 RP 10,1KG;71.1;136.7;0.0
3062;QUATREE SELECT SENIOR 7 RP 1KG;11.51;24.6;0.0
3063;QUATREE SNACKS BIFINHOS SABOR CARNE 500G;20.48;31.9;0.0
3064;QUATREE SNACKS BIFINHOS SABOR CHURRASCO 500G;20.48;31.9;0.0
3065;QUATREE SNACKS BIFINHOS SABOR FRANGO 500G;20.48;31.9;0.0
1935;QUATREE SNACKS BISCOITO NATURAL ( TODOS );7.49;11.5;0.0
1804;QUATREE SNACKS CROCK 400 GR ( TODOS );11.89;18.0;0.0
2234;QUATREE SNACKS GATO BOLA DE PELO 60 GR;6.41;10.5;0.0
2143;QUATREE SNACKS NUGGETS GATO BOLA  PELO 150GR;6.41;9.99;0.0
2224;QUATREE SNACKS STICKS;5.66;10.6;0.0
2161;QUATREE SNAKCS RACAS MEDIAS E GRANDES;6.39;11.5;0.0
2759;QUATREE SUPREME AD LIGHT / CASTRADO;0.0;274.9;0.0
2273;QUATREE SUPREME AD RMG VAREJO;10.62;17.9;0.0
2246;QUATREE SUPREME AD RP 10,1KG;100.96;189.9;0.0
45;QUATREE SUPREME AD RP VAREJO;10.84;18.9;0.0
2155;QUATREE SUPREME ADULTO RACAS PEQ 1KG;15.83;31.9;0.0
2243;QUATREE SUPREME ADULTO RMG 15KG;142.71;261.8;0.0
1798;QUATREE SUPREME ADULTO RP 1 KG;19.17;35.0;0.0
2276;QUATREE SUPREME ADULTOS RP 15KG;145.57;266.5;0.0
3010;QUATREE SUPREME ADULTOS RP 2,5KG;37.2;80.9;0.0
2291;QUATREE SUPREME ADULTOS RP 3KG;40.57;89.9;0.0
3011;QUATREE SUPREME CAO LIGHT CASTRADO ADULTO RP;38.59;82.5;0.0
2373;QUATREE SUPREME DERMATO TODAS AS RACAS 3 KG;65.5;111.9;0.0
2554;QUATREE SUPREME FILHOTE RMG 10 KG;119.0;187.0;0.0
2277;QUATREE SUPREME FILHOTE RMG 15 KG;174.0;282.0;0.0
2282;QUATREE SUPREME FILHOTE RP 15KG;149.94;278.5;0.0
1916;QUATREE SUPREME FILHOTE RP 3KG;41.83;92.9;0.0
40;QUATREE SUPREME FILHOTE RP VAREJO;10.65;18.9;0.0
2245;QUATREE SUPREME FILHOTES RP 10,1KG;103.98;194.8;0.0
2261;QUATREE SUPREME FILHOTES RP 1KG;16.2;36.5;0.0
3012;QUATREE SUPREME FILHOTES RP 2,5KG;38.07;82.5;0.0
743;QUATREE SUPREME GATO CAST SALMAO OU FRANGO;1.0;15.92;24.9
914;QUATREE SUPREME GATO CASTRADO FRANGO OU SALMA;118.07;228.9;0.0
2366;QUATREE SUPREME GATO CASTRADO SAL/FR 3KG;51.52;87.9;0.0
2503;QUATREE SUPREME GATO CASTRADO SENIO 7+;151.29;241.5;0.0
2266;QUATREE SUPREME GATOS ADULTOS 10.1KG;114.65;227.0;0.0
2365;QUATREE SUPREME GATOS CASTRADOS FRANGO 3KG;51.52;87.9;0.0
2274;QUATREE SUPREME GATOS FILHOTES 10.1KG;121.82;231.9;0.0
2989;QUATREE SUPREME GATOS FILHOTES 1KG;14.28;24.9;0.0
2242;QUATREE SUPREME LIGHT ADULTO 3KG;52.85;92.9;0.0
1860;QUATREE SUPREME SENIOR +7 RMG 15 KG;208.0;274.5;0.0
370;QUATREE SUPREME SENIOR +7 RP 1 KG;16.52;37.5;0.0
904;QUATREE SUPREME SENIOR;10.1;117.85;200.5
2085;QUATREE SUPREME SENIOR 3 KG;42.39;97.9;0.0
3013;QUATREE SUPREME SENIOR 7 RP 2,5KG;38.82;85.5;0.0
2343;QUATREE SUPREME SENIOR RP;10.1;106.0;211.0
2530;QUERANON 15 KG 30 CAPS;53.64;88.5;0.0
2763;QUERANON 30 COMP 15KG;64.06;102.5;0.0
2528;QUERANON 5 KG 30 CAPS;35.3;50.5;0.0
2976;QUERANON LB 30 COMP;102.1;164.0;0.0
2529;QUERANON SS 30 COMPRIMIDOS;42.24;63.5;0.0
2581;QUETIN 10KG 60 COMPRIMIDOS;73.79;119.0;0.0
2582;QUETIN 30KG 60 COMPRIMIDOS;128.39;205.5;0.0
3076;R. GATOS BILLY CAT SELECT FRANGO 15 KG;80.29;120.0;0.0
487;RAIO MOSCA 100 ML;2.5;8.0;0.0
2351;RAQUEADEIRA RASTELO;1.32;3.0;0.0
1662;RASQUEADEIRA  CABO DE PLASTICO N3;9.9;16.9;0.0
1755;RASQUEADEIRA AUTO LIMPANTE 13CM;7.97;13.9;0.0
1510;RASQUEADEIRA CABO PLASTICO  N;1.0;3.99;12.5
2940;RASQUEADEIRA CERDAS ACO CABO MAD.2 G;8.79;17.8;0.0
2942;RASQUEADEIRA CERDAS ACO CABO MAD.3 EX.G;12.68;25.5;0.0
2943;RASQUEADEIRA CERDAS ACO CABO MAD.4 EX.GG;17.92;36.0;0.0
1512;RASQUEADEIRA DUPLA 17X10;10.49;17.8;0.0
2425;RASQUEADEIRA MACIA CHALESCO;9.6;15.5;0.0
2426;RASQUEADEIRA PRATICA;8.7;17.5;0.0
434;RASQUEADEIRA PROF;2.0;8.67;14.5
454;RASQUEADEIRA SUPER CLEAN BIG 17,5 CM;9.38;26.0;0.0
2579;RASQUEADERA D PETS MAGICA M;11.49;19.5;0.0
2941;RASQUEAEIRA CERDAS ACO CABO MAD.1 P;8.32;16.8;0.0
1714;RASTELO MEDIO;4.0;9.5;0.0
1951;RATICIDA BLOCO (UNIDADE );1.05;2.5;0.0
1158;RATICIDA DIVERSOS;0.58;2.5;0.0
801;RATINHO VINIL;0.76;6.0;0.0
727;RATOEIRA ADESIVA COLA RATO;2.71;6.0;0.0
1748;RATOEIRA ARMADILHA ALTA PRESSAO GALVANIZADA;28.35;42.5;0.0
393;RATOEIRA DE METAL GRANDE;12.3;24.0;0.0
1425;RATOEIRA DE METAL TAMANHO P;5.63;11.0;0.0
1311;REAGENTE  DE CLORO E PH;8.19;13.4;0.0
555;REAGENTE DE PH PHENOL;8.14;13.0;0.0
716;REDE DE GATO PELUCIA;22.99;39.0;0.0
1378;REDUTOR DE PH GENCO DE 1 KG;20.3;32.5;0.0
2535;REFIL + PORTA SACO C/ 2 ROLO;9.9;16.9;0.0
2427;REFIL POP BAG GEL;17.36;26.0;0.0
2583;REFOS DERME 30 COMPRIMIDOS;64.96;104.0;0.0
2621;RELAX;37.16;59.9;0.0
2871;REVIMAX 50MG X 30 COMP;96.27;155.0;0.0
2595;REVOLUTION 12% CAO DE 10 A 20KG;68.76;104.0;0.0
634;REVOLUTION 12% PIPETA 5,1 A 10KG;12.07;84.0;0.0
2594;REVOLUTION 6% GATO 2,6 A 7,5KG PIPETAS;45.31;77.0;0.0
2205;RIFOTRAT SPRAY 20 ML;9.25;15.8;0.0
2159;RODA DE HAMISTER;6.41;12.0;0.0
744;RODILON 25GRI;2.38;4.0;0.0
2443;ROTULA BOVINA;5.22;8.5;0.0
2414;ROUPA POP SOFT G;13.65;27.3;0.0
2415;ROUPA POP SOFT GG;17.85;35.7;0.0
2412;ROUPA POP SOFT M;11.55;23.0;0.0
2410;ROUPA POP SOFT MINI;5.25;10.5;0.0
2413;ROUPA POP SOFT P;9.45;18.9;0.0
2411;ROUPA POP SOFT PP;6.82;13.6;0.0
2416;ROUPA POP SOFT XG;21.0;42.0;0.0
2167;ROUPA SOFT N;26.0;26.9;70.0
184;ROUPA SOFT N;28.0;36.9;72.0
1663;ROUPA SOFT N0;8.99;15.0;0.0
1664;ROUPA SOFT N1;7.5;16.0;0.0
1673;ROUPA SOFT N10;19.13;43.0;0.0
1674;ROUPA SOFT N11;23.03;41.99;0.0
1129;ROUPA SOFT N12;20.89;48.5;0.0
1974;ROUPA SOFT N14;25.29;60.0;0.0
476;ROUPA SOFT N16;16.9;60.0;0.0
1130;ROUPA SOFT N18;17.9;63.0;0.0
1665;ROUPA SOFT N2;12.75;26.5;0.0
1668;ROUPA SOFT N20;19.9;67.0;0.0
1675;ROUPA SOFT N22;20.9;68.0;0.0
1666;ROUPA SOFT N3;9.9;19.8;0.0
1667;ROUPA SOFT N4;14.73;28.0;0.0
1976;ROUPA SOFT N5;14.9;27.0;0.0
1669;ROUPA SOFT N6;15.94;35.5;0.0
1670;ROUPA SOFT N7;15.9;30.0;0.0
1671;ROUPA SOFT N8;20.71;41.0;0.0
1672;ROUPA SOFT N9;17.9;36.0;0.0
1774;ROUPA TIP TOP MACACAO G;26.66;45.5;0.0
2170;ROUPA TIP TOP MACACAO GG;31.44;53.5;0.0
961;ROUPA TIP TOP MACACAO M;22.18;37.7;0.0
962;ROUPA TIP TOP MACACAO P;18.98;32.0;0.0
182;ROUPA TIP TOP MACACAO XGG;36.75;62.5;0.0
2836;ROYAL CANIN RECOVERY 195GR;31.52;50.5;0.0
1796;SABAO SARNAVET  80 GR;7.78;14.8;0.0
1817;SABIKI MARINE SPORTS IMPORTADO 12 A0;20.0;6.21;10.5
1764;SABIKI N-12;14.0;16.0;20.0
1838;SABONETE (TODOS) CLUB;4.99;9.0;0.0
1409;SABONETE ANTIPULGAS DUGS;4.22;10.0;0.0
903;SABONETE ANTIPULGAS PULGOL 80G;5.02;9.5;0.0
183;SABONETE CAO FIEL ANTIPULGAS 90GR;5.81;9.5;0.0
1257;SABONETE CLOREXIDINA 80 GR;7.55;12.0;0.0
2053;SABONETE DA GRANADO GLICERINA E COCO 390G;5.48;12.0;0.0
299;SABONETE MATACURA SARNICIDA 80 G;5.99;12.5;0.0
181;SABONETE PET CLEAN VARIOS;5.69;10.0;0.0
2025;SABONETE PET LIFE ( TODOS );3.99;8.0;0.0
186;SABONETE PROCANINE OLEO DE NEEM 80G;3.7;6.99;0.0
2468;SABONETE PULKILL - 80GR;5.23;9.5;0.0
300;SABONETE SANOL  ( TODOS );5.44;10.0;0.0
1028;SABONETE SARNATYL MEDICINAL 100G;5.99;12.5;0.0
1836;SABONETE TIURAN;15.55;26.5;0.0
1211;SABONETES DUGS ANT PUGAS;4.41;8.5;0.0
2192;SABOR NO BICO CURIO 500ML;8.5;13.6;0.0
2073;SABOR NO BICO PASSARO PRETO 500GR;7.3;12.5;0.0
1698;SACHE CAO PEDIGRE;1.94;4.0;0.0
1819;SACHE CAO PEDIGREE;1.99;4.0;0.0
2572;SACHE FRISKIES TODOS OS SABORES;2.29;4.0;0.0
1900;SACHE GATO;1.91;4.0;0.0
2467;SACHE GOLDEN GATO OU CAO;2.7;4.0;0.0
2379;SACHE QUATREE;1.86;4.0;0.0
2881;SACO COLETOR CATA CACA;1.2;2.5;0.0
517;SACO DE BISCOITO (VAREJO);0.0;2.0;0.0
1816;SACO DE LIXO DE 200 LTS;40.0;55.0;0.0
1815;SACO DE RACAO VAZIO;1.0;1.0;0.0
1161;SACOLA 43X54;20.0;26.5;0.0
378;SANAGOGO 20ML;11.57;24.5;0.0
187;SANITARIO PARA CAES;19.9;34.0;0.0
2728;SANITARIO PARA GATOS CAT LIGHT ECO (ROSA,PRET;10.8;19.0;0.0
2998;SANITARIO WC CAT BOX POP AZUL;79.99;132.0;0.0
1739;SANOL DEO COL.FEMEA N 1 120ML;14.29;26.5;0.0
1740;SANOL DEO COL.FILHOTE 3 120ML;13.99;26.5;0.0
1741;SANOL DEO COL.MACHO 4 120ML;14.29;28.5;0.0
1574;SANOL DEO COLONIA ( TODOS);15.42;26.5;0.0
1799;SANOL ELIMINADORES DE ODORES (TODOS);9.19;15.6;0.0
3003;SANOL KIT PRESENTEAVEL DOG AZUL;2025.0;67.24;67.24
2843;SANOL SH NOVAPIEL 500ML;31.99;57.5;0.0
2705;SANOL SH. ANTIPULGA 500ML;14.97;24.0;0.0
2838;SANOL SH. CARAMELO 500ML;11.77;21.8;0.0
2706;SANOL SH. FILHOTE 500ML;11.99;21.8;0.0
2707;SANOL SH. PELO CLARO 500ML;11.99;21.8;0.0
2708;SANOL SH. PELO ESCURO 500ML;11.99;21.8;0.0
2709;SANOL SH. SENIOR 500ML;15.99;25.9;0.0
2839;SANOL SH.NEUTRALIZADOR ODORES 500ML;19.49;35.0;0.0
2710;SANOL SH.TONALIZANTE PELO CLARO 500ML;15.99;25.9;0.0
2909;SANOL SHAMPOO MELANCIA 500ML;14.57;22.0;0.0
1694;SANOL SHAMPOO MELAO 500ML;13.29;22.0;0.0
2910;SANOL SHAMPOO MORANGO C/IOGURTE 500ML;14.57;22.0;0.0
2711;SANOL SHAMPOO NEUTRO 500ML;11.99;21.8;0.0
1695;SANOL SHAMPOO ROEDORES E COELHOS VET 500ML;18.25;31.0;0.0
2712;SANOL SHAMPOO/CONDICIONADOR(CITRUS)500ML;11.99;21.8;0.0
2911;SANOL TALCO ANTIPULGAS 100G;17.54;26.0;0.0
2290;SAPINHO;6.0;9.5;0.0
2949;SAPINHO BRINQ SWEET;10.65;21.0;0.0
976;SAPORITO MAMAO 400 GR;14.55;23.8;0.0
1634;SAPORITO MAMAO 400GR;14.73;22.0;0.0
1034;SAPORITO MIX 500 GR;10.59;16.7;0.0
87;SAPORITO MIX KG;15.18;24.0;0.0
1646;SARCOPEN VET 30 SACHES;5.19;9.5;0.0
2328;SARNATICK;30.47;45.5;0.0
373;SARNIRAM 30ML;9.61;18.5;0.0
2359;SARNIRAN 30ML;8.99;18.5;0.0
3088;SEBOLYTIC SIS 250 ML;149.28;215.0;0.0
1333;SEC LAC 20 C/ 16 PASTILHAS;157.55;204.0;0.0
708;SEC LAC 5 0,5 C/16 PASTILHAS;83.32;137.5;0.0
2502;SECA XIXI GENIAL;19.9;32.0;0.0
3103;SELECTA COLEIRO EXTRUSADO NATURAL 360GR;22.66;36.5;0.0
3104;SELECTA TRINCA FERRO 300GR;21.32;36.5;0.0
777;SEMENTE DIVERSAS;1.11;2.5;0.0
2417;SEMENTOX 250 GR;2.47;7.5;0.0
103;SENHA 100 GR;5.6;16.5;0.0
1657;SENIOX 1000 MG 30 CAPSULAS;116.15;192.0;0.0
2603;SENIOX;500.0;60.78;97.5
1645;SENIOX T 30 CAPSULAS;130.73;217.0;0.0
2769;SEREN 30G;64.98;103.0;0.0
2770;SEREN SNACKS C/30 TABLETES;72.33;114.0;0.0
2588;SERENLAC 225MG;97.49;156.0;0.0
2587;SERENLAC 75MG;61.25;102.0;0.0
2069;SERESTO ACIMA DE 8 KG;126.06;180.0;0.0
1721;SERESTO ATE 8 KG;107.73;162.0;0.0
1837;SERINGA P/PASSARO MEDIA;6.65;16.0;0.0
1885;SERINGA PARA PASSAROS GRANDE;12.9;21.9;0.0
679;SERINGA PASSARO PEQUENO;4.99;14.5;0.0
2788;SHAMPOO CETOCONAZOL IBASA 100ML;41.26;71.0;0.0
2856;SHAMPOO CLORESTEN 200ML;71.12;118.0;0.0
157;SHAMPOO CLOREXIDINA WORLD 500ML;14.99;30.5;0.0
1127;SHAMPOO DERMOCLEAN CLOREXIDINA 500ML;14.99;27.0;0.0
2166;SHAMPOO DUGS ANT PUGAS 500 ML;7.99;18.5;0.0
1015;SHAMPOO E CONDICIONADOR PROCANINE (TODOS);7.4;15.0;0.0
2400;SHAMPOO E CONDICIONADOR SANOL (TODOS);14.97;24.0;0.0
1303;SHAMPOO NOVAPIEL CAVALO 250ML;15.99;27.5;0.0
2534;SHAMPOO PETCLEAN 700 ML ( TODOS );7.5;16.0;0.0
174;SHAMPOO PREVEMPET ANT PULGA 500 ML;6.49;14.5;0.0
1185;SHAMPOO PREVIN 500 ML;27.87;41.8;0.0
369;SHAMPOO SANOL ANTIPULGAS;14.97;24.0;0.0
1855;SHEBA PETISCO CREMOSO 2X12;6.51;11.5;0.0
784;SILICA CHALESCO 1,8KG;21.0;35.7;0.0
1985;SILMOX CL 300 MG;64.02;112.0;0.0
721;SILMOX CL 50 MG;34.28;60.5;0.0
2307;SILMOX DE 150 MG;47.1;79.5;0.0
111;SILVESTRE ESPECIAL VAREJO;8.0;16.5;0.0
1829;SIMPARIC 10MG 2,6 A 5 KG;51.54;80.5;0.0
1833;SIMPARIC 120MG 40,1 A 60 KG;87.73;136.0;0.0
1832;SIMPARIC 20 MG - 3 COMPR. (5,1 - 10 KG);53.81;84.0;0.0
1842;SIMPARIC 40 MG - 3 COMPR. (10,1 - 20 KG);63.1;108.0;0.0
1828;SIMPARIC 5MG 1,3 A 2,5 KG;45.59;68.5;0.0
1854;SIMPARIC 80 MG - 3 COMPR. (20,1 - 40 KG);78.14;120.0;0.0
3058;SIMPARIC _ TRIO 12 MG 3 COMPR (5,1 - 10 KG);52.48;92.0;0.0
3059;SIMPARIC _ TRIO 48 MG 3 COMPR (20,1 - 40 KG);71.26;129.0;0.0
3060;SIMPARIC _ TRIO 6 MG 3 COMPR (2,6 - 5 KG);49.42;87.0;0.0
605;SIMPEX PLUS 30 A;50.0;39.9;80.0
1018;SMART FELINE 25 KG;115.0;207.0;0.0
1587;SOLUCAO PARA ANALISE DE CLORO;6.9;14.0;0.0
2313;SORO CINOGLOBULIM 0ML;17.37;28.0;0.0
1928;SOS AGUAS TURVAS HTH;18.75;28.9;0.0
2783;SP.FUNNY CAT FRANGO 50G;3.11;5.5;0.0
2784;SP.FUNNY CAT SALMAO 50G;3.11;5.5;0.0
2785;SP.FUNNY DOG CARNE 80G;4.04;7.0;0.0
2786;SP.FUNNY DOG FRANGO 80G;4.04;7.0;0.0
2508;SPIN FIT PALITO;7.5;11.5;0.0
1454;SPOT VET ABAIXO DE 15 KG;10.0;16.0;0.0
2040;SPRAY BUCAL PET CLEAN;10.19;17.0;0.0
1924;SPRAY BUCAL PET CLEN 120ML ( TODOS );10.19;17.5;0.0
2138;STIMO TON PRO 125 ML;22.49;69.5;0.0
2130;STIMO TON PRO 30ML;26.12;48.0;0.0
1742;STOP  ANTI DIARREICO;2.56;7.0;0.0
366;STRONDAL COMPOSTO 4 COMPRIMIDOS;4.29;9.5;0.0
365;STRONDAL PLUS VERMIFUGO 4 COMPRIMIDOS;8.1;12.99;0.0
2386;SULFATO HIDROAZUL 2KG;13.49;22.0;0.0
430;SUPER COLEIRO 100 GR;2.8;7.0;0.0
1181;SUPLEMENTO 100 PS;6.9;13.9;0.0
1852;SUPRA MIX COLEIRO 500 GR;3.76;8.5;0.0
1779;SUPRA MIX TENEBRIO 500 GR;9.6;18.0;0.0
1949;SUPRA MIX TORNEIO 500 GR;9.8;20.0;0.0
2388;SUUPRA MIX CURIO 500G;4.16;9.0;0.0
1099;SYMBIOPLEX SNACKS (TODOS);22.0;34.0;0.0
1423;TALCO ANTIPULGAS PULGOL 100GR;7.96;15.0;0.0
1763;TALCO CAT DOG (TODOS);6.99;14.0;0.0
2533;TALCO PETCEAN ( TODOS );7.78;12.5;0.0
401;TALFON 100GR;2.8;4.5;0.0
1601;TALOS DE MADEIRA P/ ROEDORES;14.45;21.5;0.0
2549;TAPETE CHALESCO C/ 30 UNIDADES;53.17;88.0;0.0
936;TAPETE CHALESCO C/7 UNIDADE;12.49;21.0;0.0
1290;TAPETE GELADO - GREAT FRESH (AZUL E ROSA);45.92;90.5;0.0
2887;TAPETE HIG ULTRA SECAO BRANCO C/30UNIDADES;41.64;79.5;0.0
1288;TAPETE HIG ULTRA SECAO BRANCO C/7UNIDADES;10.64;21.0;0.0
2888;TAPETE HIG ULTRA SECAO PRETO C/30UNIDADES;46.48;88.0;0.0
2109;TAPETE HIGIENICO  CONFORT PADS 60X C/7 UNID;13.04;21.5;0.0
194;TAPETE HIGIENICO GREATPETS X-DRY 30 UNIDADES;62.94;97.5;0.0
1775;TAPETE HIGIENICO PRIMORE SLIM CARVO ATIV;34.9;60.0;0.0
1904;TAPETE HIGIENICO TAPETIM 60X60CM - 30UNIDADES;28.08;53.0;0.0
1496;TAPETE HIGIENICO TAPETIM 60X60CM - 7UNIDADES;7.74;16.0;0.0
2112;TAPETE HIGIENICO TAPETIM 80X60CM - 30UNIDADES;33.89;66.5;0.0
3107;TAPETE HIGIENICO ULTRA SECAO MAX (90/90);27.03;95.0;0.0
2056;TAPETE LAVAVEL;23.9;38.0;0.0
320;TAPETE LAVAVEL COLORIDO PET XIXI PROCANINE;16.9;34.0;0.0
2223;TAPETE UNIDADE;1.53;3.0;0.0
2139;TAXA ENTREGA;0.0;0.0;0.0
2906;TEARS 0008 - UN;120.9;194.0;0.0
3123;TEC - COLA TEK BOND 793 CX C/10X20 G;7.99;13.0;0.0
1628;TELA GALINHEIRO 1,50X50M;4.58;11.0;0.0
898;TELA GALINHEIRO PLASTICA PTA 1,50X50M;5.0;9.5;0.0
470;TELA MOSQUITEIRO;1.2;3.96;7.5
2462;TELA MOSQUITEIRO;1.5;3.55;7.0
391;TELA PINTEIRO GALVANIZADO;6.32;12.0;0.0
1446;TELA PINTEIRO PLASTICA PTA 1,0X50M TECNYL;3.52;8.5;0.0
1424;TELA SOMBREIRO 70 POR CENTO 3,0X50M SOLPACK;6.48;11.0;0.0
1893;TELA VIVEIRO GALVANIZADA QT F24A100 1M1/2 50M;5.3;14.0;0.0
322;TELA VIVEIRO PLASTICA PTA 1,0X50M TECNYL;3.46;8.5;0.0
2858;TERMOMETRO DE CRISTAL LIQUIDO PARA AQUARIO EL;7.59;16.0;0.0
1603;TERRA ADUBADA 10KG;6.5;15.0;0.0
2037;TERRA ADUBADA 20 KG;8.5;20.0;0.0
2921;TERRA ADUBADA 3KG;3.5;7.0;0.0
725;TERRA ADUBADA 5KG;5.0;10.0;0.0
2023;TERRA COTRIL 125ML;23.25;39.5;0.0
1868;TERRAMICINA PO SOLUVEL 100G ZOETIS;31.25;50.5;0.0
3069;TESOURA P 10X6CM P GATOS;9.46;16.5;0.0
377;THUYA;6.04;16.5;0.0
94;TICO TICO ESPECIAL C/ LARVAS;12.6;21.0;0.0
92;TICO TICO ESPECIAL KG;8.9;22.5;0.0
93;TICO TICO MIX;3.71;15.0;0.0
2420;TIGELA INOX 1 360ML;6.46;11.0;0.0
2421;TIGELA INOX 2 750 ML;9.55;16.5;0.0
2500;TIGELA INOX 3 2400ML;20.23;34.5;0.0
2501;TIGELA INOX 4 1400ML;14.39;24.5;0.0
2445;TIRAS DE CARNE 50 G;5.04;8.5;0.0
178;TIURAN AEROSOL SPRAY;35.59;53.5;0.0
2382;TOBRASYN OFTALMO;60.08;98.5;0.0
2213;TOP DOG 10 KG 4 COMPRIMIDO;56.01;89.5;0.0
1939;TOP DOG 2,5 KG 4 COMPRIMIDOS;29.03;44.5;0.0
752;TOP DOG 30KG 2 COMPR;69.15;105.5;0.0
2201;TOP GARD VERMIFUGO 4 COMP.;6.2;12.0;0.0
2474;TOP GEL 24X100G * IBASA;26.82;45.0;0.0
84;TORNEIO JILO KG;10.02;24.0;0.0
1738;TORTA DE MAMONA 1 KG;14.85;23.8;0.0
2212;TORTA NEEM 150 GG;7.95;12.9;0.0
3017;TOSS - PET XAROPE 90ML;28.86;49.0;0.0
1623;TOSSICANIS 90 ML;31.0;51.5;0.0
1059;TOTALIS MAXI;46.3;69.0;0.0
897;TOTALIS MEDIUM;35.2;44.0;0.0
902;TOTALIS MINI C/02COMP;17.6;26.5;0.0
271;TRANPORTE DE CALOPSITA PETPIU;0.01;38.0;0.0
1592;TRANSP PAPELAO CALOPSITA, ETC - CMYK (EMB;20.0;0.58;11.51
1746;TRANSPORTE DE CALOPSITA COLORIDO;18.9;32.0;0.0
1757;TRANSPORTE MEC NUMERO;2.0;21.95;40.0
1720;TRANSPORTE MEC NUMERO;3.0;29.9;79.0
2444;TRANSPORTE MEC NUMERO;4.0;54.9;89.9
504;TRANSPORTE MEC NUMERO;5.0;64.0;105.6
2644;TRANSPORTE PATA FORTE N1;28.6;48.0;0.0
1016;TRANSPORTE PATA FORTE N2;44.9;76.0;0.0
2645;TRANSPORTE PATA FORTE N3;68.13;114.0;0.0
2646;TRANSPORTE PATA FORTE N4;102.5;184.0;0.0
955;TRANSPORTE PODIUM N 1 VARIAS CORES;18.62;32.0;0.0
1703;TRAQUEIA BOVINA C/2UN-PROCANINE;6.9;12.0;0.0
2174;TRATADORES DE PASSAROS;25.47;45.0;0.0
2396;TRAUMA 30ML;62.12;103.5;0.0
1051;TRIATOX 200 ML;32.99;62.5;0.0
1143;TRINCA 500 GR ( VARIOS SABORES );5.5;11.9;0.0
83;TRINCA BANANA VAREJO;11.26;22.0;0.0
89;TRINCA ESPECIAL TENEBRIO KG;12.84;24.0;0.0
2288;TRINCA FERRO ENERGETICA;12.5;21.0;0.0
2390;TRINCA FERRO TORNEIO;15.0;24.0;0.0
85;TRINCA FLOCADA COM MAMAO;6.46;24.0;0.0
88;TRINCA INSETO;8.52;24.0;0.0
2794;TRINCA INSETO KG;27.48;62.0;0.0
896;TRINCA JABUTICABA BALDE C GRILO E LARVA;18.5;29.6;0.0
90;TRINCA JILO KG;11.26;22.0;0.0
662;TRINCA KIWI C/ FRUTAS;11.78;19.0;0.0
81;TRINCA MAMAO;9.32;20.5;0.0
80;TRINCA MILHO VERDE KG;9.1;23.0;0.0
91;TRINCA PIMENTA KG;10.96;23.0;0.0
82;TRINCA SEMENTE KG;8.13;20.0;0.0
2389;TRINCA TENEBRIO;8.27;20.0;0.0
102;TRINCA TURBINADAS COM FRUTAS E LARVAS VAREJO;14.26;22.7;0.0
86;TRINCA TURBIRNADAS C/ LARVAS E FRUTAS KG;12.6;22.7;0.0
1357;TRISSULFILN 100 GR;14.83;30.0;0.0
2194;TRISSULFIN 50GR;7.16;11.5;0.0
2629;TRISSULFIN SID 1600MG COM 10 COMPRIMIDOS;178.95;268.0;0.0
890;TRISSULFIN SID 400MG COM  10 COMPRIMIDOS;41.44;70.0;0.0
1886;TROPI BETTA 12G;4.86;9.0;0.0
1926;TUBO CRISTAL PARA AQUARIO;1.25;4.0;0.0
2507;TUBOS CATNIC C/2;11.36;18.5;0.0
2537;TURTLE TARTARUGA 270 G;43.15;73.5;0.0
641;TURTLE TARTARUGA 75G;16.45;28.0;0.0
1299;TUSSEDAN XAROPE 100 ML;34.08;54.5;0.0
138;TYLOTRAT 20ML;14.72;33.0;0.0
298;UNGUENTO 50GR;9.49;14.5;0.0
2585;UP FLORA 8 CAPSULAS;84.52;143.5;0.0
367;V-CORT CX C/20 COMPRIMIDOS;9.79;16.5;0.0
1236;VACINA;9.663;17.0;0.0
2532;VACINA ANTIRABICA;8.99;18.0;0.0
2150;VARA DE PESCA;35.0;85.0;0.0
2746;VARA PARA GATO COM PEIXE;13.96;0.0;0.0
2747;VARA PARA GATO RATO NA PONTA V-12;7.03;0.0;0.0
1676;VARINHA P/GATO NAPI;8.84;17.5;0.0
1931;VARINHAS PARA GATOS COM RATOS NA PONTA;8.0;16.0;0.0
130;VERMEX PLUS 20 ML;13.5;23.5;0.0
926;VERMIVET COMPOSTO PARA CAES E GATOS 600 MG;5.21;10.0;0.0
331;VERMIVET FILHOTE 20ML;31.02;51.5;0.0
2483;VERMIVET GATO COMPOSTO;26.34;43.5;0.0
769;VERMIVET PLUS 2G C/2 COMPRIMIDO;36.6;57.5;0.0
2293;VERMIVET PLUS 330 MG;12.69;18.0;0.0
306;VERMIVET PLUS 660 MG;23.62;37.5;0.0
2925;VERMOTRIX PLUS BABY 20ML;8.99;22.0;0.0
2074;VESTIDO ANGEL PET G;19.04;38.0;0.0
153;VESTIDO ANGEL PET GG;20.17;40.5;0.0
567;VESTIDO ANGEL PET M;19.04;38.0;0.0
152;VESTIDO ANGEL PETS P E PP;17.23;34.5;0.0
1789;VESTIDO G;13.88;27.8;0.0
2380;VESTIDO LYCRA TODOS OS TAMANHOS;10.0;20.0;0.0
1196;VESTIDO M;12.18;24.5;0.0
1788;VESTIDO P;10.83;21.7;0.0
1861;VESTIDO PP;9.45;18.9;0.0
1786;VESTIDO PREMIUM MALHA ( TODOS );10.75;21.5;0.0
2408;VESTIDO SOFT ESTAMPADO G;31.5;53.5;0.0
2409;VESTIDO SOFT ESTAMPADO GG;37.8;64.5;0.0
2407;VESTIDO SOFT ESTAMPADO M;27.3;46.4;0.0
2406;VESTIDO SOFT ESTAMPADO P;21.0;35.7;0.0
2405;VESTIDO SOFT ESTAMPADO PP;16.8;28.5;0.0
1975;VESTIDO SOFT TAMANHOS;14.27;32.0;0.0
925;VESTIDOS AMAR/VERM/ ROSA;35.0;56.0;0.0
2755;VET FAR - CALMAPET 30ML;14.97;30.0;0.0
2981;VET NAT CAN ADT GASTRO INTESTINAL 2KG;106.54;159.99;0.0
2982;VET NAT CAN ADT HYPO 2KG;121.89;186.0;0.0
2885;VET NAT CAN ADT URINARY STRUVITE 2KG;122.28;180.0;0.0
2983;VET NAT FEL ADT RENAL 0,4KG;29.39;48.0;0.0
2984;VET NAT FEL ADT URINARY STRUVITE 0,4KG;29.39;48.0;0.0
2985;VET NAT WET CAN ADT CONVALESCENCE 0,3KG;27.45;49.9;0.0
2986;VET NAT WET CAN ADT GASTRO INTESTINAL 0,3KG;27.45;49.9;0.0
2987;VET NAT WET CAN ADT HYPO FISH 0,3KG;27.45;49.9;0.0
2988;VET NAT WET CAN ADT RENAL 0,3KG;25.01;49.9;0.0
2886;VET NAT WET CAN ADT STRUVITE 0,3KG;29.97;49.9;0.0
2702;VETAGLOS POMADA 20G;42.21;70.0;0.0
2628;VETMAX PLUS 4 COMPRIMIDOS;23.45;38.9;0.0
2703;VETMAX PLUS SUSPENSAO 30ML;39.13;73.5;0.0
2571;VETNIDAZOL;300.0;81.75;130.0
2570;VETNIDAZOL;75.0;50.31;83.5
793;VIAGRINHA;3.48;6.5;0.0
1606;VISION PET 30ML;63.95;112.0;0.0
2391;VITA AMARELA 200G;2.23;4.0;0.0
2550;VITA C;29.5;44.5;0.0
2623;VITA NATURAL FILHOTES RP 10KG;98.21;142.4;0.0
362;VITAGOLD 20ML;11.92;20.5;0.0
2590;VITTA NATURAL AD CARNE E MINIBTS 15KG;108.52;160.0;0.0
31;VITTA NATURAL AD E RACA PEQ. VAREJO;6.57;13.0;0.0
2625;VITTA NATURAL CAES AD CARNE E ARROZ 15 KG;101.98;155.0;0.0
2696;VITTA NATURAL CAES ADULTOS CARNE/ARROZ 15 KG;94.7;160.0;0.0
2698;VITTA NATURAL CAES ADULTOS FRANGO/CEREAIS;15.0;110.4;160.0
2697;VITTA NATURAL CAES ADULTOS RACAS PEQUENAS CAR;94.7;155.0;0.0
2830;VITTA NATURAL CAES ADULTOS RACAS PEQUENAS FRA;99.36;154.0;0.0
2699;VITTA NATURAL CAES FILHOTES RACAS PEQUENAS FR;91.2;138.0;0.0
46;VITTA NATURAL FILHOTE FRANGO VAREJO;9.4;17.5;0.0
1706;VIVEIRO CALOPSITA TRIPLEX-R1404-VERMELHO;215.0;430.0;0.0
1705;VIVEIRO CALOPSITA TRIPLEX-R1405-AZUL;215.0;430.0;0.0
1823;VIVEIRO CLASSIC N1;120.18;210.0;0.0
1563;VIVEIRO CLASSIC N2;141.65;249.0;0.0
846;VIVEIRO CLASSIC N3;174.3;305.0;0.0
763;VIVEIRO CLASSICO V-35 COLOR BANDEJA PLASTICA;139.0;231.0;0.0
1227;VIVEIRO DOBRAVEL GRANDE C/BANDEJA;149.64;239.42;0.0
845;VIVEIRO MINI VIVEIRO CALOPSITA MANSA EPOXI;154.99;263.0;0.0
2001;VIVEIRO PARA CALOPSITA FP;146.12;249.0;0.0
1133;VIVEIRO TOKIO N1;129.87;222.0;0.0
764;VOADOR DE COLEIRO;45.0;100.0;0.0
1401;VOADOR GRANDE;150.0;200.0;0.0
1044;VOADOR PEQUENO;60.0;130.0;0.0
2137;VONAU VET 5MG;54.65;91.0;0.0
1809;WELLPET 100MG;38.33;73.5;0.0
1830;WELLPET 200MG;48.33;93.0;0.0
1831;WELLPET 400MG;55.41;107.0;0.0
1797;WELLPET 45MG;37.14;63.0;0.0
2275;WELLPET 560MG 40,1 - 56KG;71.44;115.0;0.0
1689;WHISKAS ANT BOLA DE PELO;3.92;6.5;0.0
447;WHISKAS CARNE OU PEIXE 10KG;119.0;178.9;0.0
64;WHISKAS CARNE VAREJO;12.9;19.9;0.0
2606;WHISKAS PACOTEIRA 900 GR ( TODOS );13.13;19.9;0.0
2897;WHISKAS PEIXE 500G (20);0.84;10.0;0.0
1731;WISKAS BOLA DE PELO 40G;7.51;11.5;0.0
794;XIXI PET GRAMINHA;16.9;29.0;0.0
1654;XIXI STOP 500 ML;10.9;19.9;0.0
1756;XO CHULE 120 ML;8.28;13.5;0.0
2456;XO GATINHO PETCLEAN;14.87;29.5;0.0
2318;XO GATO GRANULADO;18.43;32.5;0.0
2739;XO PASSAROS PASTILHAS 400G;41.06;58.0;0.0
2319;XO POMBO GEL 250 GR;15.64;33.0;0.0
2078;Z/D CANINE ULTRA 370G;45.0;72.0;0.0
2247;ZELOTRIL 150MG;66.37;99.9;0.0
1348;ZELOTRIL;50.0;27.3;42.0
2872;ZELOTRIL OTO 30ML;78.5;130.0;0.0
402;ZERO IN 250ML;10.0;20.0;0.0
371;ZERO IN 500ML;16.5;29.9;0.0
2916;ZITREX 100 6 COMP (12);37.99;65.0;0.0
2915;ZITREX SUSPENSAO 600 MG -20 MG-ML;23.85;41.0;0.0
